,date,Date (aggregated based on UTC),Raw_Moderated_cph,Raw_Mod_Coeff_of_Var,Raw_Mod_sqrt,Corrected_Mod_cph_for_Des,SWC_Des_cm3_cm3,Corrected_Mod_cph_for_UTS,SWC_UTS_cm3_cm3,Rhov_g_cm3,BaroPress_mb,SWC_5,SWC_10,SWC_20,SWC_50,WeightedTDR_SWC,WeightedTDR_SD,WeightedTDR_SE,sT_5,sT_10,sT_20,sT_50,PRISM_ppt_mm,BaroPress,airRH,airT,date.1,CRNS,Bare,scaled_stationary_N_Des,scaled_stationary_N_UTS,N0,TDR_pore_swc_g,TDR_tot_swc_g,NewName,ND
0,2023-07-01,2023-07-01,9194.297297297297,0.0073747977731746,135.6020131323885,2012.4687050054004,0.1945361011523978,1956.8685505062808,0.1725323651288006,5.2616760904817545e-06,699.0804347826087,0.0319565217391304,0.0468043478260869,0.1294782608695652,0.1175869565217391,0.0654329787424613,0.0,0.0,12.69111111111111,12.817391304347826,12.595652173913043,10.904347826086957,,699.0804347826087,59.80869565217391,9.306521739130435,2023-07-01,0.1725323651288006,847.215619220697,2668.281768500897,2594.562918509918,3890.3715848862776,0.06323962912640727,0.14023962912640725,F1,5813.682686191486
1,2023-07-02,2023-07-02,9201.041666666666,0.007371981399777,135.652432455561,2014.579865200972,0.1932676818059167,1959.118724261767,0.1713600158691406,5.242264154239936e-06,699.375,0.0311875,0.0457916666666666,0.1254375,0.1170833333333333,0.0638719485395632,0.001784574988483,0.0008648078371286,15.16875,13.904166666666669,12.695833333333333,10.6375,0.0,699.375,48.13958333333333,12.591666666666669,2023-07-02,0.1713600158691406,854.0077361559614,2671.080902840834,2597.546367441466,3883.6102052199535,0.061730925518782336,0.13873092551878233,F1,5802.115300866303
2,2023-07-03,2023-07-03,9264.1875,0.0073469234219785,136.11644709425136,2025.4636320990053,0.1876886350074862,1977.675858150952,0.163238525390625,4.476486510353274e-06,699.0395833333333,0.0293125,0.0442708333333333,0.1212708333333333,0.116625,0.0617070848297823,0.0042594544768985,0.0020641383171272,16.77446808510638,15.191666666666668,13.475,10.66875,0.15,699.0395833333333,36.90833333333333,14.360416666666666,2023-07-03,0.163238525390625,852.8742972384708,2685.5114163262883,2622.150805716202,3889.3539432279713,0.05963862923719917,0.13663862923719916,F1,5827.47038279898
3,2023-07-04,2023-07-04,9335.4375,0.0073187816815607,136.63919858222917,2022.4255320197128,0.1892605785757188,1973.9420458551483,0.1647974650065104,4.547284150481209e-06,697.8854166666666,0.0255833333333333,0.0420208333333333,0.1166249999999999,0.11525,0.058429460995686,0.0080064450893319,0.0038799358421359,16.97021276595745,15.9875,14.395833333333334,10.95,0.0,697.8854166666666,37.65,14.05,2023-07-04,0.1647974650065104,844.4760091015922,2681.4832756489727,2617.2002376645755,3860.216945326344,0.05647087316575479,0.1334708731657548,F1,5776.644592900118
4,2023-07-05,2023-07-05,9404.208333333334,0.007291930554466,137.14181675619673,2036.2212569425749,0.1821484640707057,1983.8860423885665,0.1605211893717447,4.8853834713395295e-06,697.5291666666667,0.0238958333333333,0.0404583333333333,0.1122083333333333,0.1136041666666666,0.0561712587490125,0.0105880295076654,0.0051309756984559,17.06595744680851,15.4125,13.9125,11.154166666666669,0.4601,697.5291666666667,41.97916666666666,13.954166666666666,2023-07-05,0.1605211893717447,850.5049599571668,2699.7746812262967,2630.3847331999154,3870.1918327702288,0.054288367106629286,0.13128836710662928,F1,5777.4045293607205
5,2023-07-06,2023-07-06,9565.708333333334,0.007230678238145,138.3107707541745,2051.5491603679334,0.1747420642496788,2006.1338713000723,0.1514663696289062,4.1950003798559084e-06,697.34375,0.021625,0.0389166666666666,0.1075208333333333,0.1116458333333333,0.0536135525267194,0.0135120078802284,0.0065479402017726,18.57659574468085,16.414583333333333,14.489583333333334,11.275,0.0,697.34375,34.85625,14.645833333333334,2023-07-06,0.1514663696289062,858.1979953616624,2720.097563841814,2659.882571415064,3880.4649446307935,0.05181639661070019,0.12881639661070018,F1,5810.157978898468
6,2023-07-07,2023-07-07,9797.770833333334,0.0071441352150358,139.9810360052239,2069.60774648203,0.1661687192301107,2028.918579759503,0.1425501505533854,3.7176327356030655e-06,695.8541666666666,0.0183541666666666,0.0367916666666666,0.1028541666666666,0.1097291666666666,0.0435693004722,0.0249946306771717,0.0121124372106824,18.22978723404255,16.41875,14.772916666666667,11.489583333333334,0.0,695.8541666666666,31.06458333333333,14.491666666666667,2023-07-07,0.1425501505533854,852.1187225805612,2744.0409901287926,2690.0922447539315,3837.8257201382467,0.04210883343708962,0.11910883343708961,F1,5733.352510909863
7,2023-07-08,2023-07-08,9810.3125,0.0071393865197124,140.07178352983755,2068.256738287804,0.1667177729363511,2028.2057927088547,0.1427129109700521,3.656401387337325e-06,695.4104166666666,0.0159166666666666,0.0354375,0.0987708333333333,0.1078333333333333,0.0420696107293583,0.0267090810450066,0.0129432625467093,19.448936170212768,17.075,15.133333333333333,11.679166666666667,0.0,695.4104166666666,28.75208333333333,15.214583333333332,2023-07-08,0.1427129109700521,855.0467573802134,2742.249722257256,2689.1471782854005,3823.5684248579378,0.04065941412339358,0.11765941412339356,F1,5709.023953030067
8,2023-07-09,2023-07-09,9824.8125,0.0071343376001942,140.17380594431907,2099.1311769173103,0.1529653783568055,2063.50894291492,0.1298967997233072,3.2002337300027864e-06,697.38125,0.0132291666666666,0.0336458333333333,0.0947083333333333,0.1059791666666666,0.040438924567474,0.0285732869605369,0.0138466596559239,18.846808510638297,16.741666666666667,15.110416666666666,11.86875,0.0,697.38125,22.95625,15.579166666666666,2023-07-09,0.1298967997233072,856.8765246685256,2783.1853658788996,2735.954739481857,3867.5861384985624,0.03908338946303056,0.11608338946303057,F1,5784.544750365441
9,2023-07-10,2023-07-10,9693.979166666666,0.0071826852831516,139.23500448035767,2095.52042063575,0.154487206382465,2050.665614876543,0.1346168518066406,4.06525407536768e-06,698.9125,0.0111875,0.0320416666666666,0.09125,0.1039166666666666,0.0389870653498699,0.0302330573107355,0.0146509869696815,18.017777777777777,16.760416666666668,15.295833333333334,11.995833333333332,0.0,698.9125,29.60625,16.006249999999998,2023-07-10,0.1346168518066406,854.9611799863242,2778.3979547094114,2718.9260930405762,3849.2461633705343,0.03768019736892744,0.11468019736892743,F1,5727.000516018452
10,2023-07-11,2023-07-11,9617.125,0.0072107752770089,138.685516470984,2098.1040305311767,0.1532739549940793,2049.576374022838,0.134710947672526,4.383945833533376e-06,699.7875,0.0108125,0.0311458333333333,0.0886458333333333,0.1025208333333333,0.0380055060340454,0.0313551792283518,0.0151947690101288,20.07708333333333,17.004166666666666,15.102083333333333,12.064583333333331,0.0,699.7875,32.05833333333333,16.337500000000002,2023-07-11,0.134710947672526,854.3184950607498,2781.8234982538847,2717.4818959187933,3846.037772222501,0.03673154046393421,0.11373154046393422,F1,5712.052606492002
11,2023-07-12,2023-07-12,9540.270833333334,0.0072396964505149,138.13067011549123,2093.124069727855,0.1554826828049847,2031.9375934658456,0.1413192749023437,5.580841338548881e-06,699.7666666666668,0.0095416666666666,0.0302083333333333,0.0860416666666666,0.1006875,0.0369758224319864,0.0325323169921659,0.0157652118158928,20.804255319148936,17.993750000000002,15.9125,12.23125,0.0,699.7666666666668,40.3625,16.320833333333333,2023-07-12,0.1413192749023437,854.070036400325,2775.220693158679,2694.095079288179,3828.5470926244648,0.03573637242538215,0.11273637242538215,F1,5643.944356575038
12,2023-07-13,2023-07-13,9723.083333333334,0.0071712869932445,139.4480032763488,2101.4962318055327,0.1517545778837357,2046.0193870859723,0.1359965006510416,5.023494124951869e-06,699.30625,0.0084166666666666,0.0291458333333333,0.08375,0.0988333333333333,0.0359750377808259,0.0336764173779259,0.0163196446564585,21.102127659574467,18.07708333333333,16.05,12.466666666666669,0.0,699.30625,34.045833333333334,17.397916666666667,2023-07-13,0.1359965006510416,856.464241799636,2786.321132822282,2712.7657761745068,3835.6637238497187,0.03476913462892033,0.11176913462892032,F1,5669.125837950192
13,2023-07-14,2023-07-14,9932.375,0.0070955196336284,140.93957294142248,2117.037941528673,0.1454207543860531,2068.389787856717,0.1282513936360677,4.358205145955848e-06,699.30625,0.0074791666666666,0.028125,0.0815,0.0972708333333333,0.0350201188879347,0.034768083874269,0.0168486679520113,20.12619047619048,18.3,16.279166666666665,12.652083333333332,0.0,699.30625,33.29375,16.020833333333332,2023-07-14,0.1282513936360677,860.0836589034781,2806.927495844199,2742.426129342819,3856.116735046558,0.03384622514515796,0.11084622514515796,F1,5715.965846226972
14,2023-07-15,2023-07-15,9971.75,0.0070813879178499,141.21938785448202,2153.9840963246443,0.1306625339826437,2114.1475019675995,0.113189697265625,3.4916583186728065e-06,699.8,0.0073333333333333,0.0286666666666666,0.0803333333333333,0.096,0.0348285217959325,0.0349871183155107,0.0169548123856211,24.8,22.766666666666666,18.066666666666663,12.633333333333333,0.0,699.8,22.9,17.875,2023-07-15,0.113189697265625,,2855.9134756078133,2803.0951345435815,3921.793244029111,0.03366105049358652,0.11066105049358652,F1,5840.34731245818
15,2023-08-01,2023-08-01,9299.625,0.0073329206091465,136.37648737965677,2114.4664419425208,0.1463343596575723,2017.827224125526,0.146728515625,8.876588579156351e-06,701.2222222222222,0.0132222222222222,0.0178888888888888,0.0796666666666666,0.0761111111111111,0.0239846140139669,0.0473839102348377,0.0229623171843971,29.43333333333333,22.344444444444445,16.233333333333334,13.4,6.0832,701.2222222222222,56.93333333333333,18.0,2023-08-01,0.146728515625,891.3784027778754,2803.5180090549775,2675.3864945713362,3757.559706277896,0.023180636494529887,0.10018063649452988,F1,5403.410858429724
16,2023-08-02,2023-08-02,9068.333333333334,0.0074266478225964,134.66501839362022,2087.349043139609,0.1586917830267535,2003.051860017699,0.1531194051106771,7.791680036150367e-06,701.3833333333333,0.0125652173913043,0.0166739130434782,0.076,0.0761521739130434,0.0231633214554195,0.0483228146554504,0.0234173117385632,19.03023255813953,17.593478260869563,15.917391304347827,13.45,6.2226,701.3833333333333,71.21249999999999,13.264583333333334,2023-08-02,0.1531194051106771,886.4519500767777,2767.5637302853193,2655.796209975198,3702.284302229075,0.022386874116521085,0.09938687411652108,F1,5351.278638574278
17,2023-08-03,2023-08-03,9112.895833333334,0.0074078889414392,134.99902519510678,2055.608377360644,0.1727801948870915,1982.6071894417664,0.1612421671549479,6.820396800441414e-06,700.4729166666666,0.0170434782608695,0.0172608695652173,0.072391304347826,0.076,0.0223396570223357,0.0492644306110261,0.0238736203068231,18.927906976744183,17.9,16.27173913043478,13.519565217391303,9.842999,700.4729166666666,64.05416666666666,12.61875,2023-08-03,0.1612421671549479,888.1203012855452,2725.4795778175344,2628.689134160759,3638.9616873428713,0.021590819370521413,0.09859081937052142,F1,5283.93061076662
18,2023-08-04,2023-08-04,9244.708333333334,0.0073546837560535,135.97312148033734,2079.8513229695045,0.1617159994333296,2018.206758107072,0.1468238830566406,5.656818981491025e-06,700.2041666666668,0.0199565217391304,0.0175434782608695,0.0702826086956521,0.0759782608695652,0.0218637161387552,0.0498085278330128,0.0241372906735887,17.31219512195122,17.004347826086956,15.92608695652174,13.558695652173911,0.8228,700.2041666666668,52.49375,12.63125,2023-08-04,0.1468238830566406,877.7270297018596,2757.622691209555,2675.889709155974,3677.758528053963,0.021130832288438692,0.09813083228843869,F1,5370.605813905091
19,2023-08-05,2023-08-05,9254.125,0.0073510605876302,136.04162905497884,2108.4485116601068,0.1490756463361777,2050.660310048185,0.1344591776529947,5.2171764177217366e-06,700.5229166666667,0.0223260869565217,0.018195652173913,0.0689782608695652,0.0757826086956521,0.0299863687819295,0.0405226839587346,0.0196373561745317,18.788372093023256,17.743478260869566,15.993478260869566,13.491304347826087,0.0,700.5229166666667,42.833333333333336,14.210416666666667,2023-08-05,0.1344591776529947,875.7309406974778,2795.5389862673255,2718.9190595017403,3798.357300040639,0.02898120912515203,0.10598120912515202,F1,5589.58438123176
20,2023-08-06,2023-08-06,9369.041666666666,0.0073058924539116,136.88335405523858,2138.309144682032,0.1368419164126105,2082.069249027524,0.123608907063802,5.005886380669382e-06,700.1625,0.023127659574468,0.0189787234042553,0.0681063829787234,0.0753829787234042,0.0300611517594231,0.0404371918068521,0.0195959265437019,20.144186046511628,18.42978723404256,16.48936170212766,13.559574468085106,0.0,700.1625,39.89791666666667,15.175,2023-08-06,0.123608907063802,880.5282533026448,2835.1304504675527,2760.563383728041,3852.792734532124,0.02905348533590315,0.10605348533590314,F1,5675.866499821185
21,2023-08-07,2023-08-07,9496.416666666666,0.0072565024211526,137.8121398448861,2153.579141250438,0.1310214657212329,2103.8568263226034,0.1165186564127604,4.376310103506324e-06,699.9083333333333,0.0207659574468085,0.0192127659574468,0.0669361702127659,0.0747234042553191,0.0288534876178725,0.0418177975231911,0.0202649702382398,19.634090909090908,18.11063829787234,16.4468085106383,13.653191489361705,0.0,699.9083333333333,37.34791666666667,13.991666666666667,2023-08-07,0.1165186564127604,866.8104375271208,2855.376555834165,2789.450985871453,3869.8426332244917,0.02788630276392342,0.10488630276392341,F1,5714.956379544685
22,2023-08-08,2023-08-08,9715.104166666666,0.007175036181181,139.38555733461672,2165.9311450614023,0.1267761607050753,2124.302571493872,0.1105028788248698,3.6293182239971135e-06,698.5083333333333,0.016595744680851,0.0190212765957446,0.0653191489361702,0.074,0.0205897794458219,0.0512648965534251,0.0248430492386756,18.75454545454545,17.472340425531915,16.142553191489363,13.653191489361705,0.0,698.5083333333333,30.61875,14.089583333333332,2023-08-08,0.1105028788248698,868.9674534899747,2871.7537678083313,2816.55948646489,3818.4421142795486,0.019899598657631298,0.09689959865763129,F1,5630.515768749651
23,2023-08-09,2023-08-09,9721.979166666666,0.0071719982458681,139.43810930386277,2155.641270809098,0.1303742060011209,2109.3186417351385,0.1150258382161458,4.074267261387013e-06,697.3125,0.0132127659574468,0.0189148936170212,0.0638723404255319,0.0737446808510638,0.0202440595420026,0.0516601247125159,0.0250345774241772,18.97317073170732,16.938297872340424,15.604255319148937,13.53404255319149,0.0,697.3125,40.49375,11.841666666666669,2023-08-09,0.1150258382161458,867.032683583194,2858.110681682668,2796.69266990457,3797.1757412252714,0.01956546747608749,0.09656546747608749,F1,5584.484810285463
24,2023-08-10,2023-08-10,9817.541666666666,0.0071367351943909,140.1235256083862,2157.6700551930844,0.1293800010670095,2108.8807215115644,0.1149037679036458,4.287060714471157e-06,697.75625,0.0101702127659574,0.0188936170212765,0.0627872340425532,0.073,0.019940658671067,0.0520069736106029,0.0252026609439513,18.48205128205128,17.840425531914892,16.05531914893617,13.438297872340426,0.0,697.75625,35.15416666666667,14.308333333333332,2023-08-10,0.1149037679036458,866.3586921749451,2860.800596000613,2796.112042466382,3797.999570260644,0.019272236770052926,0.09627223677005292,F1,5578.861252584679
25,2023-08-11,2023-08-11,9632.583333333334,0.0072051282096706,138.79602553366183,2139.585751676272,0.1363552646865973,2070.4395604154665,0.1274973551432291,6.18620489038069e-06,699.1625,0.0078723404255319,0.0181702127659574,0.0619361702127659,0.0727021276595744,0.0197255177971407,0.0522529233826806,0.0253218485890799,18.03617021276596,16.96808510638298,15.953191489361702,13.508510638297873,0.65,699.1625,58.01458333333333,12.322916666666666,2023-08-11,0.1274973551432291,863.461937776597,2836.823071654555,2745.1438713551456,3764.2310697161556,0.019064307537141487,0.09606430753714149,F1,5473.489696533779
26,2023-08-12,2023-08-12,9649.541666666666,0.0071986846582232,138.91885768593562,2142.256410016469,0.135347633789619,2068.335859532351,0.1281992594401041,6.616994457460361e-06,700.1791666666667,0.008,0.0174893617021276,0.0612340425531914,0.0723191489361702,0.0195370836691205,0.0524683419128393,0.0254262407465103,15.717777777777776,15.751063829787231,15.229787234042552,13.412765957446808,0.0,700.1791666666667,60.6375,12.4,2023-08-12,0.1281992594401041,863.081250949565,2840.3640305481363,2742.3546271304604,3767.230302413024,0.018882189825251007,0.09588218982525101,F1,5463.238965456662
27,2023-08-13,2023-08-13,9746.625,0.0071627805687744,139.61567430651712,2149.230399474608,0.132754066246169,2080.500734485832,0.1242256164550781,6.120536816879068e-06,700.275,0.0092127659574468,0.0172978723404255,0.0602978723404255,0.0717234042553191,0.0192790518661594,0.0527633247395281,0.0255691898867735,17.245238095238093,15.317021276595744,14.153191489361705,13.108510638297872,0.715,700.275,53.89166666666667,13.695833333333333,2023-08-13,0.1242256164550781,861.6078618154642,2849.6106682119103,2758.4837296470523,3777.1573191773045,0.018632807390954326,0.09563280739095431,F1,5491.57040760007
28,2023-08-14,2023-08-14,9736.416666666666,0.0071665010327395,139.54276328830937,2161.702505250213,0.1277841585591548,2106.2871263438024,0.1155967712402343,4.871941657525129e-06,702.3229166666666,0.0085106382978723,0.0176808510638297,0.0602978723404255,0.0710212765957446,0.0192230648999537,0.0528273292279654,0.0256002065622112,19.463414634146343,17.50851063829787,15.53404255319149,13.019148936170213,0.0034,702.3229166666666,40.04375,14.454166666666666,2023-08-14,0.1155967712402343,862.3219097240881,2866.147120367956,2792.673259699823,3798.5659899435054,0.01857869713880309,0.0955786971388031,F1,5560.355634264532
29,2023-08-15,2023-08-15,9613.375,0.0072120885710025,138.6590689988382,2166.823871987865,0.1258715939432139,2105.504451765501,0.1158383687337239,5.394800126595896e-06,704.25,0.0066808510638297,0.0174680851063829,0.0599148936170212,0.071,0.0191352433527745,0.0529277271166513,0.0256488595364639,20.26046511627907,17.846808510638297,16.04042553191489,13.238297872340429,0.0,704.25,41.68541666666667,15.322916666666666,2023-08-15,0.1158383687337239,863.6516923967289,2872.9374120439934,2791.6355311116686,3806.7625455044004,0.018493819418429404,0.09549381941842941,F1,5555.472853870858
30,2023-08-16,2023-08-16,9680.854166666666,0.0071870674022004,139.1438414426407,2160.0123052214053,0.1284244114702862,2089.619187498946,0.1209767659505208,6.240513015783348e-06,703.0500000000001,0.005595744680851,0.0169148936170212,0.0592978723404255,0.0707234042553191,0.0189744309811874,0.0531115683617727,0.0257379492920609,19.49767441860465,17.617021276595743,16.0531914893617,13.387234042553192,0.0,703.0500000000001,46.89791666666667,15.958333333333334,2023-08-16,0.1209767659505208,858.020074367635,2863.906126552365,2770.573657739504,3793.329522829171,0.018338397566428237,0.09533839756642823,F1,5510.502241763387
31,2023-08-17,2023-08-17,9797.666666666666,0.0071439631888499,139.98166353308204,2166.8367445210165,0.1259186405462584,2099.058609754806,0.1179097493489583,5.980410572115822e-06,701.8249999999999,0.005127659574468,0.0163191489361702,0.0584468085106383,0.0703404255319149,0.0187525038083272,0.053365276253661,0.0258608965342123,18.604761904761904,17.04042553191489,15.7,13.436170212765957,0.7629,701.8249999999999,44.01041666666666,16.241666666666667,2023-08-17,0.1179097493489583,864.3835513796262,2872.9544794127614,2783.0891508986515,3803.282730560791,0.01812390951507435,0.09512390951507435,F1,5531.5988546058725
32,2023-08-18,2023-08-18,9787.729166666666,0.0071480669127671,139.90755032517282,2159.842554007534,0.1286335588570946,2082.529486355593,0.1236050923665364,6.889385925328507e-06,700.78125,0.0052978723404255,0.0160212765957446,0.0598723404255319,0.0699148936170212,0.0190391485999828,0.0530375829618734,0.0257020958512814,18.79555555555556,17.306382978723402,15.865957446808512,13.43191489361702,0.0,700.78125,56.375,14.45,2023-08-18,0.1236050923665364,879.7799645908555,2863.6810576764983,2761.1736008552016,3793.621554780462,0.018400945814868428,0.09540094581486844,F1,5492.644414250632
33,2023-08-19,2023-08-19,9597.875,0.0072180860388256,138.5461127803641,2132.13521999389,0.1394195970095728,2060.008572504218,0.1311988830566406,6.48381143420206e-06,700.9583333333334,0.0087446808510638,0.0155744680851063,0.0633404255319148,0.0699361702127659,0.0198207546474193,0.0521440482945026,0.0252690875506635,17.00232558139535,16.0468085106383,15.01063829787234,13.4,0.8084,700.9583333333334,52.37291666666667,15.216666666666669,2023-08-19,0.1311988830566406,879.4111642839624,2826.944598610829,2731.3136861692533,3751.977385895957,0.019156351995555813,0.0961563519955558,F1,5447.0082688986795
34,2023-08-20,2023-08-20,9658.104166666666,0.0071956453950504,138.9794847032366,2157.962224299892,0.1293714819032431,2109.447095868125,0.1148923238118489,4.267387667150721e-06,701.7125,0.0129574468085106,0.0161702127659574,0.0607021276595744,0.0698936170212766,0.019224056132215,0.0528261960479039,0.0255996574213768,19.20952380952381,17.42340425531915,15.538297872340424,13.293617021276594,0.0,701.7125,30.554166666666664,17.21875,2023-08-20,0.1148923238118489,882.0340262650612,2861.187975689587,2796.8629840169256,3792.002551363364,0.018579655144411077,0.09557965514441108,F1,5565.7489953917575
35,2023-08-21,2023-08-21,9601.145833333334,0.0072170722307952,138.5683402161722,2172.6075566544287,0.1239247364524949,2122.764572067968,0.1107330322265625,4.355063288034473e-06,703.4250000000001,0.0143829787234042,0.0167234042553191,0.0598936170212765,0.0698297872340425,0.0190371470217402,0.0530398711728654,0.0257032047219155,18.67,18.248936170212765,16.314893617021276,13.46808510638298,0.0,703.4250000000001,31.258333333333336,16.935416666666665,2023-08-21,0.1107330322265625,871.2138913085773,2880.6058544461866,2814.520291610382,3816.024086298113,0.01839901133063491,0.09539901133063491,F1,5598.484382819548
36,2023-08-22,2023-08-22,9524.729166666666,0.0072456835766366,138.01757978080573,2163.644734266974,0.1271944082214275,2102.139648891531,0.1170450846354166,5.42196459133707e-06,703.7375000000001,0.0111702127659574,0.016595744680851,0.0588723404255319,0.0698297872340425,0.0188074804285516,0.0533024267961542,0.0258304395885743,18.33409090909091,17.75744680851064,16.43617021276596,13.651063829787237,0.0,703.7375000000001,40.922916666666666,15.620833333333332,2023-08-22,0.1170450846354166,863.9860375452425,2868.72227309594,2787.174223394991,3798.18277102318,0.018177043288600054,0.09517704328860005,F1,5542.933437458187
37,2023-08-23,2023-08-23,9570.958333333334,0.0072282631919669,138.35148172206684,2169.240233542186,0.1251426405871516,2097.248382822851,0.1185480753580729,6.355561852596084e-06,702.81875,0.0094042553191489,0.0162553191489361,0.0577872340425532,0.0695106382978723,0.0185380110522861,0.0536104850951882,0.0259797251232346,19.413636363636364,17.17659574468085,15.75744680851064,13.640425531914897,2.5361,702.81875,51.739583333333336,14.714583333333332,2023-08-23,0.1185480753580729,881.5654696860714,2876.141205208809,2780.689016423332,3805.533657939588,0.017916606674778346,0.09491660667477833,F1,5523.12149894435
38,2023-08-24,2023-08-24,9516.354166666666,0.0072489093046461,137.95664824900624,2132.462213837706,0.1392124509296166,2050.492295535349,0.1344744364420572,7.40122985333164e-06,700.9270833333334,0.0109787234042553,0.0161063829787234,0.0594468085106383,0.0689148936170212,0.0188637151736794,0.0532381390460181,0.0257992856440733,16.648837209302325,16.865957446808512,15.770212765957448,13.612765957446808,2.6854,700.9270833333334,69.41875,12.372916666666669,2023-08-24,0.1344744364420572,909.5721392986942,2827.378151544942,2718.6962932742067,3743.9499274418386,0.018231393013986963,0.09523139301398695,F1,5405.230481120377
39,2023-08-25,2023-08-25,9257.625,0.0073496162692521,136.06766834059354,2083.29119749666,0.1599027155287531,1986.354849310288,0.1595471700032552,9.037824968415646e-06,700.9562500000001,0.0197234042553191,0.015595744680851,0.0749574468085106,0.0689787234042553,0.0223568662819319,0.049244756927462,0.0238640864089252,14.404255319148936,15.03191489361702,14.959574468085108,13.53404255319149,5.6015997,700.9562500000001,94.40833333333336,10.3,2023-08-25,0.1595471700032552,919.0137903435324,2762.1835345478444,2633.6580623616533,3688.116511610677,0.02160745176622339,0.09860745176622338,F1,5293.883266968905
40,2023-08-26,2023-08-26,8979.541666666666,0.0074624321034418,134.00918573734322,2043.435053994672,0.1785588492444006,1953.4625600581887,0.1740544637044271,8.52798525168633e-06,702.0166666666668,0.0523829787234042,0.0158085106382978,0.0744468085106382,0.0688297872340425,0.0420128966996842,0.0267739167148511,0.01297468201396,15.079545454545457,14.687234042553191,14.040425531914892,13.24255319148936,9.3572,702.0166666666668,79.87916666666666,12.41875,2023-08-26,0.1740544637044271,919.760256660026,2709.339273762768,2590.0470012219976,3777.2401816682,0.04060460117934329,0.1176046011793433,F1,5498.323220451552
41,2023-08-27,2023-08-27,9085.354166666666,0.007418956979112,134.79578739603394,2054.065862392816,0.173576506435948,1974.018124046496,0.1649195353190104,7.5075787617652835e-06,702.1999999999999,0.061127659574468,0.0166595744680851,0.0694255319148936,0.0687872340425532,0.0441827895775618,0.0242932878645197,0.0117725653841636,15.042222222222222,15.355319148936172,14.791489361702128,13.129787234042556,4.5638,702.1999999999999,70.71666666666667,12.020833333333334,2023-08-27,0.1649195353190104,915.0551595466064,2723.434395919273,2617.3011078298846,3813.757509452047,0.04270175804852864,0.11970175804852864,F1,5586.369520655163
42,2023-08-28,2023-08-28,9273.6875,0.0073432657398914,136.18556144105625,2083.283411756847,0.1603043989050211,2008.6204893573035,0.1509106953938802,6.892706828149772e-06,701.8208333333333,0.0610212765957446,0.0169361702127659,0.0664042553191489,0.0688510638297872,0.043468272806517,0.0251101258450346,0.0121684063500925,14.517777777777775,14.295744680851064,13.808510638297872,13.029787234042551,2.3274999,701.8208333333333,64.91875,12.364583333333334,2023-08-28,0.1509106953938802,913.5215644134609,2762.1732116307494,2663.17951591454,3862.390539892723,0.04201119227460417,0.11901119227460416,F1,5679.057469075993
43,2023-08-29,2023-08-29,9324.541666666666,0.007323055543301,136.55943869693135,2098.614931145564,0.1530167309131349,2045.188287088211,0.1363042195638021,4.838534522873826e-06,702.6895833333333,0.0568936170212765,0.0178510638297872,0.0647872340425532,0.0686170212765957,0.0415271368178822,0.0273292390486938,0.0132437920875288,15.066666666666666,14.685106382978724,13.706382978723406,12.82127659574468,0.9953,702.6895833333333,42.833333333333336,13.472916666666668,2023-08-29,0.1363042195638021,904.8769117237996,2782.500888561369,2711.6638415375546,3875.3584256283643,0.04013512423728698,0.11713512423728697,F1,5749.394134511694
44,2023-08-30,2023-08-30,9572.270833333334,0.0072277540756742,138.36105721254876,2119.3815374534315,0.1444343342149809,2070.447206063828,0.1276028951009114,4.384120989696889e-06,701.125,0.0505106382978723,0.0192978723404255,0.0640851063829787,0.0684893617021276,0.0389484921629254,0.0302771543080386,0.0146723564437062,16.830232558139535,16.14468085106383,14.727659574468086,12.787234042553193,0.0,701.125,33.447916666666664,15.327083333333334,2023-08-30,0.1276028951009114,896.3820996919341,2810.0348108862727,2745.154008528499,3892.7613857631936,0.03764291717653096,0.11464291717653097,F1,5782.537361947038
45,2023-08-31,2023-08-31,9836.770833333334,0.0071298720559777,140.2599248589137,2144.16687563917,0.13452304289127,2097.742389896212,0.1184260050455729,4.099988072387551e-06,698.8333333333334,0.0440851063829787,0.0203829787234042,0.0636170212765957,0.0686595744680851,0.0429063070321963,0.0257525670120117,0.012479734346776,18.07857142857143,17.114893617021277,15.28936170212766,12.961702127659576,0.0,698.8333333333334,30.110416666666666,16.341666666666665,2023-08-31,0.1184260050455729,889.3179242075694,2842.8970689887947,2781.344008008583,3970.710058373589,0.04146806390366981,0.11846806390366982,F1,5917.474578889126
46,2023-09-01,2023-09-01,9894.458333333334,0.0071090360096794,140.6707399580885,2154.9774071839925,0.1303837867170145,2106.228104526538,0.115698496500651,4.287655543400303e-06,699.2604166666666,0.0363617021276595,0.0206595744680851,0.0632340425531914,0.0690425531914893,0.0400218122980247,0.0290501311126018,0.0140777390795716,18.02,17.28510638297872,15.863829787234042,13.219148936170212,0.0,699.2604166666666,30.691666666666663,16.502083333333335,2023-09-01,0.115698496500651,898.4359390156678,2857.2304815567063,2792.5950041530123,3967.036128752751,0.03868025902741538,0.11568025902741538,F1,5898.3507318254
47,2023-09-02,2023-09-02,9414.5625,0.0072883309306177,137.2146876098007,2091.962177930453,0.156107082172292,2023.9318509438729,0.1444129943847656,6.226401639510089e-06,701.3666666666667,0.0333829787234042,0.0203617021276595,0.0917872340425531,0.0756595744680851,0.0457509688455965,0.0225005400406807,0.0109037969782087,15.615909090909092,15.73191489361702,15.017021276595743,13.259574468085107,0.0,701.3666666666667,56.09583333333333,12.939583333333331,2023-09-02,0.1444129943847656,901.4244645135844,2773.680169973266,2683.480466120997,3896.431423243054,0.044217371080675076,0.12121737108067507,F1,5749.927480939248
48,2023-09-03,2023-09-03,9374.791666666666,0.0073035995478683,136.92567032976137,2093.409477829724,0.1553368133479707,2016.778079640827,0.1470998128255208,7.0385446811335045e-06,700.3874999999999,0.0329787234042553,0.0203829787234042,0.0818085106382978,0.0738936170212765,0.0432202098105057,0.0253937122980245,0.0123058327897949,13.791111111111112,14.491489361702127,14.329787234042554,13.129787234042556,0.0,700.3874999999999,64.68124999999999,12.533333333333331,2023-09-03,0.1470998128255208,902.9464823316504,2775.59910860082,2673.995460219307,3879.2012131607767,0.041771444487337994,0.11877144448733798,F1,5694.191302613338
49,2023-09-04,2023-09-04,9885.3125,0.0071136001101421,140.59731849342532,2095.484501343132,0.1544765650330839,2035.358395783764,0.1401710510253906,5.4808617043521644e-06,694.3020833333334,0.0347021276595744,0.0207021276595744,0.0759574468085106,0.0729148936170212,0.04257862396064,0.026127175403677,0.0126612701606572,15.204347826086956,14.391489361702128,13.629787234042556,12.878723404255318,0.7919,694.3020833333334,52.65,11.945833333333333,2023-09-04,0.1401710510253906,904.6826587616345,2778.3503302204485,2698.630635262712,3877.954309820938,0.041151364949801546,0.11815136494980155,F1,5736.91493676337
50,2023-09-05,2023-09-05,9969.604166666666,0.0070822526549416,141.2035056051324,2123.903508079718,0.1426391685128033,2069.749607687628,0.1278432210286458,4.8498146711984015e-06,696.2291666666666,0.0343404255319148,0.0213404255319148,0.0723191489361702,0.0724255319148936,0.0417876186367416,0.0270314553555737,0.013099485643002,15.04390243902439,14.895744680851063,13.974468085106382,12.74468085106383,0.0,696.2291666666666,58.04166666666666,9.3625,2023-09-05,0.1278432210286458,896.265076421687,2816.0303782954984,2744.229080342376,3924.163934779461,0.040386874561594795,0.1173868745615948,F1,5822.024684110315
51,2023-09-06,2023-09-06,9969.958333333334,0.0070821809010892,141.20565299876316,2150.1962984657894,0.1323432788807572,2110.849627833633,0.1144078572591145,3.4546010047980848e-06,699.6041666666666,0.0332978723404255,0.0219361702127659,0.0696595744680851,0.0715106382978723,0.0409121314269655,0.0280323152841021,0.0135845039334327,16.228571428571428,15.648936170212766,14.331914893617022,12.704255319148936,0.0,699.6041666666666,31.854166666666668,13.102083333333333,2023-09-06,0.1144078572591145,891.1205702971606,2850.8913294524914,2798.722565964211,3965.564014146991,0.039540734167023,0.11654073416702299,F1,5923.874674187617
52,2023-09-07,2023-09-07,10022.541666666666,0.0070634933393455,141.57810935059612,2157.1603385345684,0.1297423400774664,2119.910500553024,0.1115875244140625,3.252862744835588e-06,700.1166666666667,0.0305531914893617,0.0219148936170212,0.0675531914893617,0.0711914893617021,0.0393696905363966,0.0297956389080862,0.0144390133260091,16.854761904761904,16.151063829787233,14.77659574468085,12.782978723404254,0.0,700.1166666666667,28.09583333333333,13.641666666666666,2023-09-07,0.1115875244140625,885.7933599920628,2860.1247754705164,2810.736149789751,3965.6503167597457,0.03804999674770261,0.11504999674770261,F1,5926.836807844529
53,2023-09-08,2023-09-08,10065.145833333334,0.0070486906167403,141.87760359314842,2190.7868033717823,0.1174974379156876,2158.4184572166228,0.1002998352050781,2.7776071476395853e-06,701.96875,0.026063829787234,0.021595744680851,0.065531914893617,0.0706382978723404,0.0370741962660009,0.0324198556936096,0.0157107128943048,17.21951219512195,16.378723404255318,14.972340425531916,12.891489361702128,0.0,701.96875,22.92708333333333,14.297916666666666,2023-09-08,0.1002998352050781,884.3393828708591,2904.709261599971,2861.7928834682143,4008.020544066368,0.03583144871410355,0.11283144871410355,F1,5997.651887277304
54,2023-09-09,2023-09-09,10023.666666666666,0.0070630827699384,141.58614860327793,2192.432796654984,0.1168435131464371,2160.223779543268,0.0997594197591145,2.7638601952274106e-06,702.8645833333334,0.021,0.0209148936170212,0.0635531914893617,0.07,0.0344496127184938,0.0354202884497278,0.0171647273117512,17.425,16.50851063829787,15.121276595744682,12.985106382978724,0.0,702.8645833333334,22.525,14.172916666666666,2023-09-09,0.0997594197591145,878.1380446636066,2906.8916428005923,2864.186515050397,3988.5328070123724,0.033294842657868605,0.1102948426578686,F1,5964.617839083479
55,2023-09-10,2023-09-10,9979.729166666666,0.0070786536111008,141.2752317988222,2187.9969259173104,0.1184361251794351,2138.487526209771,0.1061070760091145,4.300687024519075e-06,701.2145833333334,0.0159787234042553,0.0198723404255319,0.0621489361702127,0.07,0.0195579000128998,0.0524445445984816,0.025414708530665,16.058695652173913,15.902127659574468,15.272340425531914,13.085106382978724,0.0,701.2145833333334,40.59375,12.039583333333333,2023-09-10,0.1061070760091145,884.6778807501979,2901.0102330736618,2835.366962060066,3847.8583538483063,0.018902308393680425,0.09590230839368041,F1,5650.010111091307
56,2023-09-11,2023-09-11,9886.895833333334,0.0071119145985392,140.61591714507242,2153.820010602444,0.1309406946056062,2085.5958404698285,0.1224746704101562,6.061228222471648e-06,699.1208333333334,0.0157021276595744,0.0189574468085106,0.0604468085106382,0.0698723404255319,0.0191649429091844,0.0528937744836787,0.0256324060372972,13.113953488372092,13.702127659574469,13.76808510638298,12.953191489361702,3.9145,699.1208333333334,77.95208333333333,7.520833333333333,2023-09-11,0.1224746704101562,902.86678286695,2855.695918465221,2765.2392028486306,3784.186729873175,0.018522523429291775,0.09552252342929177,F1,5502.708534912891
57,2023-09-12,2023-09-12,9944.0,0.0070913093341971,141.0224359535927,2140.611841937477,0.1358633484708707,2091.489549159125,0.120428721110026,4.3520658808179205e-06,697.9875000000001,0.0176170212765957,0.0185106382978723,0.0592765957446808,0.0691489361702127,0.0188440997302166,0.0532605634870871,0.0258101525633705,11.753658536585366,12.104255319148937,12.180851063829786,12.52127659574468,0.61079997,697.9875000000001,49.47916666666666,9.70625,2023-09-12,0.120428721110026,883.8240307903379,2838.183538990022,2773.053523342356,3758.0807740973046,0.01821243509103163,0.09521243509103164,F1,5514.248192284358
58,2023-09-13,2023-09-13,10019.354166666666,0.0070646787294885,141.55517755642035,2156.6601329107457,0.1298382443071686,2104.0365986927604,0.1164232889811198,4.631903570091427e-06,696.3229166666666,0.0190212765957446,0.0185744680851063,0.0593404255319148,0.0687872340425532,0.0188296121218213,0.0532771257698265,0.0258181786715511,12.632608695652175,12.982978723404257,12.863829787234042,12.161702127659575,0.0,696.3229166666666,53.30833333333334,9.060416666666669,2023-09-13,0.1164232889811198,886.7360128716592,2859.4615653827136,2789.689341547036,3786.123304666877,0.01819843311527788,0.09519843311527787,F1,5545.792045318181
59,2023-09-14,2023-09-14,9928.145833333334,0.0070969714761367,140.9099582275639,2144.4899381381542,0.1344918274201656,2078.39626531992,0.124799092610677,5.8875818673265004e-06,696.3729166666667,0.0191702127659574,0.0180851063829787,0.0585106382978723,0.0686595744680851,0.0186328285664545,0.0535020893934646,0.0259271963962455,10.47391304347826,11.44255319148936,11.919148936170211,11.961702127659576,1.2810999,696.3729166666667,79.79375,6.360416666666667,2023-09-14,0.124799092610677,910.032340594038,2843.3254094514223,2755.6934667754817,3762.973970841029,0.018008245853460673,0.09500824585346068,F1,5475.290294980076
60,2023-09-15,2023-09-15,9585.645833333334,0.0072227029326742,138.4577239092345,2068.129694146949,0.1668758222802401,2002.4731019207404,0.1529210408528646,6.071892850140765e-06,697.6479166666667,0.0218297872340425,0.0176382978723404,0.0889148936170212,0.0688723404255319,0.0337313076110279,0.0362414572692057,0.0175626670090311,8.92608695652174,9.914893617021276,10.725531914893615,11.55531914893617,9.7661,697.6479166666667,95.26875,4.05,2023-09-15,0.1529210408528646,922.8648833283356,2742.0812776180946,2655.0288491339356,3756.544910246753,0.032600615534653904,0.10960061553465389,F1,5514.651845910346
61,2023-09-16,2023-09-16,9557.916666666666,0.007233120254436,138.2576586026381,2090.880002473067,0.1564017494797654,2034.2673762399647,0.1403757731119791,5.155443014158239e-06,699.99375,0.0298723404255319,0.0182765957446808,0.0814680851063829,0.0689574468085106,0.0351007591418723,0.0346758956642172,0.0168039934008951,10.02093023255814,9.963829787234042,10.01276595744681,11.074468085106384,5.4781,699.99375,70.83749999999999,6.858333333333333,2023-09-16,0.1403757731119791,915.538035294266,2772.2453406832105,2697.1840798203552,3809.1322285582173,0.03392416229320903,0.11092416229320903,F1,5623.535730070812
62,2023-09-17,2023-09-17,9651.6875,0.007198023415782,138.93339607659954,2113.834358946238,0.1467701212230386,2071.1118750881574,0.1273078918457031,3.8211164182175305e-06,700.6750000000001,0.0334680851063829,0.0193191489361702,0.0757872340425531,0.0689787234042553,0.0351828894007002,0.0345820040755536,0.0167584933898332,11.9225,11.963829787234042,11.106382978723405,10.851063829787234,0.0244,700.6750000000001,39.80833333333333,10.39375,2023-09-17,0.1273078918457031,901.181102148506,2802.6799460674806,2746.0352765130865,3851.6308190360073,0.03400353950036285,0.11100353950036285,F1,5726.561508672076
63,2023-09-18,2023-09-18,9621.791666666666,0.0072092653476174,138.71762763303684,2120.074378746784,0.1441879933499474,2073.0348472609435,0.1266390482584635,4.203240390868922e-06,698.6875,0.032595744680851,0.0198085106382978,0.0714893617021276,0.0689574468085106,0.0338852347583871,0.0360654872356242,0.0174773916548862,11.754545454545456,12.355319148936172,11.917021276595746,10.972340425531916,0.0,698.6875,50.0625,8.741666666666667,2023-09-18,0.1266390482584635,898.9121299322784,2810.953431775591,2748.584897074747,3852.184336125615,0.03274938295894916,0.10974938295894915,F1,5712.117078126422
64,2023-09-19,2023-09-19,9525.208333333334,0.0072455543457349,138.02071498047567,2102.838486580691,0.1514429484561686,2045.575038726112,0.1363601684570312,5.185110997634741e-06,696.2583333333333,0.0313125,0.0194583333333333,0.067875,0.0689375,0.0325862148975537,0.0375505311181078,0.0181970462484673,10.113043478260868,10.641666666666667,10.941666666666668,10.979166666666666,4.08,696.2583333333333,70.83125,6.520833333333333,2023-09-19,0.1363601684570312,895.2747279854266,2788.1007947550765,2712.176625831682,3810.0637079315584,0.031493906961894594,0.10849390696189459,F1,5615.737440937237
65,2023-09-20,2023-09-20,9604.9375,0.0072159314083621,138.59387872141286,2103.93786541739,0.1510977720669383,2059.2401867893864,0.1316172281901041,4.023551246157598e-06,695.3041666666667,0.031,0.0198085106382978,0.0656595744680851,0.0687021276595744,0.0319512200361987,0.0382764593834838,0.0185488322239192,10.111627906976745,10.406382978723403,10.37659574468085,10.736170212765956,0.3195,695.3041666666667,52.364583333333336,7.920833333333333,2023-09-20,0.1316172281901041,893.6470089455194,2789.5584335741764,2730.2949028267035,3806.748954386509,0.030880197479290748,0.10788019747929076,F1,5643.2085448817425
66,2023-09-21,2023-09-21,9833.5625,0.0071310226554174,140.23713099540154,2126.0942146327,0.1417267513289697,2083.3424332302,0.1231498718261718,3.800748231093008e-06,694.0833333333334,0.0306170212765957,0.0203404255319148,0.0646595744680851,0.0684468085106383,0.0380239709768383,0.0313340700435258,0.0151845394660688,11.823255813953487,11.55744680851064,10.91063829787234,10.591489361702129,0.7685,694.0833333333334,48.31875,8.1625,2023-09-21,0.1231498718261718,899.3600079557787,2818.93498115512,2762.2514667215773,3897.49857840411,0.03674938645163805,0.11374938645163804,F1,5804.000160962879
67,2023-09-22,2023-09-22,10087.375,0.0070407069913812,142.03562689097342,2154.850503332173,0.1304031570096569,2126.968462086919,0.1093470255533854,2.4297511695893467e-06,694.2270833333333,0.0295531914893617,0.0204255319148936,0.0634893617021276,0.0682978723404255,0.0373742140206812,0.0320768743854265,0.0155445036146614,11.752380952380951,11.661702127659575,11.04255319148936,10.591489361702129,0.6701,694.2270833333333,29.36458333333333,8.622916666666667,2023-09-22,0.1093470255533854,896.9392384651125,2857.0622229232577,2820.0941239221347,3944.786716136288,0.036121409707809735,0.11312140970780973,F1,5915.484216775778
68,2023-09-23,2023-09-23,10114.291666666666,0.0070314441689493,142.22424949231495,2165.3426109612096,0.1267407835790931,2133.99270973122,0.107465108235677,2.723716437496943e-06,695.4895833333334,0.0273617021276595,0.0201702127659574,0.0623829787234042,0.068,0.0361929068360868,0.0334273487397527,0.0161989456039305,11.511904761904765,11.53404255319149,11.063829787234043,10.58936170212766,0.0,695.4895833333334,40.7375,5.90625,2023-09-23,0.107465108235677,888.1926185238534,2870.973445209635,2829.4073976540976,3954.038431090092,0.03497970059302001,0.11197970059302001,F1,5915.981928683736
69,2023-09-24,2023-09-24,10205.479166666666,0.0069998341673864,142.86479200089914,2178.6600408737813,0.1216915067172106,2152.543637440984,0.1018956502278645,2.2478832915865806e-06,697.1979166666666,0.0244680851063829,0.0198510638297872,0.0614893617021276,0.0677872340425532,0.028473646023512,0.0422520337138957,0.020475401777015,11.326190476190476,11.357446808510636,10.914893617021276,10.538297872340426,0.0,697.1979166666666,31.01458333333333,6.772916666666667,2023-09-24,0.1018956502278645,878.6736285488831,2888.63069143196,2854.0036073112356,3911.56994787423,0.02751919366976639,0.10451919366976639,F1,5841.851807914847
70,2023-09-25,2023-09-25,9671.416666666666,0.0071916431083714,139.0690445562254,2188.137335418696,0.1185479471992757,2162.786960009369,0.0991706848144531,2.17034304923324e-06,700.69375,0.0213191489361702,0.0194680851063829,0.0604468085106382,0.0675106382978723,0.027027924989052,0.0439047868724389,0.0212763285486954,11.469047619047618,11.272340425531914,10.795744680851064,10.455319148936171,0.0,700.69375,25.07708333333333,9.327083333333333,2023-09-25,0.0991706848144531,875.9506497726851,2901.1963985090497,2867.584971727047,3915.7588056366417,0.026121934003515448,0.10312193400351544,F1,5844.042202519078
71,2023-09-26,2023-09-26,9640.395833333334,0.0072023658111875,138.85129027085162,2164.744634583921,0.1269092482510891,2135.277869218145,0.1069691975911458,2.55424823755802e-06,700.8041666666667,0.018063829787234,0.0191914893617021,0.0593829787234042,0.0673404255319149,0.0187238144813257,0.0533980739889695,0.0258767903681604,12.871428571428572,12.110638297872342,11.174468085106383,10.417021276595746,0.0,700.8041666666667,24.30208333333333,11.827083333333334,2023-09-26,0.1069691975911458,870.016839327312,2870.1806033326184,2831.111358376592,3799.3480768306845,0.018096181870172194,0.09509618187017219,F1,5626.21023460196
72,2023-09-27,2023-09-27,9807.854166666666,0.0071403957135048,140.05347579917688,2172.8891044489696,0.1237414592597704,2139.2017645426763,0.1057039896647135,2.916585462072632e-06,698.9458333333333,0.0148936170212765,0.0188723404255319,0.0589361702127659,0.0671489361702127,0.0186080661742041,0.0535303978437321,0.0259409147156248,13.704761904761906,12.808510638297872,11.73404255319149,10.538297872340426,0.0,698.9458333333333,27.772916666666664,12.25,2023-09-27,0.1057039896647135,874.433690693205,2880.979151603686,2836.313952747332,3812.5789082983943,0.01798431351028612,0.0949843135102861,F1,5634.2142490698825
73,2023-09-28,2023-09-28,10139.354166666666,0.0070228179092615,142.39987742721155,2182.5488272484176,0.1202755337390755,2152.6651761376083,0.1018320719401041,2.5711090529118624e-06,696.2229166666666,0.0121489361702127,0.0183617021276595,0.0581063829787234,0.067,0.0184095860441039,0.0537573009973228,0.026050872339575,13.592857142857142,12.819148936170214,11.917021276595746,10.704255319148936,0.0,696.2229166666666,23.758333333333336,12.714583333333332,2023-09-28,0.1018320719401041,880.4755287836206,2893.786735726824,2854.164752420008,3827.6948060986388,0.01779248654385837,0.09479248654385836,F1,5666.83581731937
74,2023-09-29,2023-09-29,10426.270833333334,0.0069253770121747,144.40155448762923,2204.683963295902,0.1126008488079639,2174.66431227115,0.0957298278808593,2.5563016349320863e-06,694.9604166666667,0.0098936170212765,0.0176808510638297,0.057127659574468,0.067,0.0181894888922981,0.0540089168029745,0.0261728057534563,13.28780487804878,12.736170212765956,11.895744680851063,10.78936170212766,0.0,694.9604166666667,25.141666666666666,11.752083333333331,2023-09-29,0.0957298278808593,875.4062932704061,2923.135157300729,2883.332855119891,3864.459347137731,0.017579767170241577,0.09457976717024158,F1,5720.925114002642
76,2023-10-01,2023-10-01,10635.5,0.0068571142920494,145.84184939386932,2204.3998118991503,0.1129812209223397,2156.247123480637,0.1011301676432291,4.1438637769943465e-06,693.1833333333334,0.0068510638297872,0.0168085106382978,0.0557446808510638,0.0669787234042553,0.0178767854726217,0.0543664004061307,0.0263460428679792,14.125581395348837,13.172340425531916,12.182978723404256,10.85531914893617,0.5365,693.1833333333334,47.56666666666666,9.808333333333334,2023-10-01,0.1011301676432291,868.2632677571486,2922.758408092376,2858.913966540636,3861.037711880295,0.01727754574204207,0.09427754574204206,F1,5666.106805161609
77,2023-10-02,2023-10-02,10595.270833333334,0.0068700672705066,145.5661389022642,2191.297655586119,0.1174051147027339,2138.18812270136,0.1061808268229166,4.6032300657921e-06,693.36875,0.0055106382978723,0.0158723404255319,0.0551489361702127,0.067,0.0177445098679952,0.0545176183230965,0.0264193233076078,10.97111111111111,11.719148936170212,11.806382978723404,10.929787234042552,0.8559,693.36875,61.57916666666667,6.98125,2023-10-02,0.1061808268229166,917.8401015754616,2905.386587735042,2834.969990459498,3836.858480921278,0.017149704088799053,0.09414970408879905,F1,5616.846341017939
79,2023-10-04,2023-10-04,9861.395833333334,0.0071209621928669,140.4353965169374,2045.5542246971647,0.1775249483007644,2004.3392249789767,0.1520563761393229,3.808407114551487e-06,694.4499999999999,0.0140851063829787,0.0138297872340425,0.0528085106382978,0.066,0.0171384515794632,0.0552104662009077,0.026755078475385,3.919148936170212,5.280851063829787,7.257446808510639,9.925531914893616,2.8126,694.4499999999999,76.87708333333333,0.6145833333333334,2023-10-04,0.1520563761393229,941.5154164751444,2712.1490290328693,2657.503094880807,3576.396105432764,0.016563961209102255,0.09356396120910226,F1,5255.652355994785
80,2023-10-05,2023-10-05,9642.145833333334,0.0072015030002102,138.86522898898727,2083.1326154353733,0.1599092879280154,2041.5568154260784,0.1377105712890625,3.771336743883029e-06,699.1437500000001,0.0320851063829787,0.014531914893617,0.0527446808510638,0.0657446808510638,0.0292208674905793,0.0413978076146759,0.0200614424701477,6.465909090909091,6.557446808510638,6.955319148936169,9.127659574468083,0.0,699.1437500000001,63.60833333333333,3.5104166666666665,2023-10-05,0.1377105712890625,918.3435969211272,2761.9732745711844,2706.84896436466,3746.339621522819,0.0282413678602249,0.1052413678602249,F1,5551.675746933487
81,2023-10-06,2023-10-06,9522.3125,0.0072466716036937,137.99963753678784,2089.9404943398204,0.1569315979592808,2048.384573606461,0.135284423828125,3.7585413668233847e-06,700.4499999999999,0.0374680851063829,0.0151914893617021,0.0535744680851063,0.0654893617021276,0.0314200262480959,0.0388837219121178,0.0188431125973114,7.329545454545454,7.595744680851064,7.708510638297873,8.763829787234043,0.0,700.4499999999999,54.575,6.002083333333334,2023-10-06,0.135284423828125,914.078064378005,2770.999670419089,2715.9017176458087,3777.0015358142464,0.030366809600586804,0.10736680960058681,F1,5605.235177363288
82,2023-10-07,2023-10-07,9591.6875,0.0072203519887668,138.50183967935598,2103.8531336926644,0.1507909108126072,2068.369632506369,0.1281178792317708,3.177597794138514e-06,700.3291666666668,0.0370851063829787,0.0159787234042553,0.0543617021276595,0.0656382978723404,0.031464302771389,0.0388331048414813,0.0188185834855277,7.967441860465117,8.082978723404254,8.02127659574468,8.708510638297872,0.0,700.3291666666668,40.33958333333333,7.827083333333333,2023-10-07,0.1281178792317708,907.3044392548536,2789.4460899060555,2742.3994058694366,3802.516259506027,0.030409601950344915,0.10740960195034491,F1,5660.929863748602
83,2023-10-08,2023-10-08,9780.041666666666,0.0071505984540893,139.8543847009309,2108.015925004748,0.149004309260127,2075.78171975694,0.1255925496419271,2.8775483624425034e-06,698.9979166666667,0.0357659574468085,0.0163829787234042,0.0546595744680851,0.0658936170212766,0.0310534634102984,0.0393027777835713,0.0190461877295791,8.390476190476189,8.587234042553192,8.342553191489362,8.71063829787234,0.0,698.9979166666667,35.2,8.497916666666667,2023-10-08,0.1255925496419271,902.5638896160846,2794.9654304734295,2752.226906405493,3806.584262878778,0.030012534151732842,0.10701253415173284,F1,5674.016916307189
84,2023-10-09,2023-10-09,10091.729166666666,0.0070392331752614,142.06597957571094,2129.3108000427824,0.1402806833109467,2096.168870833823,0.1188379923502604,2.9275839611149926e-06,695.6354166666666,0.0339361702127659,0.0169361702127659,0.055127659574468,0.066,0.0304761802377057,0.0399627298518712,0.0193660015364957,8.821739130434782,8.840425531914894,8.548936170212766,8.72340425531915,0.0,695.6354166666666,35.65625,8.589583333333334,2023-10-09,0.1188379923502604,895.7231418709298,2823.1997710548094,2779.2577185591526,3840.1218331346754,0.02945460183018338,0.10645460183018338,F1,5722.394430010901
85,2023-10-10,2023-10-10,10480.395833333334,0.0069074562858362,144.7759792091978,2133.178354379214,0.1388180575723422,2102.2673961087216,0.1170221964518229,2.727429324618048e-06,691.30625,0.0312127659574468,0.017063829787234,0.0554468085106382,0.066,0.029519441427282,0.0410564768840704,0.0198960330629861,7.8021276595744675,8.251063829787235,8.48936170212766,8.746808510638298,0.0,691.30625,35.108333333333334,7.002083333333334,2023-10-10,0.1170221964518229,892.9840688022451,2828.3276643228737,2787.343600225427,3838.9061176930836,0.028529933433530174,0.10552993343353018,F1,5721.887895940574
86,2023-10-11,2023-10-11,10919.041666666666,0.0067675923708644,147.77243671948753,2130.8734412040994,0.1397294386737974,2086.389337044179,0.1221262613932291,3.951419100948504e-06,684.7041666666668,0.0288085106382978,0.0171063829787234,0.0552978723404255,0.066,0.0285779672328338,0.0421327733558461,0.0204176080205376,6.034042553191489,7.104255319148936,7.914893617021277,8.655319148936169,0.0,684.7041666666668,61.36666666666667,4.327083333333333,2023-10-11,0.1221262613932291,920.0469178199756,2825.271637768106,2766.291280049851,3826.671948405008,0.02762001797448733,0.10462001797448733,F1,5664.2275535923245
87,2024-06-08,2024-06-08,8375.416666666666,0.0077270223412847,129.42199498979025,1841.672983955695,0.3144596310210641,1791.8466866885667,0.27294921875,5.151287641649053e-06,697.0041666666666,0.1504375,0.1461875,0.231375,0.2003541666666667,0.1712688584970433,0.1209919343927362,0.0586328810879172,15.279166666666669,13.85625,11.583333333333334,6.98125,0.43179998,697.0041666666666,45.83541666666667,13.29375,2024-06-08,0.27294921875,,2441.828006769645,2375.7645692319034,4107.883861720722,0.16552783168997953,0.24252783168997952,F1,6258.5556807690855
88,2024-06-09,2024-06-09,8442.479166666666,0.0076961129105044,129.93999833379206,1851.695036420166,0.3055864362120435,1801.3887651949328,0.2653668721516927,5.170910019148262e-06,697.6708333333332,0.1456875,0.1378333333333333,0.2240833333333333,0.1969583333333333,0.1649101361445658,0.1137226215710674,0.0551101606983061,15.108333333333334,13.845833333333331,11.902083333333332,7.541666666666667,0.95479995,697.6708333333332,45.29791666666667,13.710416666666667,2024-06-09,0.2653668721516927,,2455.1159947057536,2388.4161717382253,4102.886372741225,0.15938225722559213,0.2363822572255921,F1,6246.185081882716
89,2024-06-10,2024-06-10,8501.208333333334,0.0076695563068258,130.39075592007308,1859.3244327268608,0.2986938514198174,1807.400305723237,0.2606658935546875,5.321738803155517e-06,697.5604166666667,0.1339583333333333,0.1305,0.2171458333333333,0.1925,0.1562349559233488,0.103805126307603,0.0503041269457984,15.439583333333331,14.227083333333333,12.408333333333331,8.035416666666666,0.0,697.5604166666667,46.91458333333333,13.333333333333334,2024-06-10,0.2606658935546875,,2465.2316198676203,2396.386722511205,4081.3251558092597,0.15099787384066618,0.22799787384066617,F1,6203.667984968659
90,2024-06-11,2024-06-11,8525.416666666666,0.007658865390176,130.57509521870512,1870.456510545959,0.2896596439701784,1817.445582661984,0.253546396891276,5.403405592572724e-06,698.475,0.123375,0.1232916666666666,0.2106666666666666,0.1884375,0.1481668560159865,0.0945816473047428,0.045834414561201,17.125531914893617,15.354166666666666,12.864583333333334,8.45,0.5643,698.475,49.95625,12.922916666666666,2024-06-11,0.253546396891276,,2479.991362573857,2409.705503195116,4068.691235559095,0.14320022110190597,0.22020022110190596,F1,6176.172121358973
91,2024-06-12,2024-06-12,8568.0625,0.0076395845949741,130.90240518868407,1887.545555160916,0.2753822302333994,1841.76733419693,0.2361068725585937,4.604826481713738e-06,699.6354166666666,0.1104166666666666,0.1145625,0.2039375,0.1842708333333333,0.1386540926948491,0.0837066242188706,0.0405643613248212,17.814583333333335,16.26875,13.9375,8.972916666666666,0.0,699.6354166666666,35.93958333333333,15.210416666666667,2024-06-12,0.2361068725585937,,2502.6492981103333,2441.9531033875032,4060.3422109136354,0.13400633086554972,0.2110063308655497,F1,6183.163990609184
92,2024-06-13,2024-06-13,8684.083333333334,0.0075882853912281,131.7862538328607,1910.9647798756623,0.2577766712587503,1875.3596479724424,0.214972178141276,3.516117448614789e-06,700.525,0.0970625,0.105625,0.1959166666666666,0.1797291666666666,0.1286052736996051,0.0722187804799006,0.0349973342392203,18.55208333333333,16.71875,14.3,9.49375,0.0,700.525,23.91875,17.29375,2024-06-13,0.214972178141276,,2533.7002606338056,2486.4923094810065,4060.2654563082956,0.12429435383759205,0.20129435383759203,F1,6209.453785353279
93,2024-06-14,2024-06-14,8691.25,0.0075854577301996,131.83888187807636,1920.8517992410643,0.2509063937834481,1872.0326642998536,0.2173449198404947,4.8370551554783e-06,699.9958333333334,0.083625,0.0960625,0.1881041666666666,0.1750624999999999,0.1183632893707216,0.0605101094805645,0.0293232939170513,16.220833333333335,16.0,14.777083333333332,9.983333333333333,0.0,699.9958333333334,44.975,12.872916666666669,2024-06-14,0.2173449198404947,,2546.809211571478,2482.0811452946573,4027.594230748495,0.11439568648475218,0.19139568648475216,F1,6107.459563801464
94,2024-06-15,2024-06-15,8868.6875,0.0075090081511291,133.17895056203713,1934.3223903192,0.2415679226827551,1881.3371306111608,0.2116343180338541,5.21754379034066e-06,696.9479166666666,0.0801666666666666,0.0905208333333333,0.1803333333333333,0.1712708333333333,0.1132466498775811,0.0546607499693961,0.0264886851277946,14.836170212765955,13.979166666666666,12.802083333333334,10.022916666666667,0.78639996,696.9479166666666,55.46666666666667,10.75625,2024-06-15,0.2116343180338541,,2564.6695303408196,2494.417703752606,4028.0407408553097,0.10945055957568549,0.1864505595756855,F1,6090.214245552907
95,2024-06-16,2024-06-16,9031.354166666666,0.007441324669153,134.39327074614206,1934.043364853572,0.2419591110866591,1896.147064538828,0.2033157348632812,3.700575450250341e-06,694.0854166666667,0.0738958333333333,0.0847916666666666,0.1740208333333333,0.1661875,0.1072332366311388,0.047786195681407,0.0231572653424747,16.65531914893617,14.9375,13.010416666666666,9.835416666666667,0.0,694.0854166666667,29.735416666666666,15.064583333333331,2024-06-16,0.2033157348632812,,2564.2995774759474,2514.053823605606,3994.0900229459367,0.10363871926522661,0.1806387192652266,F1,6080.596391259447
96,2024-06-17,2024-06-17,9458.666666666666,0.0072713068067578,137.53582946392535,1959.7749342075988,0.2250023893604489,1929.3996235459365,0.185705820719401,2.9178249051650696e-06,690.18125,0.0634166666666666,0.0769166666666666,0.1677291666666666,0.1613541666666666,0.098973360247449,0.03834347716454,0.0185813091456839,18.174468085106383,16.566666666666666,14.354166666666666,10.052083333333334,0.0,690.18125,22.025,15.314583333333331,2024-06-17,0.185705820719401,,2598.416419746089,2558.142557375222,3999.4794647449553,0.09565571850363139,0.17265571850363137,F1,6104.442652238061
97,2024-06-18,2024-06-18,9561.791666666666,0.0072322018048292,138.28218529471852,1977.093821560271,0.2144073599838996,1940.0895800405333,0.1804008483886718,3.534710646676372e-06,689.6999999999999,0.0546666666666666,0.0692916666666666,0.1601458333333333,0.1570625,0.091198664172785,0.0294554184119648,0.014274141940219,17.49148936170213,16.166666666666668,14.43125,10.433333333333334,0.0,689.6999999999999,39.75833333333333,10.4,2024-06-18,0.1804008483886718,,2621.3790980023614,2572.3161025089457,3988.028178325132,0.08814163453891607,0.16514163453891606,F1,6057.0940254385205
98,2024-06-19,2024-06-19,9258.166666666666,0.0073493566394713,136.07193372272243,1975.8591531119184,0.2153408404381887,1934.0666003141816,0.1837031046549479,4.011868705154915e-06,695.24375,0.048125,0.063625,0.1531875,0.1534791666666666,0.0850771991382945,0.0224573389557543,0.0108828616647263,15.30888888888889,15.04375,14.00625,10.59375,0.0,695.24375,39.79375,10.9,2024-06-19,0.1837031046549479,,2619.7420820812254,2564.330384790254,3947.680798704266,0.08222536439607087,0.15922536439607085,F1,5972.074871430438
99,2024-06-20,2024-06-20,8977.625,0.0074636234666966,133.99252423814826,1961.348099799344,0.2239804890472523,1899.329759574624,0.2013740539550781,6.050141062186992e-06,698.6916666666666,0.0457291666666666,0.0603749999999999,0.1470833333333333,0.1494166666666666,0.0814431419073192,0.0183028724828606,0.0088696006989314,15.187234042553191,14.397916666666667,13.272916666666667,10.50625,0.9403,698.6916666666666,59.61041666666667,11.322916666666666,2024-06-20,0.2013740539550781,,2600.5022405376603,2518.273679108248,3895.93576791683,0.0787131227722323,0.1557131227722323,F1,5825.596323428085
100,2024-06-21,2024-06-21,8689.5,0.0075862828645686,131.82522156422698,1925.9691904341407,0.2476353810493783,1856.746938014321,0.2267367045084635,6.902757846848431e-06,699.8208333333333,0.0588333333333333,0.0581875,0.1425624999999999,0.147,0.0844876317908651,0.0217833435773845,0.0105562424477338,13.795744680851064,13.452083333333334,12.677083333333334,10.35,9.620299,699.8208333333333,78.91875,9.060416666666669,2024-06-21,0.2267367045084635,,2553.5942321726984,2461.814184290723,3844.4005150566895,0.08165555967201542,0.15865555967201542,F1,5727.543878523579
101,2024-06-22,2024-06-22,8473.333333333334,0.0076826538510797,130.17399835328018,1873.3880635376408,0.2881183057406486,1812.5318753330343,0.2575594584147135,6.211965504199675e-06,700.4916666666667,0.1258541666666666,0.0596041666666666,0.19925,0.1453124999999999,0.1228619828245081,0.0656530309971215,0.0318155617466239,14.4875,13.53125,12.310416666666669,10.191666666666666,11.989699,700.4916666666667,65.21875,10.933333333333332,2024-06-22,0.2575594584147135,,2483.8782351406917,2403.1905419194572,3951.3167807625837,0.11874358124727866,0.19574358124727864,F1,5952.544921453878
102,2024-06-24,2024-06-24,8557.479166666666,0.0076443691939256,130.82117634790254,1884.1996472470075,0.27843178709855,1826.8781436021893,0.2465744018554687,5.811102643166841e-06,700.4833333333332,0.1067916666666666,0.0685208333333333,0.1758958333333333,0.1409791666666666,0.1128984854407978,0.0542627272119829,0.0262958026755649,16.400000000000002,15.03125,13.254166666666668,10.2875,0.0,700.4833333333332,45.10833333333333,15.197916666666666,2024-06-24,0.2465744018554687,,2498.2130427471766,2422.2118991079687,3921.8031181137226,0.10911406580327386,0.18611406580327386,F1,5910.802610921536
103,2024-06-25,2024-06-25,8691.25,0.0075853241708449,131.8396499138569,1902.582646214739,0.2646365515718046,1848.709391511857,0.2322260538736979,5.399446455254029e-06,700.6979166666666,0.0897291666666666,0.0683541666666666,0.1670416666666666,0.1393958333333333,0.1042843831610391,0.0444150564570208,0.0215236059893425,17.18913043478261,15.947916666666666,13.9625,10.55625,0.0,700.6979166666666,41.65,15.677083333333334,2024-06-25,0.2322260538736979,,2522.586599898137,2451.1574030236848,3912.740340175956,0.10078871299344719,0.17778871299344717,F1,5899.138953388004
104,2024-06-26,2024-06-26,8602.1875,0.0076243308380813,131.16331586865593,1918.4653406016143,0.2528639189148635,1857.4616236588363,0.2261098225911458,6.080226135211553e-06,701.28125,0.0750851063829787,0.0654680851063829,0.1587446808510638,0.1369574468085106,0.095776716320622,0.0346890630549918,0.0168103743391072,18.251063829787235,16.925531914893618,14.857446808510636,10.91063829787234,0.0,701.28125,42.677083333333336,16.820833333333333,2024-06-26,0.2261098225911458,,2543.645065931306,2462.7617680572316,3896.674869798799,0.09256622784820233,0.16956622784820233,F1,5844.20863429475
105,2024-06-27,2024-06-27,8609.8125,0.007621307351662,131.2193869023258,1906.6569990351047,0.2613148426176741,1832.1528381130863,0.2431894938151041,7.537575540796106e-06,697.975,0.0673617021276595,0.0628085106382978,0.1513404255319148,0.1348936170212766,0.0901852681547204,0.0282969006690608,0.0137127224257789,16.906666666666666,15.806382978723404,14.319148936170214,11.17659574468085,1.7404,697.975,67.04375,13.045833333333334,2024-06-27,0.2431894938151041,,2527.988682088028,2429.205484231967,3839.963139371682,0.08716220811553983,0.16416220811553983,F1,5709.596080161456
106,2024-06-28,2024-06-28,8830.208333333334,0.0075263962835798,132.883576908513,1881.3302200500984,0.2808585606751711,1812.4752384363069,0.2574399312337239,7.04247645150744e-06,695.8979166666667,0.0679787234042553,0.0610851063829787,0.146063829787234,0.1337021276595744,0.088589105367641,0.0264721619919481,0.012828451202175,16.153191489361703,15.625531914893616,14.359574468085103,11.259574468085107,5.6584997,695.8979166666667,72.85625,10.660416666666666,2024-06-28,0.2574399312337239,,2494.4085412130607,2403.115448478955,3779.604083912812,0.08561954958737518,0.16261954958737518,F1,5632.517315199081
107,2024-06-29,2024-06-29,8538.895833333334,0.0076529126614811,130.67774746353015,1908.465234763141,0.2607591274819869,1843.6799475758824,0.2357076009114583,6.503419057001002e-06,700.0395833333333,0.075,0.0603829787234042,0.1411914893617021,0.1319361702127659,0.0897811327185948,0.0278348916765823,0.0134888321437242,16.77608695652174,15.68936170212766,14.197872340425532,11.287234042553193,4.0622997,700.0395833333333,58.85833333333333,13.21875,2024-06-29,0.2357076009114583,,2530.386176476026,2444.488989484294,3841.2087460231014,0.08677161952262227,0.16377161952262226,F1,5741.607901509747
108,2024-06-30,2024-06-30,8420.020833333334,0.0077064911362299,129.766367928867,1903.7048668989005,0.2635306955868716,1833.0560760415203,0.2425028483072916,7.14163379267523e-06,702.3395833333334,0.0702553191489361,0.0590212765957446,0.1368936170212766,0.1301063829787234,0.0864442126967994,0.0240201134625486,0.0116401846407081,17.827272727272728,16.885106382978723,14.95531914893617,11.425531914893616,0.6612,702.3395833333334,57.90416666666667,14.44375,2024-06-30,0.2425028483072916,,2524.0745241497466,2430.40306474145,3811.7430846710913,0.08354655490446691,0.1605465549044669,F1,5674.422780613669
109,2024-07-01,2024-07-01,8416.041666666666,0.0077086080471405,129.7340374777199,1857.1934067984228,0.3013420269337399,1777.8203109742983,0.2853444417317708,8.268241284246568e-06,699.7416666666667,0.0909148936170212,0.0568936170212765,0.1324893617021276,0.1287446808510638,0.0924713975415013,0.030910411488077,0.0149792338659213,15.27391304347826,15.502127659574468,14.791489361702128,11.685106382978724,6.2922997,699.7416666666667,82.68333333333334,11.147916666666667,2024-07-01,0.2853444417317708,,2462.406146050854,2357.167349556666,3753.46429360114,0.08937170518159937,0.16637170518159936,F1,5562.974854805083
110,2024-07-02,2024-07-02,8507.291666666666,0.0076671682243808,130.4353787324678,1838.7304020741503,0.3182364806711373,1767.5267802143517,0.2947705586751302,7.460887247975682e-06,697.525,0.1811914893617021,0.0634680851063829,0.1299787234042553,0.1277872340425531,0.1280128028123313,0.0715414657649961,0.0346691064665394,15.519565217391303,14.740425531914893,13.695744680851066,11.591489361702129,17.480799,697.525,83.86666666666666,9.508333333333333,2024-07-02,0.2947705586751302,,2437.926511274427,2343.519415359252,3903.8686107809417,0.12372174290195273,0.20072174290195272,F1,5847.3576730997465
111,2024-07-03,2024-07-03,8721.354166666666,0.007572450004501,132.06644268501373,1882.1856848082527,0.2807891596294532,1835.872063096648,0.2411600748697916,4.675903409848737e-06,698.725,0.1574680851063829,0.0784468085106382,0.1303829787234042,0.126531914893617,0.1238034200820242,0.0667292852424719,0.0323371162411835,15.3,14.889361702127658,13.891489361702128,11.491489361702127,2.0263999,698.725,43.28125,12.402083333333332,2024-07-03,0.2411600748697916,,2495.5427804745714,2434.1367113322485,3974.7096400652467,0.1196534610075358,0.19665346100753578,F1,6036.87628656836
112,2024-07-04,2024-07-04,8813.104166666666,0.0075328090253867,132.7600268910372,1918.67923477006,0.2527811725416076,1881.7017938056115,0.2115898132324218,3.637028518339409e-06,700.0416666666666,0.1251914893617021,0.0793617021276595,0.1304255319148936,0.1248085106382978,0.1117768038803016,0.0529804170720588,0.0256743931714573,15.068888888888887,14.73404255319149,13.829787234042554,11.48936170212766,0.0,700.0416666666666,33.66875,12.13125,2024-07-04,0.2115898132324218,,2543.9286628432146,2494.9012015337025,3987.444255620555,0.10802998362870403,0.18502998362870401,F1,6077.578913764604
113,2024-07-05,2024-07-05,8833.645833333334,0.0075238339252842,132.91589532327674,1936.428812136352,0.2404458392748122,1903.7120810223496,0.1993637084960937,3.1862478201847217e-06,701.3166666666666,0.1017234042553191,0.0749148936170212,0.1292553191489361,0.1236170212765957,0.1011429214076289,0.0408237267940816,0.0197832420044911,14.795454545454543,14.612765957446808,13.693617021276596,11.436170212765957,0.0,701.3166666666666,31.45208333333333,11.202083333333334,2024-07-05,0.1993637084960937,,2567.462382183683,2524.084089175045,3964.3756996549955,0.09775255477447962,0.17475255477447962,F1,6045.183881437491
114,2024-07-06,2024-07-06,9053.916666666666,0.0074316140658622,134.5636556957771,1958.1101160433143,0.2260939778654752,1920.068256609516,0.19049072265625,3.6738730128938337e-06,699.68125,0.0839148936170212,0.0693404255319149,0.1273191489361702,0.1219787234042553,0.09208024882429,0.0304632489564254,0.0147625382020584,15.363636363636363,14.887234042553192,13.740425531914893,11.408510638297871,0.0,699.68125,32.53333333333333,12.46875,2024-07-06,0.19049072265625,,2596.2090791079063,2545.7703320533005,3955.063355017594,0.0889936679855996,0.16599366798559959,F1,6003.570633599046
115,2024-07-07,2024-07-07,9242.166666666666,0.0073555150246791,135.9555389910615,1979.7573290458547,0.2129073228688935,1944.194823052842,0.1784400939941406,3.387294324391241e-06,698.1750000000001,0.0693404255319149,0.063531914893617,0.1244893617021276,0.1202553191489361,0.0839568260896911,0.0211765247110355,0.0102621770737804,16.165116279069768,15.631914893617022,14.2,11.45531914893617,0.0,698.1750000000001,29.729166666666668,13.21875,2024-07-07,0.1784400939941406,,2624.9105757572065,2577.7591412293814,3948.424858840417,0.08114254687135189,0.15814254687135187,F1,5991.931392310658
116,2024-07-08,2024-07-08,9162.541666666666,0.007387568600966,135.36762515512763,1983.6870420693103,0.2106897109025597,1937.546275458937,0.1817245483398437,4.410661928572946e-06,699.0895833333334,0.0582553191489361,0.0578510638297872,0.1207234042553191,0.1182553191489361,0.0769591585382212,0.0131767675846912,0.0063854822289931,15.65227272727273,15.351063829787234,14.293617021276594,11.595744680851064,0.0,699.0895833333334,43.14375,11.641666666666666,2024-07-08,0.1817245483398437,,2630.1208836690007,2568.943998768928,3911.4410860011594,0.07437944500422444,0.15137944500422443,F1,5893.282798104501
117,2024-07-09,2024-07-09,9174.145833333334,0.0073827574666424,135.45415790740176,2003.3012771634767,0.1994384182659501,1955.694769366175,0.1729634602864583,4.507764776531917e-06,700.4395833333333,0.0513404255319148,0.0533617021276595,0.1164042553191489,0.1162978723404255,0.0717939506138915,0.0072718844793162,0.0035239666189386,14.63720930232558,14.759574468085107,13.94255319148936,11.619148936170212,0.0,700.4395833333333,39.99166666666667,12.883333333333333,2024-07-09,0.1729634602864583,,2656.126905911575,2593.0066315432855,3915.8605314134547,0.06938737770462862,0.14638737770462862,F1,5887.651561375286
118,2024-07-10,2024-07-10,9080.583333333334,0.0074210837084901,134.75931324610406,2010.1071822163933,0.195871751819724,1959.0549306234404,0.1716270446777343,4.829313940855083e-06,702.13125,0.047063829787234,0.0501489361702127,0.1119787234042553,0.1143617021276595,0.0680084884904205,0.0029443314231008,0.0014268276235151,14.204444444444446,14.123404255319148,13.434042553191489,11.519148936170213,0.0,702.13125,39.80416666666667,14.047916666666666,2024-07-10,0.1716270446777343,,2665.150684679253,2597.461785056821,3903.500872949464,0.06572880636398108,0.14272880636398108,F1,5852.092921173516
119,2024-07-11,2024-07-11,9096.541666666666,0.0074142174293583,134.8798280049595,2040.7950267699807,0.1800870314404024,1986.675534472624,0.1593894958496093,5.040345438165372e-06,702.5270833333334,0.044,0.047531914893617,0.1078085106382978,0.1123191489361702,0.0649192502614934,0.0005872961306608,0.0002846046256327,15.743478260869566,14.661702127659575,13.491489361702127,11.382978723404255,0.0,702.5270833333334,36.94583333333333,16.014583333333334,2024-07-11,0.1593894958496093,,2705.838927896783,2634.08325077326,3941.5234786284054,0.06274312110808895,0.13974312110808895,F1,5896.023030165317
120,2024-07-12,2024-07-12,9214.291666666666,0.0073666762669197,135.75008906585458,2050.903798736794,0.1748569805420591,2000.4089737939605,0.1535911560058593,4.675139972780085e-06,702.7145833333334,0.0407446808510638,0.0448297872340425,0.1036170212765957,0.1094680851063829,0.0616614001136603,0.0043116813983225,0.0020894475651263,17.20909090909091,15.985106382978724,14.253191489361702,11.45531914893617,0.0,702.7145833333334,30.53125,18.185416666666665,2024-07-12,0.1535911560058593,,2719.2418950454867,2652.292073434101,3937.8777675126353,0.05959447589801418,0.13659447589801418,F1,5895.922956953393
121,2024-07-13,2024-07-13,9204.0,0.0073710808711832,135.67250054467257,2064.6424427670004,0.168366115535017,2019.985882983378,0.1246897379557291,4.109266686665972e-06,703.9145833333333,0.036525,0.0418,0.0993,0.106925,0.0579315761080733,0.0085756287706776,0.0041557631464353,15.676315789473684,15.345,14.5675,11.6925,0.0,703.9145833333333,37.25,17.86341463414634,2024-07-13,0.1246897379557291,862.2794236364145,2737.4576184992457,2678.2486061959758,3937.1536950605932,0.05598967765478475,0.13298967765478475,F1,5905.262548702827
122,2024-09-17,2024-09-17,8973.212765957447,0.0074360148340341,134.79412620003842,2060.128879537854,0.1708745960281218,1988.574328281799,0.030548095703125,6.0019484883372544e-06,693.5541666666667,0.036,0.028,0.062,0.076,0.0424947032747792,0.0262231138145581,0.0127077620649746,14.6,12.9,10.7,10.55,1.0547999,693.5541666666667,94.55,7.509090909090909,2024-09-17,0.030548095703125,891.3254679501679,2731.473198246969,2636.600813849179,3811.8684787729962,0.04107025733171863,0.11807025733171864,F1,5604.145526363689
123,2024-09-18,2024-09-18,9320.229166666666,0.0073250860289283,136.52578471412957,2075.624947636756,0.163511643516209,2041.8385570180533,0.1378173828125,3.0670370714900064e-06,692.68125,0.0352,0.02744,0.06136,0.076,0.0418707291616328,0.0269364431234432,0.0130534425663593,7.380952380952381,8.745833333333334,9.404,10.352,2.7129998,692.68125,41.55,6.991666666666667,2024-09-18,0.1378173828125,,2752.019046184335,2707.222518473315,3835.6200322782606,0.040467199175751624,0.11746719917575163,F1,5745.549880830183
124,2024-09-19,2024-09-19,9298.104166666666,0.0073336696790669,136.36440429272452,2103.055134433627,0.1512862951683151,2066.5464883769887,0.1288617451985677,3.2720677033672034e-06,695.6416666666668,0.0361,0.0282499999999999,0.0613499999999999,0.076,0.0424657264549552,0.0262562402126302,0.0127238151694131,10.172222222222222,10.8075,10.3,10.145,0.0,695.6416666666668,37.90833333333333,9.075,2024-09-19,0.1288617451985677,899.5331768903759,2788.3880427081676,2739.9821448061093,3891.063940621725,0.041042251830912306,0.1180422518309123,F1,5823.74950155748
125,2024-09-20,2024-09-20,9338.9375,0.007317761940461,136.6626078413071,2113.102494112045,0.1470287372008155,2073.2406363718405,0.126593271891276,3.5640767987709205e-06,695.7166666666667,0.0363333333333333,0.0282857142857142,0.0617142857142857,0.076,0.0426471146715207,0.0260488765921907,0.0126233264338605,12.326315789473684,12.283333333333331,11.19047619047619,10.178571428571429,0.0,695.7166666666667,36.30833333333333,11.541666666666666,2024-09-20,0.126593271891276,895.1878804749932,2801.7095848443582,2748.857747694186,3911.1074448772015,0.041217559814194726,0.11821755981419471,F1,5844.22842796872
126,2024-09-21,2024-09-21,9495.041666666666,0.0072573240032812,137.800300706029,2131.2144719226994,0.1396413842437024,2092.042652129267,0.1204477945963541,3.479126358369792e-06,694.6437500000001,0.0329523809523809,0.0271904761904761,0.0615714285714285,0.076,0.040990169560585,0.0279431018267669,0.0135412709521466,10.185714285714289,11.65952380952381,11.75,10.342857142857143,0.0,694.6437500000001,39.61666666666667,9.75,2024-09-21,0.1204477945963541,933.9916691879132,2825.7238018423477,2773.786868694591,3931.1915963446304,0.03961615641926737,0.11661615641926737,F1,5873.726169642815
128,2024-09-24,2024-09-24,8889.625,0.007500103800076,133.33640198855048,2003.592825233478,0.1993514228275727,1957.2070755125967,0.1723556518554687,4.388711353171777e-06,698.09375,0.0950833333333333,0.0337916666666666,0.0640833333333333,0.0754166666666666,0.0670700078721305,0.0018714572176773,0.000906911101603,9.83404255319149,9.570833333333333,9.0375,9.358333333333333,0.0,698.09375,53.63333333333333,8.4,2024-09-24,0.1723556518554687,920.1256097552,2656.513462183427,2595.0117603231033,3884.445781023809,0.06482178413476888,0.14182178413476887,F1,5834.945976330644
129,2024-09-25,2024-09-25,8900.104166666666,0.0074956321147269,133.41529085231642,2030.8668683771184,0.1850036168173257,1981.7824311398049,0.1615333557128906,4.586232459097523e-06,699.94375,0.0857916666666666,0.0354583333333333,0.0655833333333333,0.0754583333333333,0.0644311393527161,0.0011453061664644,0.0005550171637854,11.308695652173911,10.960416666666667,10.008333333333336,9.408333333333331,0.0,699.94375,41.61666666666667,13.266666666666667,2024-09-25,0.1615333557128906,917.616149946889,2692.675431754669,2627.5956078191716,3918.9311922928514,0.062271371946781125,0.13927137194678113,F1,5875.322213154641
130,2024-09-26,2024-09-26,8979.9375,0.0074624069591883,134.01131110068278,2061.004772917342,0.1703597063934653,2014.566121298908,0.1481806437174479,4.267808353204909e-06,699.63125,0.0762083333333333,0.0365,0.067,0.0759166666666666,0.0614980286110274,0.0044984482506795,0.0021799550745762,12.63111111111111,12.302083333333334,11.104166666666666,9.7125,0.0,699.63125,36.775,13.783333333333331,2024-09-26,0.1481806437174479,921.4262549653316,2732.634523305006,2671.0626801458848,3956.096251338858,0.05943658069845444,0.13643658069845443,F1,5935.233834026838
131,2024-09-27,2024-09-27,8998.9375,0.0074543308253336,134.15417706635415,2061.605379976759,0.1698251801017677,2018.277465976801,0.1465593973795572,3.976706055232329e-06,700.9541666666668,0.0675,0.0362083333333333,0.0675416666666666,0.076,0.0582450620082067,0.008217250633226,0.0039820925391906,12.274468085106385,12.166666666666666,11.552083333333334,10.03125,0.0,700.9541666666668,34.99166666666667,13.183333333333332,2024-09-27,0.1465593973795572,902.83200818932,2733.43085313746,2675.983458946576,3933.6534489378632,0.05629265533426382,0.13329265533426382,F1,5904.210639885103
132,2024-09-28,2024-09-28,8972.3125,0.0074654765282683,133.95501116167574,2081.3568599377363,0.1608911045332674,2033.9007055049765,0.1406784057617187,4.319854676909523e-06,702.2229166666666,0.0605416666666666,0.0355,0.0673333333333333,0.076,0.0553453021842143,0.0115322658359413,0.0055885541034344,12.887234042553192,12.204166666666666,11.314583333333331,10.25625,0.0,702.2229166666666,38.30833333333333,13.35,2024-09-28,0.1406784057617187,906.93329733569,2759.6188449058313,2696.697920291624,3949.8239135978083,0.05349009706243728,0.13049009706243728,F1,5910.83853397697
133,2024-09-29,2024-09-29,9106.458333333334,0.0074102924631974,134.9526395783458,2095.0184070640216,0.1546935765756861,2048.002386137868,0.1354090372721354,4.253313240227184e-06,701.81875,0.0535,0.0347083333333333,0.0673333333333333,0.076,0.0524344444907397,0.0148599681604473,0.0072011638667879,13.606521739130434,13.145833333333334,12.029166666666669,10.34375,0.0,701.81875,36.05833333333333,14.183333333333332,2024-09-29,0.1354090372721354,901.033953845204,2777.732347508837,2715.3949848692646,3953.735468566382,0.050676812927848015,0.12767681292784802,F1,5912.670482614256
134,2024-09-30,2024-09-30,9383.0,0.0072998534934105,136.9890506573427,2147.0074557607227,0.1331634822185359,2102.15120046882,0.116790771484375,3.951530194922435e-06,700.0,0.05,0.036,0.068,0.076,0.0516729626883009,0.0157304967231199,0.0076230233730021,17.6,17.6,13.8,10.4,0.0,700.0,31.6,14.6,2024-09-30,0.116790771484375,896.545780549368,2846.6633229093914,2787.1895393415202,4045.90075875607,0.04994085641634217,0.12694085641634217,F1,6057.826468643773
135,2023-06-28,,,,,,,,,,,,,,,,,,,,,,,,,,,,851.2719236643666,,,,,,F1,
136,2023-06-29,,,,,,,,,,,,,,,,,,,,,,,,,,,,843.8159078108026,,,,,,F1,
137,2023-06-30,,,,,,,,,,,,,,,,,,,,,,,,,,,,851.5018586139685,,,,,,F1,
138,2024-06-03,,,,,,,,,,,,,,,,,,,,,,,,,,,,867.5253278033757,,,,,,F1,
139,2024-07-14,,,,,,,,,,,,,,,,,,,,,,,,,,,,869.2543579508648,,,,,,F1,
140,2024-07-15,,,,,,,,,,,,,,,,,,,,,,,,,,,,884.0792491307889,,,,,,F1,
141,2024-07-16,,,,,,,,,,,,,,,,,,,,,,,,,,,,898.2755735209197,,,,,,F1,
142,2024-07-17,,,,,,,,,,,,,,,,,,,,,,,,,,,,896.5156689134236,,,,,,F1,
143,2024-07-18,,,,,,,,,,,,,,,,,,,,,,,,,,,,884.0079571318307,,,,,,F1,
144,2024-07-19,,,,,,,,,,,,,,,,,,,,,,,,,,,,880.6653013042546,,,,,,F1,
145,2024-07-20,,,,,,,,,,,,,,,,,,,,,,,,,,,,881.8707123125411,,,,,,F1,
146,2024-07-21,,,,,,,,,,,,,,,,,,,,,,,,,,,,881.6943026645426,,,,,,F1,
147,2024-07-22,,,,,,,,,,,,,,,,,,,,,,,,,,,,883.9063210972631,,,,,,F1,
148,2024-07-23,,,,,,,,,,,,,,,,,,,,,,,,,,,,876.8913149213143,,,,,,F1,
149,2024-07-24,,,,,,,,,,,,,,,,,,,,,,,,,,,,877.0390596547533,,,,,,F1,
150,2024-07-25,,,,,,,,,,,,,,,,,,,,,,,,,,,,863.7025761813201,,,,,,F1,
151,2024-07-26,,,,,,,,,,,,,,,,,,,,,,,,,,,,873.3155305697725,,,,,,F1,
152,2024-07-27,,,,,,,,,,,,,,,,,,,,,,,,,,,,899.6483301196122,,,,,,F1,
153,2024-07-28,,,,,,,,,,,,,,,,,,,,,,,,,,,,901.8260661652648,,,,,,F1,
154,2024-07-29,,,,,,,,,,,,,,,,,,,,,,,,,,,,896.9419868169942,,,,,,F1,
155,2024-07-30,,,,,,,,,,,,,,,,,,,,,,,,,,,,876.95193508189,,,,,,F1,
156,2024-07-31,,,,,,,,,,,,,,,,,,,,,,,,,,,,873.0126756880533,,,,,,F1,
157,2024-08-01,,,,,,,,,,,,,,,,,,,,,,,,,,,,872.1700517557152,,,,,,F1,
158,2024-08-02,,,,,,,,,,,,,,,,,,,,,,,,,,,,870.7433585759294,,,,,,F1,
159,2024-08-03,,,,,,,,,,,,,,,,,,,,,,,,,,,,864.4258987205739,,,,,,F1,
160,2024-08-04,,,,,,,,,,,,,,,,,,,,,,,,,,,,874.5628078510357,,,,,,F1,
161,2024-08-05,,,,,,,,,,,,,,,,,,,,,,,,,,,,891.8087457615156,,,,,,F1,
162,2024-08-06,,,,,,,,,,,,,,,,,,,,,,,,,,,,885.5297515203215,,,,,,F1,
163,2024-08-07,,,,,,,,,,,,,,,,,,,,,,,,,,,,902.3894268435234,,,,,,F1,
164,2024-08-08,,,,,,,,,,,,,,,,,,,,,,,,,,,,903.6630780290257,,,,,,F1,
165,2024-08-09,,,,,,,,,,,,,,,,,,,,,,,,,,,,902.086932111752,,,,,,F1,
166,2024-08-10,,,,,,,,,,,,,,,,,,,,,,,,,,,,900.5768992271536,,,,,,F1,
167,2024-08-11,,,,,,,,,,,,,,,,,,,,,,,,,,,,883.0346709185724,,,,,,F1,
168,2024-08-12,,,,,,,,,,,,,,,,,,,,,,,,,,,,887.1938919898993,,,,,,F1,
169,2024-08-13,,,,,,,,,,,,,,,,,,,,,,,,,,,,957.1494209875084,,,,,,F1,
170,2024-08-14,,,,,,,,,,,,,,,,,,,,,,,,,,,,1063.836743831837,,,,,,F1,
171,2024-08-15,,,,,,,,,,,,,,,,,,,,,,,,,,,,1066.3937867113302,,,,,,F1,
172,2024-08-16,,,,,,,,,,,,,,,,,,,,,,,,,,,,912.771145168694,,,,,,F1,
173,2024-08-17,,,,,,,,,,,,,,,,,,,,,,,,,,,,895.7287409059087,,,,,,F1,
174,2024-08-18,,,,,,,,,,,,,,,,,,,,,,,,,,,,900.777846543519,,,,,,F1,
175,2024-08-19,,,,,,,,,,,,,,,,,,,,,,,,,,,,897.2250474699658,,,,,,F1,
176,2024-08-20,,,,,,,,,,,,,,,,,,,,,,,,,,,,901.1147311363876,,,,,,F1,
177,2024-08-21,,,,,,,,,,,,,,,,,,,,,,,,,,,,928.0714875057516,,,,,,F1,
178,2024-08-22,,,,,,,,,,,,,,,,,,,,,,,,,,,,916.3781647355208,,,,,,F1,
179,2024-08-23,,,,,,,,,,,,,,,,,,,,,,,,,,,,919.7835743914306,,,,,,F1,
180,2024-08-24,,,,,,,,,,,,,,,,,,,,,,,,,,,,921.3320120853832,,,,,,F1,
181,2024-08-25,,,,,,,,,,,,,,,,,,,,,,,,,,,,919.0322010221224,,,,,,F1,
182,2024-08-26,,,,,,,,,,,,,,,,,,,,,,,,,,,,920.225711338071,,,,,,F1,
183,2024-08-27,,,,,,,,,,,,,,,,,,,,,,,,,,,,919.8336805063057,,,,,,F1,
184,2024-08-28,,,,,,,,,,,,,,,,,,,,,,,,,,,,915.0463526591876,,,,,,F1,
185,2024-08-29,,,,,,,,,,,,,,,,,,,,,,,,,,,,926.579276764062,,,,,,F1,
186,2024-08-30,,,,,,,,,,,,,,,,,,,,,,,,,,,,908.8048173402876,,,,,,F1,
187,2024-08-31,,,,,,,,,,,,,,,,,,,,,,,,,,,,894.6977235346409,,,,,,F1,
188,2024-09-01,,,,,,,,,,,,,,,,,,,,,,,,,,,,899.7623517944313,,,,,,F1,
189,2024-09-02,,,,,,,,,,,,,,,,,,,,,,,,,,,,901.4878198215148,,,,,,F1,
190,2024-09-03,,,,,,,,,,,,,,,,,,,,,,,,,,,,902.0090024200608,,,,,,F1,
191,2024-09-04,,,,,,,,,,,,,,,,,,,,,,,,,,,,902.8812032938862,,,,,,F1,
192,2024-09-05,,,,,,,,,,,,,,,,,,,,,,,,,,,,909.5601814201292,,,,,,F1,
193,2024-09-06,,,,,,,,,,,,,,,,,,,,,,,,,,,,899.8190622824401,,,,,,F1,
194,2024-09-07,,,,,,,,,,,,,,,,,,,,,,,,,,,,897.7424699009208,,,,,,F1,
195,2024-09-08,,,,,,,,,,,,,,,,,,,,,,,,,,,,894.9364297634899,,,,,,F1,
196,2024-09-09,,,,,,,,,,,,,,,,,,,,,,,,,,,,900.1452267515596,,,,,,F1,
197,2024-09-10,,,,,,,,,,,,,,,,,,,,,,,,,,,,887.2902237381348,,,,,,F1,
198,2024-09-11,,,,,,,,,,,,,,,,,,,,,,,,,,,,902.585640190729,,,,,,F1,
199,2024-09-12,,,,,,,,,,,,,,,,,,,,,,,,,,,,896.905033166725,,,,,,F1,
200,2024-09-13,,,,,,,,,,,,,,,,,,,,,,,,,,,,899.2075438727564,,,,,,F1,
201,2024-09-14,,,,,,,,,,,,,,,,,,,,,,,,,,,,891.6883340377121,,,,,,F1,
202,2024-09-15,,,,,,,,,,,,,,,,,,,,,,,,,,,,896.7151740127396,,,,,,F1,
203,2024-09-16,,,,,,,,,,,,,,,,,,,,,,,,,,,,884.2583417397708,,,,,,F1,
