,date,Unnamed: 0,Date (aggregated based on UTC),Raw_Moderated_cph,Raw_Mod_Coeff_of_Var,Raw_Mod_sqrt,Corrected_Mod_cph_for_Des,SWC_Des_cm3_cm3,Corrected_Mod_cph_for_UTS,SWC_UTS_cm3_cm3,Rhov_g_cm3,BaroPress_mb,SWC_5,SWC_10,SWC_20,SWC_50,WeightedTDR_SWC,WeightedTDR_SD,WeightedTDR_SE,sT_5,sT_10,sT_20,sT_50,PRISM_ppt_mm,BaroPress,airRH,airT,date.1,CRNS,Bare,scaled_stationary_N_Des,scaled_stationary_N_UTS,N0,TDR_pore_swc_g,TDR_tot_swc_g,NewName,ND,doy_x,doy_y,min_temp_x,mean_temp,mean_P_mb,mean_RH,cumulative_GSI,GSI,VPD,year,min_temp_y,max_temp,GDD,cumulative_GDD,Bare_norm,Bare_norm7,VPD_kPa,N0_7,ND_7,VPD_7
193,2024-01-01,,,,,,,,,,,,,,,,,,,,,,,,,,,,,,,,,,,,,,,,,,,,,,,,,,,,,,,,
194,2024-01-02,,,,,,,,,,,,,,,,,,,,,,,,,,,,,,,,,,,,,,,,,,,,,,,,,,,,,,,,
195,2024-01-03,,,,,,,,,,,,,,,,,,,,,,,,,,,,,,,,,,,,,,,,,,,,,,,,,,,,,,,,
196,2024-01-04,,,,,,,,,,,,,,,,,,,,,,,,,,,,,,,,,,,,,,,,,,,,,,,,,,,,,,,,
197,2024-01-05,,,,,,,,,,,,,,,,,,,,,,,,,,,,,,,,,,,,,,,,,,,,,,,,,,,,,,,,
198,2024-01-06,,,,,,,,,,,,,,,,,,,,,,,,,,,,,,,,,,,,,,,,,,,,,,,,,,,,,,,,
199,2024-01-07,,,,,,,,,,,,,,,,,,,,,,,,,,,,,,,,,,,,,,,,,,,,,,,,,,,,,,,,
200,2024-01-08,,,,,,,,,,,,,,,,,,,,,,,,,,,,,,,,,,,,,,,,,,,,,,,,,,,,,,,,
201,2024-01-09,,,,,,,,,,,,,,,,,,,,,,,,,,,,,,,,,,,,,,,,,,,,,,,,,,,,,,,,
202,2024-01-10,,,,,,,,,,,,,,,,,,,,,,,,,,,,,,,,,,,,,,,,,,,,,,,,,,,,,,,,
203,2024-01-11,,,,,,,,,,,,,,,,,,,,,,,,,,,,,,,,,,,,,,,,,,,,,,,,,,,,,,,,
204,2024-01-12,,,,,,,,,,,,,,,,,,,,,,,,,,,,,,,,,,,,,,,,,,,,,,,,,,,,,,,,
205,2024-01-13,,,,,,,,,,,,,,,,,,,,,,,,,,,,,,,,,,,,,,,,,,,,,,,,,,,,,,,,
206,2024-01-14,,,,,,,,,,,,,,,,,,,,,,,,,,,,,,,,,,,,,,,,,,,,,,,,,,,,,,,,
207,2024-01-15,,,,,,,,,,,,,,,,,,,,,,,,,,,,,,,,,,,,,,,,,,,,,,,,,,,,,,,,
208,2024-01-16,,,,,,,,,,,,,,,,,,,,,,,,,,,,,,,,,,,,,,,,,,,,,,,,,,,,,,,,
209,2024-01-17,,,,,,,,,,,,,,,,,,,,,,,,,,,,,,,,,,,,,,,,,,,,,,,,,,,,,,,,
210,2024-01-18,,,,,,,,,,,,,,,,,,,,,,,,,,,,,,,,,,,,,,,,,,,,,,,,,,,,,,,,
211,2024-01-19,,,,,,,,,,,,,,,,,,,,,,,,,,,,,,,,,,,,,,,,,,,,,,,,,,,,,,,,
212,2024-01-20,,,,,,,,,,,,,,,,,,,,,,,,,,,,,,,,,,,,,,,,,,,,,,,,,,,,,,,,
213,2024-01-21,,,,,,,,,,,,,,,,,,,,,,,,,,,,,,,,,,,,,,,,,,,,,,,,,,,,,,,,
214,2024-01-22,,,,,,,,,,,,,,,,,,,,,,,,,,,,,,,,,,,,,,,,,,,,,,,,,,,,,,,,
215,2024-01-23,,,,,,,,,,,,,,,,,,,,,,,,,,,,,,,,,,,,,,,,,,,,,,,,,,,,,,,,
216,2024-01-24,,,,,,,,,,,,,,,,,,,,,,,,,,,,,,,,,,,,,,,,,,,,,,,,,,,,,,,,
217,2024-01-25,,,,,,,,,,,,,,,,,,,,,,,,,,,,,,,,,,,,,,,,,,,,,,,,,,,,,,,,
218,2024-01-26,,,,,,,,,,,,,,,,,,,,,,,,,,,,,,,,,,,,,,,,,,,,,,,,,,,,,,,,
219,2024-01-27,,,,,,,,,,,,,,,,,,,,,,,,,,,,,,,,,,,,,,,,,,,,,,,,,,,,,,,,
220,2024-01-28,,,,,,,,,,,,,,,,,,,,,,,,,,,,,,,,,,,,,,,,,,,,,,,,,,,,,,,,
221,2024-01-29,,,,,,,,,,,,,,,,,,,,,,,,,,,,,,,,,,,,,,,,,,,,,,,,,,,,,,,,
222,2024-01-30,,,,,,,,,,,,,,,,,,,,,,,,,,,,,,,,,,,,,,,,,,,,,,,,,,,,,,,,
223,2024-01-31,,,,,,,,,,,,,,,,,,,,,,,,,,,,,,,,,,,,,,,,,,,,,,,,,,,,,,,,
224,2024-02-01,,,,,,,,,,,,,,,,,,,,,,,,,,,,,,,,,,,,,,,,,,,,,,,,,,,,,,,,
225,2024-02-02,,,,,,,,,,,,,,,,,,,,,,,,,,,,,,,,,,,,,,,,,,,,,,,,,,,,,,,,
226,2024-02-03,,,,,,,,,,,,,,,,,,,,,,,,,,,,,,,,,,,,,,,,,,,,,,,,,,,,,,,,
227,2024-02-04,,,,,,,,,,,,,,,,,,,,,,,,,,,,,,,,,,,,,,,,,,,,,,,,,,,,,,,,
228,2024-02-05,,,,,,,,,,,,,,,,,,,,,,,,,,,,,,,,,,,,,,,,,,,,,,,,,,,,,,,,
229,2024-02-06,,,,,,,,,,,,,,,,,,,,,,,,,,,,,,,,,,,,,,,,,,,,,,,,,,,,,,,,
230,2024-02-07,,,,,,,,,,,,,,,,,,,,,,,,,,,,,,,,,,,,,,,,,,,,,,,,,,,,,,,,
231,2024-02-08,,,,,,,,,,,,,,,,,,,,,,,,,,,,,,,,,,,,,,,,,,,,,,,,,,,,,,,,
232,2024-02-09,,,,,,,,,,,,,,,,,,,,,,,,,,,,,,,,,,,,,,,,,,,,,,,,,,,,,,,,
233,2024-02-10,,,,,,,,,,,,,,,,,,,,,,,,,,,,,,,,,,,,,,,,,,,,,,,,,,,,,,,,
234,2024-02-11,,,,,,,,,,,,,,,,,,,,,,,,,,,,,,,,,,,,,,,,,,,,,,,,,,,,,,,,
235,2024-02-12,,,,,,,,,,,,,,,,,,,,,,,,,,,,,,,,,,,,,,,,,,,,,,,,,,,,,,,,
236,2024-02-13,,,,,,,,,,,,,,,,,,,,,,,,,,,,,,,,,,,,,,,,,,,,,,,,,,,,,,,,
237,2024-02-14,,,,,,,,,,,,,,,,,,,,,,,,,,,,,,,,,,,,,,,,,,,,,,,,,,,,,,,,
238,2024-02-15,,,,,,,,,,,,,,,,,,,,,,,,,,,,,,,,,,,,,,,,,,,,,,,,,,,,,,,,
239,2024-02-16,,,,,,,,,,,,,,,,,,,,,,,,,,,,,,,,,,,,,,,,,,,,,,,,,,,,,,,,
240,2024-02-17,,,,,,,,,,,,,,,,,,,,,,,,,,,,,,,,,,,,,,,,,,,,,,,,,,,,,,,,
241,2024-02-18,,,,,,,,,,,,,,,,,,,,,,,,,,,,,,,,,,,,,,,,,,,,,,,,,,,,,,,,
242,2024-02-19,,,,,,,,,,,,,,,,,,,,,,,,,,,,,,,,,,,,,,,,,,,,,,,,,,,,,,,,
243,2024-02-20,,,,,,,,,,,,,,,,,,,,,,,,,,,,,,,,,,,,,,,,,,,,,,,,,,,,,,,,
244,2024-02-21,,,,,,,,,,,,,,,,,,,,,,,,,,,,,,,,,,,,,,,,,,,,,,,,,,,,,,,,
245,2024-02-22,,,,,,,,,,,,,,,,,,,,,,,,,,,,,,,,,,,,,,,,,,,,,,,,,,,,,,,,
246,2024-02-23,,,,,,,,,,,,,,,,,,,,,,,,,,,,,,,,,,,,,,,,,,,,,,,,,,,,,,,,
247,2024-02-24,,,,,,,,,,,,,,,,,,,,,,,,,,,,,,,,,,,,,,,,,,,,,,,,,,,,,,,,
248,2024-02-25,,,,,,,,,,,,,,,,,,,,,,,,,,,,,,,,,,,,,,,,,,,,,,,,,,,,,,,,
249,2024-02-26,,,,,,,,,,,,,,,,,,,,,,,,,,,,,,,,,,,,,,,,,,,,,,,,,,,,,,,,
250,2024-02-27,,,,,,,,,,,,,,,,,,,,,,,,,,,,,,,,,,,,,,,,,,,,,,,,,,,,,,,,
251,2024-02-28,,,,,,,,,,,,,,,,,,,,,,,,,,,,,,,,,,,,,,,,,,,,,,,,,,,,,,,,
252,2024-02-29,,,,,,,,,,,,,,,,,,,,,,,,,,,,,,,,,,,,,,,,,,,,,,,,,,,,,,,,
253,2024-03-01,,,,,,,,,,,,,,,,,,,,,,,,,,,,,,,,,,,,,,,,,,,,,,,,,,,,,,,,
254,2024-03-02,,,,,,,,,,,,,,,,,,,,,,,,,,,,,,,,,,,,,,,,,,,,,,,,,,,,,,,,
255,2024-03-03,,,,,,,,,,,,,,,,,,,,,,,,,,,,,,,,,,,,,,,,,,,,,,,,,,,,,,,,
256,2024-03-04,,,,,,,,,,,,,,,,,,,,,,,,,,,,,,,,,,,,,,,,,,,,,,,,,,,,,,,,
257,2024-03-05,,,,,,,,,,,,,,,,,,,,,,,,,,,,,,,,,,,,,,,,,,,,,,,,,,,,,,,,
258,2024-03-06,,,,,,,,,,,,,,,,,,,,,,,,,,,,,,,,,,,,,,,,,,,,,,,,,,,,,,,,
259,2024-03-07,,,,,,,,,,,,,,,,,,,,,,,,,,,,,,,,,,,,,,,,,,,,,,,,,,,,,,,,
260,2024-03-08,,,,,,,,,,,,,,,,,,,,,,,,,,,,,,,,,,,,,,,,,,,,,,,,,,,,,,,,
261,2024-03-09,,,,,,,,,,,,,,,,,,,,,,,,,,,,,,,,,,,,,,,,,,,,,,,,,,,,,,,,
262,2024-03-10,,,,,,,,,,,,,,,,,,,,,,,,,,,,,,,,,,,,,,,,,,,,,,,,,,,,,,,,
263,2024-03-11,,,,,,,,,,,,,,,,,,,,,,,,,,,,,,,,,,,,,,,,,,,,,,,,,,,,,,,,
264,2024-03-12,,,,,,,,,,,,,,,,,,,,,,,,,,,,,,,,,,,,,,,,,,,,,,,,,,,,,,,,
265,2024-03-13,,,,,,,,,,,,,,,,,,,,,,,,,,,,,,,,,,,,,,,,,,,,,,,,,,,,,,,,
266,2024-03-14,,,,,,,,,,,,,,,,,,,,,,,,,,,,,,,,,,,,,,,,,,,,,,,,,,,,,,,,
267,2024-03-15,,,,,,,,,,,,,,,,,,,,,,,,,,,,,,,,,,,,,,,,,,,,,,,,,,,,,,,,
268,2024-03-16,,,,,,,,,,,,,,,,,,,,,,,,,,,,,,,,,,,,,,,,,,,,,,,,,,,,,,,,
269,2024-03-17,,,,,,,,,,,,,,,,,,,,,,,,,,,,,,,,,,,,,,,,,,,,,,,,,,,,,,,,
270,2024-03-18,,,,,,,,,,,,,,,,,,,,,,,,,,,,,,,,,,,,,,,,,,,,,,,,,,,,,,,,
271,2024-03-19,,,,,,,,,,,,,,,,,,,,,,,,,,,,,,,,,,,,,,,,,,,,,,,,,,,,,,,,
272,2024-03-20,,,,,,,,,,,,,,,,,,,,,,,,,,,,,,,,,,,,,,,,,,,,,,,,,,,,,,,,
273,2024-03-21,,,,,,,,,,,,,,,,,,,,,,,,,,,,,,,,,,,,,,,,,,,,,,,,,,,,,,,,
274,2024-03-22,,,,,,,,,,,,,,,,,,,,,,,,,,,,,,,,,,,,,,,,,,,,,,,,,,,,,,,,
275,2024-03-23,,,,,,,,,,,,,,,,,,,,,,,,,,,,,,,,,,,,,,,,,,,,,,,,,,,,,,,,
276,2024-03-24,,,,,,,,,,,,,,,,,,,,,,,,,,,,,,,,,,,,,,,,,,,,,,,,,,,,,,,,
277,2024-03-25,,,,,,,,,,,,,,,,,,,,,,,,,,,,,,,,,,,,,,,,,,,,,,,,,,,,,,,,
278,2024-03-26,,,,,,,,,,,,,,,,,,,,,,,,,,,,,,,,,,,,,,,,,,,,,,,,,,,,,,,,
279,2024-03-27,,,,,,,,,,,,,,,,,,,,,,,,,,,,,,,,,,,,,,,,,,,,,,,,,,,,,,,,
280,2024-03-28,,,,,,,,,,,,,,,,,,,,,,,,,,,,,,,,,,,,,,,,,,,,,,,,,,,,,,,,
281,2024-03-29,,,,,,,,,,,,,,,,,,,,,,,,,,,,,,,,,,,,,,,,,,,,,,,,,,,,,,,,
282,2024-03-30,,,,,,,,,,,,,,,,,,,,,,,,,,,,,,,,,,,,,,,,,,,,,,,,,,,,,,,,
283,2024-03-31,,,,,,,,,,,,,,,,,,,,,,,,,,,,,,,,,,,,,,,,,,,,,,,,,,,,,,,,
284,2024-04-01,,,,,,,,,,,,,,,,,,,,,,,,,,,,,,,,,,,,,,92.0,-2.6,1.256,774.404,80.848,0.0,0.0,128.11563810058303,2024.0,-3.0,5.0,0.0,0.0,,,0.12811563810058302,,,
285,2024-04-02,,,,,,,,,,,,,,,,,,,,,,,,,,,,,,,,,,,,,,93.0,-4.2,1.525,782.9708333333333,68.65833333333333,0.0,0.0,213.7536440850798,2024.0,-4.2,9.8,2.4000000000000004,2.4000000000000004,,,0.2137536440850798,,,
286,2024-04-03,,,,,,,,,,,,,,,,,,,,,,,,,,,,,,,,,,,,,,94.0,-5.8,2.733333333333333,786.9520833333332,63.61666666666667,0.0,0.0,270.52620752235066,2024.0,-5.8,14.6,4.800000000000001,7.200000000000001,,,0.2705262075223507,,,
287,2024-04-04,,,,,,,,,,,,,,,,,,,,,,,,,,,,,,,,,,,,,,95.0,-5.0,4.625,781.3645833333334,62.10833333333333,0.0,0.0,321.980098788184,2024.0,-5.0,17.4,6.199999999999999,13.4,,,0.321980098788184,,,
288,2024-04-05,,,,,,,,,,,,,,,,,,,,,,,,,,,,,,,,,,,,,,96.0,0.2,8.049999999999999,774.3395833333334,45.40833333333333,0.3142857142857143,0.3142857142857143,587.6397054093492,2024.0,0.2,17.4,6.199999999999999,19.6,,,0.5876397054093492,,,
289,2024-04-06,,,,,,,,,,,,,,,,,,,,,,,,,,,,,,,,,,,,,,97.0,-4.2,0.2434782608695651,771.8847826086956,79.77391304347826,0.3142857142857143,0.0,125.7472657854024,2024.0,-5.0,1.0,0.0,19.6,,,0.1257472657854024,,,
290,2024-04-07,,,,,,,,,,,,,,,,,,,,,,,,,,,,,,,,,,,,,,98.0,-10.6,-3.6,779.2125,76.02499999999999,0.3142857142857143,0.0,112.23306335679383,2024.0,-10.6,3.8,0.0,19.6,,,0.11223306335679384,,,
291,2024-04-08,,,,,,,,,,,,,,,,,,,,,,,,,,,,,,,,,,,,,,99.0,-8.6,-0.8666666666666667,778.9958333333334,68.38333333333334,0.3142857142857143,0.0,181.2684584904252,2024.0,-8.6,8.2,1.5999999999999996,21.200000000000003,,,0.1812684584904252,,,
292,2024-04-09,,,,,,,,,,,,,,,,,,,,,,,,,,,,,,,,,,,,,,100.0,-7.8,0.5166666666666666,781.75,65.28333333333333,0.3142857142857143,0.0,220.15658970709205,2024.0,-7.8,11.0,3.0,24.200000000000003,,,0.22015658970709207,,,
293,2024-04-10,,,,,,,,,,,,,,,,,,,,,,,,,,,,,,,,,,,,,,101.0,-4.2,2.8666666666666667,783.7937499999999,60.18333333333334,0.3142857142857143,0.0,298.87408880974715,2024.0,-4.2,11.4,3.1999999999999997,27.4,,,0.29887408880974714,,,
294,2024-04-11,,,,,,,,,,,,,,,,,,,,,,,,,,,,,,,,,,,,,,102.0,-5.8,3.608333333333333,784.9875000000001,58.75,0.3142857142857143,0.0,326.3339215404639,2024.0,-5.8,15.0,5.0,32.400000000000006,,,0.3263339215404639,,,
295,2024-04-12,,,,,,,,,,,,,,,,,,,,,,,,,,,,,,,,,,,,,,103.0,-4.2,5.716666666666666,784.4208333333332,52.84166666666667,0.3142857142857143,0.0,432.4062425242773,2024.0,-4.2,21.0,8.0,40.400000000000006,,,0.4324062425242773,,,
296,2024-04-13,,,,,,,,,,,,,,,,,,,,,,,,,,,,,,,,,,,,,,104.0,0.2,10.166666666666666,783.46875,45.91666666666666,0.6285714285714287,0.3142857142857143,671.576825116623,2024.0,0.2,19.4,7.199999999999999,47.60000000000001,,,0.671576825116623,,,
297,2024-04-14,,,,,,,,,,,,,,,,,,,,,,,,,,,,,,,,,,,,,,105.0,-3.4,7.25,782.8708333333334,52.74166666666667,0.6285714285714287,0.0,481.6510096279633,2024.0,-3.4,20.6,7.800000000000001,55.400000000000006,,,0.48165100962796326,,,0.3123044827760239
298,2024-04-15,,,,,,,,,,,,,,,,,,,,,,,,,,,,,,,,,,,,,,106.0,-2.2,4.133333333333334,775.99375,54.85833333333333,0.6285714285714287,0.0,370.57916726268417,2024.0,-2.2,13.8,4.4,59.8,,,0.37057916726268414,,,0.32962330628760256
299,2024-04-16,,,,,,,,,,,,,,,,,,,,,,,,,,,,,,,,,,,,,,107.0,-0.2,3.1,779.5791666666668,83.01666666666667,0.8857142857142859,0.2571428571428572,129.61020532094005,2024.0,-1.4,11.0,3.0,62.8,,,0.12961020532094006,,,0.3236130606615926
300,2024-04-17,,,,,,,,,,,,,,,,,,,,,,,,,,,,,,,,,,,,,,108.0,-2.6,6.016666666666667,781.5083333333333,68.15833333333333,0.8857142857142859,0.0,298.09816202042583,2024.0,-2.6,18.2,6.6,69.4,,,0.2980981620204258,,,0.32558248598288364
301,2024-04-18,,,,,,,,,,,,,,,,,,,,,,,,,,,,,,,,,,,,,,109.0,2.2,8.366666666666667,780.9416666666666,56.29166666666666,1.4857142857142858,0.6,480.7283475270038,2024.0,2.2,14.6,4.800000000000001,74.2,,,0.4807283475270038,,,0.33692164660708507
302,2024-04-19,,,,,,,,,,,,,,,,,,,,,,,,,,,,,,,,,,,,,,110.0,0.6,7.524999999999999,781.2291666666666,68.25833333333334,1.8571428571428568,0.3714285714285714,329.6542832547734,2024.0,0.6,15.0,5.0,79.2,,,0.3296542832547734,,,0.3184941164531868
303,2024-04-20,,,,,,,,,,,,,,,,,,,,,,,,,,,,,,,,,,,,,,111.0,1.0,7.6521739130434785,782.8086956521738,68.47826086956522,2.2857142857142856,0.4285714285714285,330.2276680643991,2024.0,1.0,15.4,5.199999999999999,84.4,,,0.33022766806439907,,,0.33309985947311516
304,2024-04-21,,,,,,,,,,,,,,,,,,,,,,,,,,,,,,,,,,,,,,112.0,-3.4,6.9,786.225,60.06666666666666,2.2857142857142856,0.0,397.3365908384905,2024.0,-3.4,17.4,6.199999999999999,90.6,,,0.3973365908384905,,,0.35346439715037914
305,2024-04-22,,,,,,,,,,,,,,,,,,,,,,,,,,,,,,,,,,,,,,113.0,-0.6,8.43673469387755,782.7775510204082,49.795918367346935,2.4857142857142858,0.1999999999999999,554.8048690432128,2024.0,-0.6,21.4,8.2,98.8,,,0.5548048690432128,,,0.38014556933272114
306,2024-04-23,,,,,,,,,,,,,,,,,,,,,,,,,,,,,,,,,,,,,,114.0,2.6,11.7,781.1583333333333,47.583333333333336,3.142857142857143,0.6571428571428571,720.7597917876425,2024.0,2.6,22.6,8.8,107.6,,,0.7207597917876425,,,0.4159029409099034
307,2024-04-24,,,,,,,,,,,,,,,,,,,,,,,,,,,,,,,,,,,,,,115.0,1.4,11.866666666666667,781.9250000000001,46.14166666666667,3.628571428571429,0.4857142857142857,748.7817104640164,2024.0,1.4,21.8,8.4,116.0,,,0.7487817104640164,,,0.44803919959949395
308,2024-04-25,,,,,,,,,,,,,,,,,,,,,,,,,,,,,,,,,,,,,,116.0,3.0,10.975,777.9708333333333,39.66666666666666,4.342857142857143,0.7142857142857143,790.6890117438247,2024.0,3.0,19.8,7.4,123.40000000000002,,,0.7906890117438248,,,0.4812074203283055
309,2024-04-26,,,,,,,,,,,,,,,,,,,,,,,,,,,,,,,,,,,,,,117.0,2.2,5.675555555555556,774.5066666666668,80.94222222222223,4.942857142857142,0.6,174.2475113848866,2024.0,1.0,12.6,3.8000000000000007,127.20000000000002,,,0.1742475113848866,,,0.46276751096120616
310,2024-04-27,,,,,,,,,,,,,,,,,,,,,,,,,,,,,,,,,,,,,,118.0,2.6,3.9818181818181815,773.8818181818183,98.21818181818183,5.6,0.6571428571428571,14.472300420392711,2024.0,0.2,5.4,0.2000000000000001,127.40000000000002,,,0.01447230042039271,,,0.41583147348290395
311,2024-04-28,,,,,,,,,,,,,,,,,,,,,,,,,,,,,,,,,,,,,,119.0,4.2,7.021052631578947,779.3315789473684,79.30526315789473,6.485714285714286,0.8857142857142858,207.63187571480267,2024.0,0.2,9.8,2.4000000000000004,129.8,,,0.20763187571480268,,,0.3962586782033925
312,2024-04-29,,,,,,,,,,,,,,,,,,,,,,,,,,,,,,,,,,,,,,120.0,3.8,9.863157894736842,780.6105263157895,58.126315789473686,7.314285714285714,0.8285714285714285,509.49708759681454,2024.0,-1.0,13.8,4.4,134.20000000000002,,,0.5094970875968146,,,0.40618138679868754
313,2024-04-30,,,,,,,,,,,,,,,,,,,,,,,,,,,,,,,,,,,,,,121.0,3.0,9.625,778.5458333333332,53.125,8.028571428571428,0.7142857142857143,561.3019100244135,2024.0,1.0,16.2,5.6,139.8,,,0.5613019100244134,,,0.43701650856322133
314,2024-05-01,,,,,,,,,,,,,,,,,,,,,,,,,,,,,,,,,,,,,,122.0,0.2,6.341666666666666,777.2645833333332,63.025000000000006,8.342857142857143,0.3142857142857143,354.0210568783924,2024.0,0.2,16.6,5.800000000000001,145.60000000000002,,,0.3540210568783924,,,0.44101100105307606
315,2024-05-02,,,,,,,,,,,,,,,,,,,,,,,,,,,,,,,,,,,,,,123.0,-4.2,5.742857142857143,779.7742857142857,63.16571428571429,8.342857142857143,0.0,338.3568562098843,2024.0,-4.2,12.6,3.8000000000000007,149.40000000000003,,,0.3383568562098843,,,0.430841608816139
316,2024-05-03,,,,,,,,,,,,,,,,,,,,,,,,,,,,,,,,,,,,,,124.0,-1.8,7.766666666666667,778.3416666666667,45.325,8.371428571428572,0.0285714285714285,577.2802041710491,2024.0,-1.8,17.0,6.0,155.40000000000003,,,0.5772802041710492,,,0.448529174595873
317,2024-05-04,,,,,,,,,,,,,,,,,,,,,,,,,,,,,,,,,,,,,,125.0,-3.8,7.258333333333333,780.9604166666667,56.90833333333333,8.371428571428572,0.0,439.43572446057055,2024.0,-3.8,19.8,7.4,162.80000000000004,,,0.43943572446057055,,,0.4563297500527424
318,2024-05-05,,,,,,,,,,,,,,,,,,,,,,,,,,,,,,,,,,,,,,126.0,1.8,9.75,775.06875,52.76666666666667,8.914285714285715,0.5428571428571428,570.3623163129276,2024.0,1.8,19.0,7.0,169.80000000000004,,,0.5703623163129277,,,0.4686887304437736
319,2024-05-06,,,,,,,,,,,,,,,,,,,,,,,,,,,,,,,,,,,,,,127.0,-2.6,2.3217391304347825,773.2543478260869,87.40869565217392,8.914285714285715,0.0,90.91618519742394,2024.0,-2.6,3.8,0.0,169.80000000000004,,,0.09091618519742395,,,0.43555382445478863
320,2024-05-07,,,,,,,,,,,,,,,,,,,,,,,,,,,,,,,,,,,,,,128.0,-3.0,1.6083333333333334,775.1458333333334,78.58333333333333,8.914285714285715,0.0,146.94092545604065,2024.0,-3.0,7.8,1.4000000000000004,171.20000000000005,,,0.14694092545604065,,,0.39456676257396
321,2024-05-08,,,,,,,,,,,,,,,,,,,,,,,,,,,,,,,,,,,,,,129.0,-5.4,1.5166666666666666,776.6770833333334,57.4,8.914285714285715,0.0,290.3628121957865,2024.0,-5.4,5.4,0.2000000000000001,171.40000000000003,,,0.29036281219578647,,,0.36182255555480075
322,2024-05-09,,,,,,,,,,,,,,,,,,,,,,,,,,,,,,,,,,,,,,130.0,-4.2,2.475,781.44375,63.01666666666667,8.914285714285715,0.0,269.9753734960138,2024.0,-4.2,11.4,3.1999999999999997,174.60000000000002,,,0.2699753734960138,,,0.32462872425138567
323,2024-05-10,,,,,,,,,,,,,,,,,,,,,,,,,,,,,,,,,,,,,,131.0,-2.2,5.616666666666667,784.96875,65.7,8.914285714285715,0.0,312.3292591293443,2024.0,-2.2,13.4,4.199999999999999,178.8,,,0.3123292591293443,,,0.3344917062331326
324,2024-05-11,,,,,,,,,,,,,,,,,,,,,,,,,,,,,,,,,,,,,,132.0,-2.2,4.7250000000000005,782.7041666666668,73.65833333333333,8.914285714285715,0.0,225.407462349872,2024.0,-2.2,13.0,4.0,182.8,,,0.225407462349872,,,0.34955850351380974
325,2024-05-12,,,,,,,,,,,,,,,,,,,,,,,,,,,,,,,,,,,,,,133.0,1.8,8.357575757575757,780.2666666666667,70.31515151515151,9.457142857142856,0.5428571428571428,326.2888379042539,2024.0,1.0,15.8,5.4,188.2,,,0.3262888379042539,,,0.35803400081305625
326,2024-05-13,,,,,,,,,,,,,,,,,,,,,,,,,,,,,,,,,,,,,,134.0,1.4,12.303225806451612,782.058064516129,58.20645161290323,9.942857142857145,0.4857142857142857,598.0050731800524,2024.0,-0.2,20.2,7.6,195.8,,,0.5980050731800524,,,0.3643559997832875
327,2024-05-14,,,,,,,,,,,,,,,,,,,,,,,,,,,,,,,,,,,,,,135.0,3.0,10.65,781.5979166666666,64.24166666666666,10.657142857142857,0.7142857142857143,458.59495228217406,2024.0,3.0,21.4,8.2,204.0,,,0.45859495228217406,,,0.35701978851598465
328,2024-05-15,,,,,,,,,,,,,,,,,,,,,,,,,,,,,,,,,,,,,,136.0,2.2,9.791666666666666,781.2833333333333,58.15,11.257142857142856,0.6,506.77190966581776,2024.0,2.2,16.2,5.6,209.6,,,0.5067719096658178,,,0.3679305637150865
329,2024-05-16,,,,,,,,,,,,,,,,,,,,,,,,,,,,,,,,,,,,,,137.0,-0.6,8.383333333333333,780.9916666666667,61.86666666666667,11.457142857142856,0.1999999999999999,419.8863246987315,2024.0,-0.6,19.0,7.0,216.6,,,0.41988632469873155,,,0.3737540971785756
330,2024-05-17,,,,,,,,,,,,,,,,,,,,,,,,,,,,,,,,,,,,,,138.0,1.0,11.175,780.1354166666666,49.225,11.885714285714284,0.4285714285714285,674.3237973074305,2024.0,1.0,20.6,7.800000000000001,224.4,,,0.6743237973074305,,,0.38068578240260287
331,2024-05-18,,,,,,,,,,,,,,,,,,,,,,,,,,,,,,,,,,,,,,139.0,4.6,11.489795918367347,781.9979591836735,52.03265306122449,12.828571428571427,0.9428571428571428,650.470479534479,2024.0,4.6,18.6,6.800000000000001,231.2,,,0.650470479534479,,,0.3957596934793105
332,2024-05-19,,,,,,,,,,,,,,,,,,,,,,,,,,,,,,,,,,,,,,140.0,4.2,12.907692307692308,781.4128205128205,59.04615384615385,13.714285714285714,0.8857142857142858,609.7008026757369,2024.0,2.6,20.6,7.800000000000001,239.00000000000003,,,0.6097008026757369,,,0.3985695853623684
333,2024-05-20,,,,,,,,,,,,,,,,,,,,,,,,,,,,,,,,,,,,,,141.0,3.4,12.266666666666666,778.21875,41.04166666666666,14.485714285714286,0.7714285714285715,841.5816559099386,2024.0,3.4,19.8,7.4,246.40000000000003,,,0.8415816559099386,,,0.4521885475561195
334,2024-05-21,,,,,,,,,,,,,,,,,,,,,,,,,,,,,,,,,,,,,,142.0,0.6,6.433333333333334,778.9583333333334,70.875,14.857142857142858,0.3714285714285714,280.6300860646056,2024.0,-1.4,11.0,3.0,249.40000000000003,,,0.2806300860646056,,,0.46173777331387406
335,2024-05-22,,,,,,,,,,,,,,,,,,,,,,,,,,,,,,,,,,,,,,143.0,-4.2,5.058536585365854,782.5170731707317,67.49268292682926,14.857142857142858,0.0,284.7256580955894,2024.0,-4.2,16.2,5.6,255.00000000000003,,,0.28472565809558936,,,0.4613351194495743
336,2024-05-23,,,,,,,,,,,,,,,,,,,,,,,,,,,,,,,,,,,,,,144.0,3.4,10.316666666666666,776.6145833333334,41.208333333333336,15.62857142857143,0.7714285714285715,737.4028924094207,2024.0,3.0,17.0,6.0,261.0,,,0.7374028924094207,,,0.49472279937196045
337,2024-05-24,,,,,,,,,,,,,,,,,,,,,,,,,,,,,,,,,,,,,,145.0,-2.6,6.083333333333333,780.9520833333332,66.675,15.62857142857143,0.0,313.4276512391765,2024.0,-2.6,14.6,4.800000000000001,265.8,,,0.3134276512391765,,,0.4948012559512342
338,2024-05-25,,,,,,,,,,,,,,,,,,,,,,,,,,,,,,,,,,,,,,146.0,2.2,9.708333333333334,776.8520833333333,52.475,16.22857142857143,0.6,572.2807018918438,2024.0,2.2,15.4,5.199999999999999,271.0,,,0.5722807018918438,,,0.5195779159185179
339,2024-05-26,,,,,,,,,,,,,,,,,,,,,,,,,,,,,,,,,,,,,,147.0,1.0,7.8255319148936175,781.9553191489362,69.9063829787234,16.65714285714286,0.4285714285714285,319.01883133544175,2024.0,1.0,15.8,5.4,276.4,,,0.31901883133544173,,,0.5190586297350313
340,2024-05-27,,,,,,,,,,,,,,,,,,,,,,,,,,,,,,,,,,,,,,148.0,0.2,9.958333333333334,786.4770833333333,56.39166666666667,16.97142857142857,0.3142857142857143,534.0007147381258,2024.0,0.2,20.6,7.800000000000001,284.2,,,0.5340007147381258,,,0.5144868898463223
341,2024-05-28,,,,,,,,,,,,,,,,,,,,,,,,,,,,,,,,,,,,,,149.0,0.2,11.358333333333334,787.84375,54.0,17.285714285714285,0.3142857142857143,618.383019486627,2024.0,0.2,22.6,8.8,293.0,,,0.618383019486627,,,0.525900323218069
342,2024-05-29,,,,,,,,,,,,,,,,,,,,,,,,,,,,,,,,,,,,,,150.0,1.8,12.933333333333332,784.8770833333333,50.958333333333336,17.82857142857143,0.5428571428571428,731.334711143162,2024.0,1.8,23.8,9.4,302.4,,,0.7313347111431621,,,0.5419405233235935
343,2024-05-30,,,,,,,,,,,,,,,,,,,,,,,,,,,,,,,,,,,,,,151.0,1.8,13.083333333333334,783.6270833333333,44.41666666666666,18.371428571428574,0.5428571428571428,837.0599981251545,2024.0,1.8,21.8,8.4,310.79999999999995,,,0.8370599981251545,,,0.5717386428540523
344,2024-05-31,,,,,,,,,,,,,,,,,,,,,,,,,,,,,,,,,,,,,,152.0,0.2,11.558333333333332,784.4791666666666,47.64166666666667,18.685714285714287,0.3142857142857143,713.2436910761468,2024.0,0.2,21.0,8.0,318.79999999999995,,,0.7132436910761468,,,0.5745186352661035
345,2024-06-01,,,,,,,,,,,,,,,,,,,,,,,,,,,,,,,,,,,,,,153.0,2.2,13.208333333333334,783.7145833333334,51.85,19.28571428571429,0.6,731.0637602629864,2024.0,2.2,23.8,9.4,328.19999999999993,,,0.7310637602629865,,,0.5802752981752827
346,2024-06-02,,,,,,,,,,,,,,,,,,,,,,,,,,,,,,,,,,,,,,154.0,3.0,14.241666666666667,780.2687500000001,43.79166666666666,19.99715665545612,0.7114423697418283,912.7381835566094,2024.0,3.0,23.4,9.2,337.3999999999999,,,0.9127381835566094,,,0.6019208253810592
347,2024-06-03,,,,,,,,,,,,,,,,,,,,,,,,,,,,,,,,,,,,,,155.0,7.4,14.65,780.1999999999999,46.775,20.99715665545612,1.0,887.41870878069,2024.0,7.4,23.0,10.2,347.5999999999999,,,0.8874187087806901,,,0.6051949005861129
348,2024-06-04,,,,,,,,,,,,,,,,,,,,,,,,,,,,,,,,,,,,,,156.0,7.8,14.966666666666669,781.0,58.19166666666666,21.99715665545612,1.0,711.4482115638108,2024.0,7.8,21.0,9.4,356.9999999999999,,,0.7114482115638108,,,0.6359676238360562
349,2024-06-05,,,,,,,,,,,,,,,,,,,,,,,,,,,,,,,,,,,,,,157.0,2.6,13.541666666666666,786.0500000000001,60.38333333333333,22.65429951259897,0.6571428571428571,614.7211908260315,2024.0,2.6,25.0,10.0,366.9999999999999,,,0.6147211908260315,,,0.659538733316802
350,2024-06-06,,,,,,,,,,,,,,,,,,,,,,,,,,,,,,,,,,,,,,158.0,4.2,15.691666666666668,786.9562500000001,52.925,23.54001379831326,0.8857142857142858,839.2457363292368,2024.0,4.2,27.8,11.4,378.3999999999999,,,0.8392457363292368,,,0.6668132221682174
351,2024-06-07,,,,,,,,,,,,,,,,,,,,,,,,,,,,,,,,,,,,,,159.0,6.6,16.408333333333335,784.9895833333334,49.43333333333334,24.526356461368465,0.9863426630552056,943.7034782233416,2024.0,6.6,26.6,11.6,389.9999999999999,,,0.9437034782233416,,,0.7118329240956577
352,2024-06-08,,,,,,,,,,,,,,,,,,,,,,,,,,,,,,,,,,,,,,160.0,6.2,15.35,784.0812500000001,63.80833333333334,25.526356461368465,1.0,631.2387538203263,2024.0,6.2,25.8,11.0,400.9999999999999,,,0.6312387538203263,,,0.7160442135191207
353,2024-06-09,,,,,,,,,,,,,,,,,,,,,,,,,,,,,,,,,,,,,,161.0,4.6,15.166666666666666,784.71875,62.725,26.469213604225608,0.9428571428571428,642.520769711908,2024.0,4.6,27.0,11.0,411.9999999999999,,,0.642520769711908,,,0.7391514948317255
354,2024-06-10,,,,,,,,,,,,,,,,,,,,,,,,,,,,,,,,,,,,,,162.0,7.0,15.433333333333332,784.8604166666668,60.93333333333334,27.469213604225608,1.0,685.037308584923,2024.0,7.0,24.6,10.8,422.7999999999999,,,0.6850373085849231,,,0.7499398229636397
355,2024-06-11,,,,,,,,,,,,,,,,,,,,,,,,,,,,,,,,,,,,,,163.0,5.8,16.366666666666667,786.09375,63.25,28.469213604225608,1.0,684.0317723076512,2024.0,5.8,28.2,12.0,434.7999999999999,,,0.6840317723076512,,,0.7546290195937128
356,2024-06-12,,,,,,,,,,,,,,,,,,,,,,,,,,,,,,,,,,,,,,164.0,6.6,17.974999999999998,786.5958333333333,51.98333333333333,29.44124422020557,0.9720306159799592,989.5020288641306,2024.0,6.6,30.6,13.6,448.3999999999999,,,0.9895020288641306,,,0.7730695422880676
357,2024-06-13,,,,,,,,,,,,,,,,,,,,,,,,,,,,,,,,,,,,,,165.0,5.4,17.766666666666666,787.1291666666666,49.125,30.399135616392595,0.9578913961870266,1034.747532201515,2024.0,5.4,31.8,13.6,462.0,,,1.034747532201515,,,0.7871900804363792
358,2024-06-14,,,,,,,,,,,,,,,,,,,,,,,,,,,,,,,,,,,,,,166.0,12.6,16.175,787.5729166666666,56.958333333333336,31.399135616392595,1.0,791.4118673325871,2024.0,7.4,21.8,9.6,471.6,,,0.7914118673325872,,,0.7927735215975533
359,2024-06-15,,,,,,,,,,,,,,,,,,,,,,,,,,,,,,,,,,,,,,167.0,4.6,12.38181818181818,785.3795454545453,77.5909090909091,32.341992759249734,0.9428571428571428,322.303002542244,2024.0,4.6,26.6,10.8,482.4,,,0.322303002542244,,,0.7635763246175004
360,2024-06-16,,,,,,,,,,,,,,,,,,,,,,,,,,,,,,,,,,,,,,168.0,14.2,25.31578947368421,779.4947368421052,28.105263157894736,32.89803720794257,0.5560444486928345,2320.657764182929,2024.0,4.2,28.2,11.6,494.0,,,2.320657764182929,,,0.8641420089479518
361,2024-06-17,,,,,,,,,,,,,,,,,,,,,,,,,,,,,,,,,,,,,,169.0,7.0,16.349999999999998,776.13125,46.125,33.8662505411454,0.968213333202827,1001.7173337509536,2024.0,7.0,26.6,11.8,505.8,,,1.0017173337509535,,,0.8723061964458277
362,2024-06-18,,,,,,,,,,,,,,,,,,,,,,,,,,,,,,,,,,,,,,170.0,7.4,16.466666666666665,777.2583333333333,34.35,34.76320215202244,0.8969516108770408,1229.7548451934697,2024.0,6.6,21.8,9.2,515.0,,,1.2297548451934697,,,0.9093280988479462
363,2024-06-19,,,,,,,,,,,,,,,,,,,,,,,,,,,,,,,,,,,,,,171.0,2.6,12.925,782.8937500000001,56.975,35.420345009165295,0.6571428571428571,641.2612107091122,2024.0,2.6,24.2,9.6,524.6,,,0.6412612107091122,,,0.9112238145538806
364,2024-06-20,,,,,,,,,,,,,,,,,,,,,,,,,,,,,,,,,,,,,,172.0,5.8,15.85,785.50625,61.26666666666667,36.420345009165295,1.0,697.5635652330687,2024.0,5.8,27.4,11.599999999999998,536.2,,,0.6975635652330687,,,0.9011036594755828
365,2024-06-21,,,,,,,,,,,,,,,,,,,,,,,,,,,,,,,,,,,,,,173.0,11.8,15.133333333333333,788.6533333333333,81.6,37.420345009165295,1.0,316.4874135999287,2024.0,9.0,18.6,8.8,545.0,,,0.3164874135999287,,,0.856302512002482
366,2024-06-22,,,,,,,,,,,,,,,,,,,,,,,,,,,,,,,,,,,,,,174.0,10.6,17.782608695652176,788.6130434782608,74.99130434782609,38.420345009165295,1.0,509.163327178636,2024.0,5.0,25.4,10.2,555.2,,,0.509163327178636,,,0.8475828386709326
367,2024-06-23,,,,,,,,,,,,,,,,,,,,,,,,,,,,,,,,,,,,,,175.0,13.0,23.822222222222223,788.6888888888889,50.266666666666666,39.24277002139814,0.8224250122328408,1468.2399608549094,2024.0,5.4,30.2,12.8,568.0,,,1.4682399608549095,,,0.9065627808954327
368,2024-06-24,216.0,,,,,,,,,,,,,,,,,,,,,,,,,,,,877.4925299122522,,,,,,C2,,176.0,176.0,7.8,17.275000000000002,787.5104166666666,68.64166666666667,40.24277002139814,1.0,618.3103175267837,2024.0,7.8,32.6,15.2,583.2,,,0.6183103175267837,,,0.9017965672484227
369,2024-06-25,,,,,,,,,,,,,,,,,,,,,,,,,,,,,,,,,,,,,,177.0,6.6,17.775000000000002,787.69375,61.81666666666666,41.24277002139814,1.0,777.0192579370649,2024.0,6.6,30.6,13.6,596.8000000000001,,,0.7770192579370649,,,0.9084385305076667
370,2024-06-26,119.0,2024-06-26,4570.270833333333,0.0104605611493371,95.60316896069833,1899.8056680419893,0.3613326240487444,1808.02098467872,0.3375638326009114,9.402175954576742e-06,786.6374999999999,0.2313541666666666,0.2781041666666666,0.2887083333333333,0.15475,0.2551840892353187,0.1568342226293164,0.0837175448840206,19.92083333333333,19.060416666666665,17.849999999999998,15.59375,0.0,786.6374999999999,68.075,17.599999999999998,2024-06-26,0.3375638326009114,875.1928977711768,2526.920604988002,2404.8383249345998,4478.000228516595,0.1874261441485307,0.2374261441485307,C2,6297.327344382117,178.0,178.0,8.2,17.408333333333335,788.1708333333332,67.83333333333333,42.24277002139814,1.0,639.6160505398271,2024.0,8.2,32.6,15.4,612.2,,,0.6396160505398272,,,0.8834466749130735
371,2024-06-27,120.0,2024-06-27,4601.0625,0.0104272221185459,95.91957930074618,1904.9599220367463,0.3607211428185051,1799.947980797963,0.3505172729492187,1.0812760017393684e-05,783.69375,0.2130833333333333,0.2604791666666666,0.2795416666666667,0.1529791666666666,0.2391519231696075,0.1378749995205,0.0735971796667303,19.20425531914894,18.810416666666665,18.09583333333333,15.947916666666666,2.0051,783.69375,76.6875,16.945833333333333,2024-06-27,0.3505172729492187,873.7585866786674,2533.7762486160777,2394.100468850899,4430.26105076716,0.1756509309013041,0.2256509309013041,C2,6179.3733855653045,179.0,179.0,11.8,16.86122448979592,785.1612244897959,76.4734693877551,43.24277002139814,1.0,451.88666516421927,2024.0,10.2,27.0,13.6,625.8000000000001,,,0.45188666516421927,,,0.8418137558389809
372,2024-06-28,217.0,,,,,,,,,,,,,,,,,,,,,,,,,,,,882.2131702912874,,,,,,C2,,180.0,180.0,11.0,19.22,783.885,67.26,44.24277002139814,1.0,729.3602643952373,2024.0,9.0,24.2,11.6,637.4000000000001,0.9887633879860166,,0.7293602643952373,,,0.8373814984863132
373,2024-06-29,,,,,,,,,,,,,,,,,,,,,,,,,,,,,,,,,,,,,,181.0,11.0,19.605128205128207,787.0717948717949,64.71794871794872,45.24277002139814,1.0,805.0419379843365,2024.0,10.2,30.6,15.4,652.8000000000001,,,0.8050419379843365,,,0.8718628510178911
374,2024-06-30,,,,,,,,,,,,,,,,,,,,,,,,,,,,,,,,,,,,,,182.0,11.0,19.826666666666668,789.5577777777778,66.04444444444445,46.24277002139814,1.0,785.4970293560303,2024.0,11.0,29.0,15.0,667.8000000000001,,,0.7854970293560304,,,0.7622085128159698
375,2024-07-01,218.0,,,,,,,,,,,,,,,,,,,,,,,,,,,,886.4307646666384,,,,,,C2,,183.0,183.0,14.6,19.64,786.0,68.13333333333334,47.24277002139814,1.0,728.6879161934761,2024.0,11.8,22.2,12.0,679.8000000000001,,,0.7286879161934761,,,0.7427064115618643
376,2024-07-02,219.0,,,,,,,,,,,,,,,,,,,,,,,,,,,,887.4482203924066,,,,,,C2,,184.0,184.0,12.6,19.347826086956523,785.9478260869565,60.45217391304348,48.24277002139814,1.0,888.0588202580071,2024.0,8.6,24.2,11.4,691.2,,,0.8880588202580071,,,0.7182995526379027
377,2024-07-03,220.0,,,,,,,,,,,,,,,,,,,,,,,,,,,,903.7619144047324,,,,,,C2,,185.0,185.0,6.6,17.49473684210526,786.4078947368421,61.76842105263157,49.24277002139814,1.0,764.3726050116961,2024.0,5.0,29.0,12.0,703.2,1.0062286610581619,,0.7643726050116961,,,0.7270932236595158
378,2024-07-04,122.0,2024-07-04,4641.833333333333,0.0103810856487839,96.3442139082088,1897.4314279691,0.3657003180001495,1831.957366081116,0.3193219502766927,6.612419720389128e-06,786.6750000000001,0.3179791666666666,0.3184583333333333,0.3041458333333333,0.1467291666666666,0.3113506382114225,0.2232553243647658,0.1191728904875519,16.925,16.962500000000002,16.860416666666666,16.010416666666668,0.0,786.6750000000001,60.82083333333333,14.460416666666667,2024-07-04,0.3193219502766927,902.9825537995844,2523.7626419066755,2436.675968327307,4659.630184943869,0.2286790284340127,0.2786790284340127,C2,6668.169592617723,186.0,186.0,3.0,14.266666666666666,788.2062500000001,60.61666666666667,49.95705573568385,0.7142857142857143,640.5619505984171,2024.0,3.0,25.8,10.4,713.6,1.0124486454558816,,0.640561950598417,,,0.7230216797570408
379,2024-07-05,123.0,2024-07-05,4634.916666666667,0.0103878090312958,96.2755640361802,1912.5262797787493,0.351029210670871,1853.0898880054533,0.3023363749186198,5.93581933841698e-06,788.3874999999999,0.2977291666666666,0.3014583333333333,0.2946249999999999,0.1456875,0.2945677769091761,0.2034083485706377,0.1085786460745572,16.270833333333332,16.329166666666666,16.266666666666666,15.722916666666668,0.0,788.3874999999999,60.10416666666666,13.522916666666667,2024-07-05,0.3023363749186198,897.6007498095978,2543.8402175812207,2464.7842143359658,4643.5917066460215,0.2163524488612599,0.2663524488612599,C2,6662.746640153546,187.0,187.0,1.8,13.325,789.8604166666668,59.9,50.499912878541,0.5428571428571428,613.4944593469412,2024.0,1.8,25.8,10.4,724.0,1.0162638568547886,,0.6134944593469412,,,0.7442364687389701
380,2024-07-06,124.0,2024-07-06,4799.0,0.0102081988800498,97.96641235963502,1941.204132069715,0.3259145282054707,1879.200596100619,0.2834078470865885,6.110252893154319e-06,786.2770833333334,0.2790833333333333,0.2869791666666666,0.2855833333333333,0.144,0.2794413549173088,0.1855202348743055,0.0990300352155442,16.429166666666667,16.214583333333334,15.94375,15.420833333333334,0.0,786.2770833333334,57.86041666666667,13.947916666666666,2024-07-06,0.2834078470865885,889.3181493811912,2581.984464163836,2499.513917171573,4662.294279613984,0.2052424813190247,0.2552424813190247,C2,6678.751202558699,188.0,188.0,2.6,13.758333333333333,787.7645833333332,57.65,51.157055735683855,0.6571428571428571,666.4645616240236,2024.0,2.6,27.4,11.2,735.2,1.0108360452527225,,0.6664645616240237,,,0.755472271199355
381,2024-07-07,125.0,2024-07-07,4911.479166666667,0.0100909923988398,99.10664483959188,1963.2920577339744,0.3085464913440625,1901.285690801504,0.2688509623209635,6.039898575340357e-06,784.2958333333332,0.2609791666666667,0.2749375,0.2763541666666667,0.1422708333333333,0.2653493901185118,0.1688554433815703,0.0901344293561435,17.01914893617021,16.875,16.308333333333334,15.341666666666669,0.0,784.2958333333332,55.05833333333334,15.245833333333332,2024-07-07,0.2688509623209635,888.1567162646104,2611.363487198326,2528.889174757943,4665.194941570534,0.1948922959542947,0.2448922959542947,C2,6679.985640503621,189.0,189.0,3.8,15.05,785.8020833333334,54.833333333333336,51.98562716425528,0.8285714285714285,772.7310050684783,2024.0,3.8,29.0,12.0,747.2,1.005264654908756,,0.7727310050684784,,,0.7057930600717528
382,2024-07-08,126.0,2024-07-08,4877.645833333333,0.010126752733546,98.7620353365151,1968.832951762116,0.3050030021127706,1903.9577755248472,0.267730712890625,6.311721463754517e-06,785.65,0.2426249999999999,0.2614583333333333,0.2669166666666667,0.140125,0.2506121682105752,0.1514275875939304,0.0808315025161105,17.119148936170212,17.056250000000002,16.516666666666666,15.402083333333332,0.0,785.65,58.99583333333334,14.597916666666668,2024-07-08,0.267730712890625,892.1017937412602,2618.733398513622,2532.443299297769,4623.3718899537525,0.1840681858542379,0.2340681858542379,C2,6604.978188833597,190.0,190.0,3.8,14.391666666666666,787.1354166666666,58.76666666666667,52.81419859282671,0.8285714285714285,676.0997786698505,2024.0,3.8,25.4,10.2,757.4000000000001,1.0031982063409255,,0.6760997786698505,,,0.709920878724829
383,2024-07-09,127.0,2024-07-09,4899.291666666667,0.0101032775269525,98.98445090546583,1991.808855468995,0.2874156999596758,1920.786836237697,0.2565269470214844,6.845342355152578e-06,786.4729166666666,0.2288333333333333,0.2515624999999999,0.2585416666666666,0.1386041666666666,0.2393928071313759,0.1381598626360506,0.0737492385749334,17.617021276595743,17.2,16.520833333333332,15.427083333333334,0.0,786.4729166666666,60.36041666666667,15.210416666666667,2024-07-09,0.2565269470214844,888.7015647829381,2649.293516041311,2554.827536271713,4633.205610670557,0.175827853969967,0.225827853969967,C2,6595.622937587401,191.0,191.0,3.8,15.016666666666666,787.9708333333333,60.15,53.64277002139814,0.8285714285714285,680.3100142138438,2024.0,3.8,29.4,12.2,769.6000000000001,1.0029665004781814,,0.6803100142138438,,,0.7030130756017418
384,2024-07-10,128.0,2024-07-10,4861.708333333333,0.0101426430751859,98.60278622424214,2008.490558844925,0.2761099733325702,1930.6031749192853,0.2509295145670573,7.472192207188201e-06,788.15,0.2166458333333333,0.2407708333333333,0.2519583333333333,0.1368125,0.2289243013945211,0.1257800797004531,0.0671409548968557,17.93777777777778,17.84375,17.110416666666666,15.608333333333334,0.0,788.15,61.68958333333333,15.86875,2024-07-10,0.2509295145670573,890.1067876313201,2671.481753867962,2567.8841919588244,4629.024033055075,0.1681390060048177,0.2181390060048177,C2,6563.636333627719,192.0,192.0,4.6,15.675,789.6104166666668,61.5,54.585627164255285,0.9428571428571428,685.639856732764,2024.0,4.6,29.0,12.0,781.6000000000001,1.003699316331377,,0.685639856732764,,,0.7063004903298087
385,2024-07-11,129.0,2024-07-11,4870.041666666667,0.0101335137916256,98.68872429982552,2042.8017156525275,0.2542745050400801,1954.9018165900989,0.2374382019042968,8.33234522796413e-06,788.1604166666666,0.2068541666666666,0.2310833333333333,0.24525,0.1354166666666666,0.2199237732619361,0.1151362889448282,0.0614593376109001,19.427659574468084,18.485416666666666,17.4375,15.785416666666668,0.0,788.1604166666666,65.89999999999999,17.01875,2024-07-11,0.2374382019042968,904.012873693113,2717.118826425737,2600.203675653428,4669.297541684318,0.1615283497987595,0.2115283497987594,C2,6587.696970104789,193.0,193.0,5.8,16.816666666666666,789.6729166666668,65.675,55.585627164255285,1.0,657.4372449883832,2024.0,5.8,30.6,13.2,794.8000000000002,1.0081753721139541,,0.6574372449883832,,,0.7209826746029633
386,2024-07-12,130.0,2024-07-12,4941.95652173913,0.0100679536308724,99.38959261279494,2036.2471657468864,0.2807451170189733,1956.692831262191,0.3027688731317934,7.518207016337643e-06,787.5833333333334,0.1953181818181818,0.2196818181818182,0.2379772727272727,0.1331590909090909,0.2094192182295935,0.1027138750488685,0.0548282976792589,19.27272727272728,18.913636363636364,18.175,16.09090909090909,0.0,787.5833333333334,56.01875,18.539583333333333,2024-07-12,0.3027688731317934,875.7609874994247,2708.4006572510675,2602.58589397969,4607.683842971154,0.1538130245541183,0.2038130245541183,C2,6522.924613324219,194.0,194.0,7.0,18.391666666666666,789.1291666666666,55.89166666666667,56.575297709759845,0.9896705455045604,933.054254385407,2024.0,7.0,31.0,14.0,808.8000000000002,1.0033124423028965,,0.933054254385407,,,0.7355322453165468
387,2024-07-13,131.0,2024-07-13,4991.770833333333,0.0100095862127937,99.9131878953166,2071.568176319417,0.2373068597693386,1996.1894001551948,0.2159919738769531,6.994975658271119e-06,788.53125,0.1850416666666666,0.2067916666666666,0.227875,0.1295416666666666,0.1984659354424191,0.0897608073670071,0.0479139966621588,20.5375,19.570833333333333,18.441666666666663,16.379166666666666,0.0,788.53125,49.71666666666667,18.241666666666667,2024-07-13,0.2159919738769531,872.738023337774,2755.380930500128,2655.1200533629085,4636.314166376763,0.1457681203254873,0.1957681203254873,C2,6577.092348968012,195.0,195.0,7.4,18.241666666666667,790.1791666666667,49.71666666666667,57.5272608241388,0.9519631143789544,1053.7180339873455,2024.0,7.4,30.6,14.0,822.8000000000002,0.9967854474236244,,1.0537180339873455,,,0.753294823602476
388,2024-07-14,132.0,2024-07-14,4965.520833333333,0.0100357186361849,99.65110435767272,2066.813776630096,0.2397231225004246,1986.711797768928,0.2204360961914062,7.4657649623800284e-06,789.1895833333333,0.177,0.19825,0.22075,0.1275,0.1905704509664496,0.0804238125330865,0.0429299423468062,21.58125,20.560416666666665,19.1375,16.73125,0.0,789.1895833333333,47.35833333333333,20.008333333333333,2024-07-14,0.2204360961914062,872.4824698433916,2749.0571307866157,2642.5139488762197,4587.569134448322,0.139969090237248,0.189969090237248,C2,6487.205432784549,196.0,196.0,8.6,20.008333333333333,790.8229166666666,47.35833333333333,58.42365290252705,0.8963920783882495,1231.5453491576015,2024.0,8.6,29.4,14.0,836.8000000000002,0.9849366606596182,1.0026811599627954,1.2315453491576016,,,0.7851554178740169
389,2024-07-15,133.0,2024-07-15,5011.854166666667,0.0099890233609289,100.11560786605509,2070.691863045816,0.2374498290448128,1982.3145270542184,0.2225634256998697,8.25496660983282e-06,788.15,0.1675416666666666,0.18875,0.2127083333333333,0.1252083333333333,0.1815297227497767,0.0697324822023293,0.0372229486063485,20.285416666666663,19.83125,19.15625,17.1125,0.1496,788.15,55.60833333333333,18.316666666666663,2024-07-15,0.2225634256998697,868.4654533203185,2754.215351249188,2636.665164360189,4551.150514617238,0.133328908104328,0.183328908104328,C2,6405.600038482698,197.0,197.0,9.8,18.316666666666663,789.7270833333333,55.60833333333333,59.41282723822249,0.9891743356954344,934.6421257746102,2024.0,9.8,27.8,13.8,850.6000000000001,0.9821950773538746,1.0012344804953965,0.9346421257746103,,,0.7998664328440979
390,2024-07-16,134.0,2024-07-16,5010.875,0.0099902588450835,100.10496585385596,2065.841499781873,0.2406243952129478,1966.2395767468445,0.2312126159667968,9.37657988653605e-06,787.2291666666666,0.162875,0.1830416666666666,0.2070833333333333,0.1233333333333333,0.176415926147821,0.0636850391860705,0.0339948452392422,19.7125,19.25,18.641666666666666,17.056250000000002,1.5867,787.2291666666666,70.84166666666667,16.133333333333333,2024-07-16,0.2312126159667968,867.3836956837388,2747.7639109363663,2615.283965304327,4514.436973217661,0.1295729561484811,0.1795729561484811,C2,6314.575664926729,198.0,198.0,8.2,16.133333333333333,788.7624999999999,70.84166666666667,60.41282723822249,1.0,534.7142446588366,2024.0,8.2,23.0,10.6,861.2000000000002,0.9801829785891503,0.9996187592112179,0.5347142446588367,,,0.7746275345870143
391,2024-07-17,135.0,2024-07-17,5004.979166666667,0.0099960403949597,100.04637997086296,2066.806745573947,0.2395724878645631,1980.535473984684,0.2235005696614583,8.067356160168804e-06,788.63125,0.1592916666666666,0.17775,0.20325,0.12125,0.1722536600974015,0.0587628514813828,0.0313673991169203,19.664583333333333,18.897916666666667,18.152083333333334,16.900000000000002,0.31,788.63125,66.21666666666667,15.708333333333334,2024-07-17,0.2235005696614583,869.0507795217892,2749.047778819224,2634.2988560927724,4494.976194876092,0.126515878886775,0.176515878886775,C2,6328.089735660975,199.0,199.0,6.2,15.708333333333334,790.1458333333334,66.21666666666667,61.41282723822249,1.0,602.9270115367593,2024.0,6.2,27.0,11.6,872.8000000000002,0.9788933862625003,0.9968236010780108,0.6029270115367593,4612.695786760381,6548.362524295306,0.7630957064816616
392,2024-07-18,136.0,2024-07-18,5088.854166666667,0.0099137638591295,100.87970788728678,2082.7218817227254,0.2309822269526222,1996.479933559752,0.2158063252766927,7.99627990870627e-06,788.4499999999999,0.1544166666666666,0.1714583333333333,0.1995416666666667,0.118625,0.1671659937466388,0.0527463094213782,0.0281557905693042,20.065217391304348,19.37708333333333,18.51875,16.86875,0.0,788.4499999999999,59.39166666666667,17.258333333333333,2024-07-18,0.2158063252766927,865.0082375200757,2770.2164099808447,2655.5064901752426,4502.572902668376,0.1227791189277387,0.1727791189277387,C2,6338.258505338673,200.0,200.0,7.4,17.258333333333333,790.00625,59.39166666666667,62.41282723822249,1.0,799.854413025725,2024.0,7.4,28.2,12.8,885.6000000000001,0.9775942017354177,0.9937656711267256,0.799854413025725,4601.477409454989,6524.797446632517,0.7744737395121836
393,2024-07-19,137.0,2024-07-19,5043.375,0.0099587723657218,100.42652464039504,2086.523676271338,0.2290276983420951,1983.794955835674,0.2226193745930989,9.602244353807928e-06,788.9604166666667,0.1505,0.1664166666666666,0.19275,0.115625,0.1623892042143567,0.0470974022110114,0.0251404241843329,19.625,19.39375,18.829166666666666,17.03125,0.77129996,788.9604166666667,68.51666666666667,16.908333333333335,2024-07-19,0.2226193745930989,885.6469108146372,2775.273155069263,2638.634274177581,4484.919904846624,0.1192706899887421,0.1692706899887421,C2,6259.327392176007,201.0,201.0,11.0,16.908333333333335,790.46875,68.51666666666667,63.41282723822249,1.0,606.526884511033,2024.0,11.0,26.2,13.6,899.2000000000002,0.9844573216225768,0.9928030730900296,0.606526884511033,4590.14370932646,6495.981786062692,0.773976055595333
394,2024-07-20,138.0,2024-07-20,4800.25,0.010207062827471,97.97854271577346,1990.6750632885787,0.2884907033751662,1894.9226121394288,0.272741953531901,9.355713657597908e-06,788.8333333333334,0.1717499999999999,0.1663333333333333,0.188875,0.2437916666666666,0.1747790212847743,0.0617492780182279,0.0329615428787195,18.216666666666665,18.022916666666667,17.65625,16.402083333333334,5.5271,788.8333333333334,75.53333333333333,15.95,2024-07-20,0.272741953531901,885.1405204103604,2647.785465575591,2520.4256803843687,4342.044036132749,0.1283706916666391,0.1783706916666391,C2,6073.382195992742,202.0,202.0,8.2,16.663636363636364,790.2477272727273,73.30909090909091,64.41282723822249,1.0,506.275355283097,2024.0,7.8,26.6,12.2,911.4000000000002,0.9905036732578248,0.9924666642219613,0.506275355283097,4567.268691934944,6452.741142736551,0.7625339694281239
395,2024-07-21,139.0,2024-07-21,4898.979166666667,0.010104278873013,98.97908266997815,1995.745278611398,0.2850165947627494,1917.404220889292,0.2590344746907552,7.569692522546791e-06,787.7333333333332,0.1730416666666666,0.1682916666666667,0.1858333333333333,0.3712083333333333,0.1787385847128094,0.0664317548674532,0.035461032207142,18.316666666666663,17.84375,17.091666666666665,15.3375,0.0,787.7333333333332,58.60833333333333,16.675,2024-07-21,0.2590344746907552,880.0853937751292,2654.52932984891,2550.328339029375,4372.7457708314605,0.131278889070529,0.181278889070529,C2,6175.089442162536,203.0,203.0,9.0,16.675,789.2416666666667,58.60833333333333,65.41282723822249,1.0,785.6876038569636,2024.0,9.0,25.0,12.0,923.4000000000002,0.9961695064747157,0.9918167107480027,0.7856876038569636,4546.379465453582,6416.677128569332,0.7634594407701586
396,2024-07-22,140.0,2024-07-22,4932.520833333333,0.0100700461511663,99.31672250699737,1988.6902679558088,0.2899270360021458,1919.4557173827,0.2579256693522135,6.688776590483167e-06,787.3333333333334,0.164875,0.1662916666666666,0.2067916666666666,0.38875,0.1784206910291017,0.0660558220552807,0.0352603606218923,17.726086956521737,17.239583333333332,16.412499999999998,14.7125,0.0,787.3333333333334,57.525,15.458333333333334,2024-07-22,0.2579256693522135,885.2008746753594,2645.1455007058003,2553.057022729743,4355.726776319792,0.1310454043436205,0.1810454043436205,C2,6179.523530530353,204.0,204.0,5.8,15.458333333333334,788.8416666666667,57.525,66.41282723822249,1.0,745.9982279312059,2024.0,5.8,25.0,10.4,933.8000000000002,0.9960018908891833,0.9912610054932277,0.7459982279312058,4527.26195733687,6386.2875101191,0.7684521871459697
397,2024-07-23,141.0,2024-07-23,4942.25,0.0100594699485383,99.41682786108208,2011.56200233196,0.2739203830194531,1940.9744348964232,0.2450091044108072,6.741235017468054e-06,787.6395833333332,0.157375,0.1638333333333333,0.2725416666666667,0.347375,0.1846437173580044,0.0734150113312727,0.039188669432266,17.849999999999998,17.077083333333334,16.099999999999998,14.4,0.0,787.6395833333332,57.75,15.566666666666668,2024-07-23,0.2450091044108072,888.0534180234289,2675.567063205124,2581.678945273213,4436.413287019521,0.1356160569781797,0.1856160569781797,C2,6295.037353929698,205.0,205.0,5.4,15.566666666666668,789.1604166666666,57.75,67.41282723822249,1.0,747.2189412874925,2024.0,5.4,26.2,10.8,944.6,0.9970965264938247,0.9912088126538848,0.7472189412874924,4513.205362790368,6364.817111286407,0.7732313962226589
398,2024-07-24,142.0,2024-07-24,4833.333333333333,0.0101720517555761,98.31565999997244,2039.6595709841592,0.2559211901579132,1958.2001934291104,0.235357920328776,7.70839345745429e-06,789.5708333333333,0.152375,0.1622916666666666,0.277875,0.2144166666666666,0.1793690489140486,0.0671773254537621,0.0358590151089417,18.18958333333333,17.3625,16.3,14.61875,0.0,789.5708333333333,58.68333333333334,16.358333333333334,2024-07-24,0.235357920328776,899.257101444162,2712.939477853451,2604.5908277383587,4472.133782546382,0.1317419487958278,0.1817419487958278,C2,6311.386708039018,206.0,206.0,7.4,16.358333333333334,791.0625,58.68333333333334,68.41282723822249,1.0,768.623577644745,2024.0,7.4,28.2,12.8,957.4,1.0043010481090544,0.9919456532717907,0.768623577644745,4501.99891632546,6346.799280887214,0.779158804859229
399,2024-07-25,143.0,2024-07-25,4800.083333333333,0.0102074770925474,97.97608226750395,2011.5971314026456,0.2744780157110416,1926.9263286985145,0.2534535725911458,8.13698813789832e-06,789.7020833333332,0.1505,0.1615833333333333,0.2708333333333333,0.1995,0.1766443897858148,0.063955214349378,0.034139063771279,18.78333333333333,17.837500000000002,16.695833333333333,14.9625,0.91429996,789.7020833333332,59.49166666666667,17.775000000000002,2024-07-25,0.2534535725911458,877.6964131448824,2675.613788180232,2562.9936399234607,4397.041261399038,0.1297407568090773,0.1797407568090772,C2,6190.014950163609,207.0,207.0,7.8,17.775000000000002,791.2229166666666,59.49166666666667,69.41282723822249,1.0,824.3323031060829,2024.0,7.8,28.6,13.2,970.6,1.0014809521509715,0.9898264869297315,0.824332303106083,4482.552039162227,6318.393422319986,0.7910798804390646
400,2024-07-26,144.0,2024-07-26,4894.833333333333,0.0101079444826615,98.9391878199058,2017.081354420338,0.269988196656591,1922.244591820464,0.2555656433105469,9.14146947936356e-06,786.84375,0.1480416666666666,0.161375,0.262375,0.1927083333333333,0.1737745555615851,0.0605614229477996,0.0323274701074384,18.67872340425532,18.21875,17.325,15.33125,0.46089998,786.84375,59.775,18.466666666666665,2024-07-26,0.2555656433105469,898.1979943165011,2682.908321710095,2556.766488597783,4394.56002441307,0.1276329374516688,0.1776329374516688,C2,6153.213143173731,208.0,208.0,13.8,18.466666666666665,788.3312500000001,59.775,70.41282723822249,1.0,854.916016057635,2024.0,12.2,25.0,13.6,984.2000000000002,1.0052931748513438,0.9916332553428379,0.854916016057635,4467.32890926522,6291.985460166381,0.7854985777013666
401,2024-07-27,145.0,2024-07-27,4880.9375,0.0101233673425935,98.79524687389736,1968.1293150025765,0.3053497497668523,1873.5634659122568,0.2879562377929687,9.354619214734594e-06,783.4958333333334,0.15825,0.1628333333333333,0.2691666666666666,0.189125,0.1800955872046883,0.0680365107624022,0.0363176451415576,17.74468085106383,17.439583333333335,16.820833333333333,15.5125,4.2560997,783.4958333333334,70.74166666666666,17.016666666666666,2024-07-27,0.2879562377929687,902.2748356365996,2617.797495302037,2492.016002692429,4318.814160511614,0.1322755724664842,0.1822755724664842,C2,6043.637225130937,209.0,209.0,9.8,17.645454545454545,784.9295454545455,68.08181818181818,71.41282723822249,1.0,644.2442576666169,2024.0,9.8,26.6,13.200000000000005,997.4000000000002,1.00642720691535,0.9940117445914461,0.644244257666617,4444.65033741771,6253.881522749447,0.7562504508213147
402,2024-07-28,146.0,2024-07-28,5130.083333333333,0.0098734765217644,101.28881081159976,2019.5812932478968,0.2688280725034336,1949.117365459287,0.2407760620117187,6.714982763227036e-06,781.9458333333333,0.168625,0.1662083333333333,0.2619583333333333,0.1849999999999999,0.1846587725097714,0.0734328151626526,0.0391981730535272,17.928260869565218,17.510416666666668,16.76875,15.5,0.1489,781.9458333333333,51.625,17.724999999999998,2024-07-28,0.2407760620117187,904.1918268356076,2686.233475982889,2592.5098104350664,4454.172974300652,0.1356271145995766,0.1856271145995766,C2,6321.387257091729,210.0,210.0,8.6,17.724999999999998,783.49375,51.625,72.38741456336396,0.9745873251414656,981.3205595473104,2024.0,8.6,26.2,12.4,1009.8000000000002,1.016383898511874,0.9965651807552149,0.9813205595473103,4435.122040264306,6242.037367342818,0.7383772515634366
403,2024-07-29,147.0,2024-07-29,5157.0,0.0098479960198972,101.55306716881516,2062.6817265446653,0.2422555877463166,2006.808008728008,0.2107696533203125,5.156711690305287e-06,784.8000000000001,0.1634583333333333,0.16525,0.2541666666666666,0.1805833333333333,0.1804608441311044,0.0684684541150084,0.0365482149521699,17.227272727272727,16.945833333333333,16.439583333333335,15.4625,0.0,784.8000000000001,43.54166666666666,16.541666666666668,2024-07-29,0.2107696533203125,901.3626418775268,2743.56111470594,2669.2438036234275,4528.146983769873,0.1325438442758547,0.1825438442758547,C2,6476.295310380783,211.0,211.0,5.0,16.541666666666668,786.3583333333332,43.54166666666666,73.33659114097011,0.9491765776061576,1062.6349516602952,2024.0,5.0,27.0,11.0,1020.8000000000002,1.0175731390402396,0.9992142685613448,1.062634951660295,4433.478930918064,6247.0870296212515,0.7475195962695571
404,2024-07-30,148.0,2024-07-30,5147.666666666667,0.0098568423920813,101.46139789235384,2085.3226218226064,0.2296915127224917,2030.517100989987,0.2000223795572916,4.998791119418351e-06,784.8208333333333,0.1565833333333333,0.163375,0.24525,0.1765,0.1749747404393213,0.0619807304060409,0.033085091332242,17.49772727272727,17.15625,16.458333333333332,15.33125,0.0,784.8208333333333,41.29166666666666,16.5,2024-07-30,0.2000223795572916,891.5199415218788,2773.6756394468675,2700.779131036206,4549.50986738066,0.1285144423471093,0.1785144423471093,C2,6509.354451162018,212.0,212.0,5.0,16.5,786.3958333333334,41.29166666666666,74.27344781411568,0.93685667314557,1102.0586459341764,2024.0,5.0,27.4,11.2,1032.0000000000002,1.0135315654643935,1.0011578703504267,1.1020586459341764,4435.984137643994,6260.999800066629,0.7880441963606526
405,2024-07-31,149.0,2024-07-31,5079.979166666667,0.0099219034148499,100.79345152251096,2073.9783418029792,0.2355147782244876,2019.1007268350104,0.2048975626627604,5.037194713673375e-06,785.4916666666667,0.1509583333333333,0.1609583333333333,0.2374583333333333,0.1719583333333333,0.1700721727209233,0.0561830811802147,0.0299903269935167,17.7,17.245833333333334,16.547916666666666,15.325,0.0,785.4916666666667,43.125,16.141666666666666,2024-07-31,0.2048975626627604,884.6975457676454,2758.5866777638053,2685.5942773578845,4499.09862147271,0.1249136325684124,0.1749136325684124,C2,6433.775988832739,213.0,213.0,3.8,16.141666666666666,787.0604166666667,43.125,75.06485121645184,0.7914034023361526,1043.5454806327896,2024.0,3.8,28.6,11.8,1043.8000000000002,1.0062058242340308,1.0024178460348285,1.0435454806327895,4436.278596686609,6268.548818150326,0.8195169441532263
406,2024-08-01,150.0,2024-08-01,4879.729166666667,0.0101238084040793,98.7856704885205,2105.811621826943,0.2180290038726315,2052.4845266674934,0.1899312337239583,4.812177119473938e-06,788.9708333333333,0.146375,0.1589166666666666,0.2282499999999999,0.1688333333333333,0.1655644658383244,0.0508523841211863,0.0271448200447106,17.884444444444444,17.335416666666667,16.572916666666668,15.34375,0.0,788.9708333333333,41.30833333333333,16.566666666666666,2024-08-01,0.1899312337239583,887.6790465609098,2800.9279406466617,2729.9978777305687,4543.786296104957,0.1216028379084122,0.1716028379084122,C2,6502.570692711081,214.0,214.0,4.2,16.566666666666666,790.5145833333332,41.30833333333333,75.89342932244232,0.82857810599048,1106.427488034395,2024.0,4.2,30.2,12.6,1056.4,1.0010636762347758,1.00424344166835,1.1064274880343952,4439.2224105035075,6280.2854029626415,0.8414150209395599
407,2024-08-02,151.0,2024-08-02,4811.708333333333,0.0101949488850969,98.09527034249226,2118.6221685873447,0.2112895224056721,2052.271576847821,0.1900189717610677,5.99325674485346e-06,790.7583333333333,0.1433333333333333,0.1569583333333333,0.2202916666666666,0.1647083333333333,0.1619932549281518,0.046629162871039,0.0248904797059951,18.88888888888889,18.1,17.039583333333333,15.5125,0.0,790.7583333333333,43.09166666666667,18.1,2024-08-02,0.1900189717610677,891.8194151815411,2817.9671752981644,2729.7146343987847,4551.716425020466,0.1189798754312431,0.1689798754312431,C2,6472.372688771706,215.0,215.0,7.4,18.1,792.275,43.09166666666667,76.8053082056893,0.9118788832469896,1181.9875736096335,2024.0,7.4,29.8,13.6,1070.0,1.0011762152162516,1.0047404904062143,1.1819875736096335,4443.993590515925,6295.502924148049,0.8825193558751742
408,2024-08-03,152.0,2024-08-03,4913.083333333333,0.0100896526432239,99.12181873036998,2123.457983784692,0.2090606967432684,2054.3419025765143,0.1893463134765625,6.238268463065549e-06,789.0104166666666,0.14075,0.155,0.2122916666666666,0.161,0.1586375599084921,0.0426608051143824,0.0227721845849489,19.71489361702128,18.772916666666667,17.641666666666666,15.775,0.0,789.0104166666666,42.71666666666667,18.941666666666663,2024-08-03,0.1893463134765625,892.7401387638392,2824.399265311184,2732.4683627568347,4543.30371178526,0.116515203827469,0.166515203827469,C2,6450.307593493232,216.0,216.0,9.0,18.941666666666663,790.5749999999999,42.71666666666667,77.69463114878396,0.8893229430946568,1254.1665820970984,2024.0,9.0,30.2,14.6,1084.6,1.004198535193369,1.0053524593067311,1.2541665820970984,4458.369281633962,6322.426166826655,0.93594015779046
409,2024-08-04,153.0,2024-08-04,5000.6875,0.0100001059429514,100.00422468332998,2107.250673149893,0.2174139470756436,2020.90673013195,0.2041130065917968,7.918965023713964e-06,786.7083333333334,0.13895,0.15335,0.20415,0.15675,0.155709351946632,0.0391979824471038,0.0209237422793528,21.29,19.74,18.2775,16.31,0.0,786.7083333333334,45.74166666666667,20.625,2024-08-04,0.2041130065917968,898.4983557305569,2802.842014544202,2687.996431967949,4492.155029308585,0.1143645104625298,0.1643645104625297,C2,6318.556868890058,217.0,217.0,13.0,20.625,788.25,45.74166666666667,78.56380731110238,0.8691761623184248,1318.6362805810409,2024.0,13.0,27.8,15.4,1100.0,1.008264315254291,1.0068351864068303,1.3186362805810408,4466.898514382327,6332.673840164335,0.9740079204136084
410,2024-08-05,154.0,2024-08-05,4604.666666666667,0.0104234751662857,95.95583236957287,1995.400072817344,0.2860395667650158,1887.473381754414,0.2790171305338542,1.0603035914952392e-05,788.5166666666668,0.147,0.1520833333333333,0.1986666666666666,0.1534583333333333,0.1579635679279316,0.0418637597070042,0.0223467246084966,20.116666666666667,19.69375,18.72083333333333,16.65625,5.325,788.5166666666668,77.55833333333334,17.466666666666665,2024-08-05,0.2790171305338542,911.9210336825984,2654.07017360539,2510.517501843878,4265.738695072252,0.1160201740688268,0.1660201740688268,C2,5921.248300124745,218.0,218.0,11.8,20.042424242424243,789.939393939394,67.35757575757576,79.56380731110238,1.0,765.2784848580749,2024.0,9.8,27.8,13.8,1113.8,1.0158182873621533,1.0089868610789936,0.7652784848580749,4460.470794293217,6314.225609421077,0.9753850816226706
411,2024-08-06,155.0,2024-08-06,4706.416666666667,0.0103082681071186,97.0163324420419,2026.964252620772,0.2639591391982891,1930.2077425559007,0.2510871887207031,9.281947171610647e-06,789.2520833333333,0.1540833333333333,0.153,0.1952916666666666,0.151,0.1608948171800558,0.045330178925143,0.0241970867400274,20.77446808510638,19.947916666666668,18.8125,16.8875,0.599,789.2520833333333,60.025,19.141666666666666,2024-08-06,0.2510871887207031,910.094142498144,2696.053507830849,2567.3582296439813,4348.945081973625,0.1181731011831709,0.1681731011831709,C2,6078.581129110441,219.0,219.0,9.8,19.141666666666666,790.7729166666667,60.025,80.56380731110238,1.0,886.2015496928661,2024.0,9.8,27.8,13.8,1127.6,1.0223397353819625,1.010761718354189,0.8862015496928661,4454.223065361367,6298.764450505417,0.985312410794483
412,2024-08-07,156.0,2024-08-07,4834.5,0.0101722944835624,98.32273296038638,2050.4500934536422,0.2503931323372648,1950.9927178016408,0.2399177551269531,9.431475809883393e-06,787.6479166666667,0.15125,0.1536249999999999,0.192375,0.1473333333333333,0.1591857430814056,0.043309072294074,0.0231182272776904,21.28085106382979,20.5625,19.335416666666667,17.181250000000002,1.392,787.6479166666667,59.05,19.383333333333333,2024-08-07,0.2399177551269531,898.5954518718949,2727.291889800313,2595.004205812037,4390.078921611611,0.1169178302556847,0.1669178302556847,C2,6130.804481557563,220.0,220.0,12.6,19.383333333333333,789.1770833333334,59.05,81.55706403522453,0.9932567241221496,921.5784828091208,2024.0,11.8,27.8,14.8,1142.4,1.022376223067937,1.010708438183734,0.9215784828091208,4448.362003866027,6285.865720042455,0.9962377611633668
413,2024-08-08,157.0,2024-08-08,4925.208333333333,0.0100768940175164,99.24513665997873,2069.3346665772874,0.2388950888400084,1975.2922080586352,0.2265942891438802,8.809691844889756e-06,786.63125,0.1446666666666666,0.1516666666666666,0.1884166666666666,0.1435833333333333,0.1546879741411816,0.0379901275875323,0.0202789936924417,19.17659574468085,19.13958333333333,18.85625,17.40625,1.2890999,786.63125,70.89999999999999,15.441666666666668,2024-08-08,0.2265942891438802,901.5805085100976,2752.410152023272,2627.324818206245,4405.643537317146,0.113614334758519,0.163614334758519,C2,6169.171204690425,221.0,221.0,7.0,15.441666666666668,788.1458333333334,70.89999999999999,82.55706403522453,1.0,510.5438537450528,2024.0,7.0,25.4,11.2,1153.6,1.0184903648854424,1.01263173523638,0.5105438537450527,4448.976452145891,6284.376881080085,0.9738243004947219
414,2024-08-09,158.0,2024-08-09,4846.5,0.0101581086409717,98.4498615616972,2057.961509658369,0.2455877958962413,1954.4209895116976,0.2377421061197916,9.801749139463313e-06,786.9416666666666,0.1446666666666666,0.1505416666666666,0.1852916666666666,0.1416666666666666,0.153711804030544,0.0368357341734496,0.0196627826331647,17.985416666666666,18.054166666666667,18.0625,17.1875,0.0,786.9416666666666,73.575,15.975,2024-08-09,0.2377421061197916,905.9951740302575,2737.2827813423555,2599.5641303187203,4376.007581894861,0.1128973629425327,0.1628973629425327,C2,6096.102708285363,222.0,222.0,12.2,15.975,788.3166666666666,73.575,83.55706403522453,1.0,479.71554168116495,2024.0,12.2,22.2,12.2,1165.8,1.0169500166057357,1.0132596130158442,0.4797155416811649,4447.651277680305,6280.297564302345,0.9470242666106883
415,2024-08-10,159.0,2024-08-10,4785.104166666667,0.0102233988185297,97.8232342378438,2054.468032763057,0.2471963463972558,1955.1598213830057,0.2371838887532552,9.40568525953304e-06,788.5479166666668,0.1468333333333333,0.1501249999999999,0.1831666666666666,0.1394583333333333,0.1541452354960241,0.037348298964928,0.019936387878354,17.25744680851064,17.129166666666666,17.060416666666665,16.80625,6.3339,788.5479166666668,78.38333333333334,14.666666666666666,2024-08-10,0.2371838887532552,908.24425764694,2732.636127793358,2600.546846346278,4370.985053631209,0.1132157071957775,0.1632157071957775,C2,6101.634087115655,223.0,223.0,7.8,14.666666666666666,789.8916666666668,78.38333333333334,84.55706403522453,1.0,360.8019728554706,2024.0,7.8,22.2,10.0,1175.8,1.0205759340757663,1.0137403082895373,0.36080197285547055,4451.3777700459905,6284.440197301253,0.9267783891241778
416,2024-08-11,160.0,2024-08-11,4437.479166666667,0.0106215501520598,94.18702490024047,1932.199435571693,0.337204635712132,1835.462927182317,0.3196932474772135,9.778241327392543e-06,788.30625,0.1865,0.16125,0.213375,0.1380833333333333,0.1815290663339136,0.0697317059419818,0.0372225342413624,16.517021276595745,16.608333333333334,16.697916666666668,16.50208333333333,8.0432,788.30625,78.09166666666667,15.458333333333334,2024-08-11,0.3196932474772135,897.0208480299734,2570.0073690823338,2441.338695009136,4246.756455840563,0.1333284259837752,0.1833284259837752,C2,5930.729366126615,224.0,224.0,9.4,16.333333333333332,789.6428571428571,74.96190476190476,85.55706403522453,1.0,465.0483488427655,2024.0,8.6,23.0,10.8,1186.6,1.0188624626910432,1.0131628561319164,0.4650483488427655,4436.562304441698,6256.536062232316,0.8899018026452817
417,2024-08-12,161.0,2024-08-12,4490.4375,0.0105538558868247,94.76235836182995,1934.8285529137456,0.3315822210831277,1844.1147977562407,0.3093299865722656,9.114762209330451e-06,787.525,0.2214583333333333,0.1810833333333333,0.2107083333333333,0.138,0.2039000568779077,0.0961870582100656,0.0513443062869993,17.902083333333334,17.40625,16.933333333333334,16.266666666666666,2.0823998,787.525,66.47500000000001,16.775000000000002,2024-08-12,0.3093299865722656,896.2064416805143,2573.5043429551465,2452.8464983559224,4354.273829025246,0.1497593426252024,0.1997593426252024,C2,6111.560399955999,225.0,225.0,9.0,16.775000000000002,788.8958333333334,66.47500000000001,86.55706403522453,1.0,640.4186143529411,2024.0,9.0,23.0,11.0,1197.6,1.0151839623186776,1.0127476465755096,0.6404186143529411,4424.142793388511,6230.483568630546,0.8597434928376136
418,2024-08-13,162.0,2024-08-13,4561.583333333333,0.0104707496239882,95.51155919323374,2014.271372631153,0.2815445713063128,1907.3296085687905,0.2733510335286458,1.037418716836832e-05,786.1895833333333,0.2110833333333333,0.1842916666666666,0.2053749999999999,0.1376666666666667,0.1992243992188927,0.0906577469258403,0.048392779777961,16.583333333333332,16.756249999999998,16.941666666666666,16.391666666666666,0.8707,786.1895833333333,84.22500000000001,14.458333333333334,2024-08-13,0.2733510335286458,916.4212531631424,2679.1707810751886,2536.9281550588857,4511.59418711253,0.146325192443607,0.196325192443607,C2,6289.3522616737455,226.0,226.0,11.4,14.458333333333334,787.5208333333334,84.22500000000001,87.55706403522453,1.0,259.7791275353654,2024.0,11.4,20.6,11.0,1208.6,1.01825678931777,1.014752856258118,0.25977912753536536,4421.434530512216,6214.769126524241,0.7995806700948415
419,2024-08-14,,,,,,,,,,,,,,,,,,,,,,,,,,,,,,,,,,,,,,227.0,8.2,14.51219512195122,788.3170731707318,79.67804878048781,88.55706403522453,1.0,335.8245483871909,2024.0,7.8,21.8,9.8,1218.4,,,0.3358245483871909,,,0.7490291749344414
420,2024-08-15,221.0,,,,,,,,,,,,,,,,,,,,,,,,,,,,899.044498279079,,,,,,C2,,228.0,228.0,5.4,15.0,788.9104166666666,66.58333333333333,89.55706403522453,1.0,569.8698658986874,2024.0,5.4,25.0,10.2,1228.6,,,0.5698698658986874,,,0.7107036304961766
421,2024-08-16,163.0,2024-08-16,4774.625,0.0102343341456033,97.71694544806348,2078.498882303747,0.2483462615801495,1998.4665684704053,0.2272377014160156,7.39913073770168e-06,786.4770833333333,0.21325,0.1994583333333333,0.1965,0.1316666666666666,0.2036008293783248,0.0958331995423327,0.0511554178007883,17.317021276595746,17.014583333333334,16.587500000000002,15.9625,0.0343,786.4770833333333,59.458333333333336,16.541666666666668,2024-08-16,0.2272377014160156,912.3482949320622,2764.5994227141064,2658.148901857008,4676.192815370996,0.149539567729996,0.199539567729996,C2,6621.169608326592,229.0,229.0,7.0,16.541666666666668,787.90625,59.458333333333336,90.55706403522451,1.0,763.0581608601235,2024.0,7.0,26.6,11.8,1240.4,,,0.7630581608601235,,,0.6807801010140687
422,2024-08-17,164.0,2024-08-17,4797.229166666667,0.0102105859121353,97.9467262252035,2024.655675921456,0.2658694861379345,1949.791785728053,0.2403157552083333,7.1100666824683685e-06,787.7604166666666,0.1958333333333333,0.1914166666666666,0.192875,0.1296666666666666,0.1921486009753218,0.0822900917367046,0.0439261554843195,16.37608695652174,16.479166666666668,16.400000000000002,16.022916666666667,0.0,787.7604166666666,57.44166666666666,15.9,2024-08-17,0.2403157552083333,910.3418458956204,2692.9828832254866,2593.406852960117,4501.536610824739,0.141128200791269,0.191128200791269,C2,6378.64291175583,230.0,230.0,6.2,15.9,789.1875,57.44166666666666,91.55706403522451,1.0,768.903591164189,2024.0,6.2,27.0,11.6,1251.9999999999998,1.0227986143371444,,0.768903591164189,,,0.6461184588045753
423,2024-08-18,165.0,2024-08-18,4535.958333333333,0.0105006246918526,95.24188247408476,1985.4027079504745,0.2926063483328869,1883.6363968335045,0.2807362874348958,1.0003343833266486e-05,789.5229166666667,0.1932083333333333,0.1859166666666666,0.1909166666666666,0.1275833333333333,0.1886902833387612,0.0782003751392113,0.0417430794498063,18.516666666666666,17.945833333333333,17.016666666666666,15.975,3.8693998,789.5229166666667,74.77499999999999,16.583333333333332,2024-08-18,0.2807362874348958,920.837156129912,2640.7727360292024,2505.4139502434305,4398.000692373854,0.1385881555172719,0.1885881555172719,C2,6137.228584374509,231.0,231.0,9.4,16.85217391304348,790.8869565217392,73.67826086956521,92.55706403522451,1.0,505.28551293499714,2024.0,9.4,25.0,12.2,1264.1999999999998,1.0309880608512507,,0.5052855129349971,,,0.5880219754012864
424,2024-08-19,166.0,2024-08-19,4625.625,0.0103985385657306,96.17805597634856,2001.501928577376,0.2810760585011199,1906.3923496164048,0.265875498453776,9.241866354751338e-06,789.6395833333332,0.194125,0.1817083333333333,0.188875,0.1255833333333333,0.1872928672715971,0.076547827199986,0.0408609552937662,18.08125,17.837500000000002,17.49375,16.460416666666664,2.1538,789.6395833333332,69.70833333333333,16.733333333333334,2024-08-19,0.265875498453776,917.9463117986392,2662.1862168976395,2535.6815123107176,4426.98216146015,0.1375617893906666,0.1875617893906666,C2,6202.175525920183,232.0,232.0,9.4,16.733333333333334,791.0208333333334,69.70833333333333,93.55706403522451,1.0,577.1242915217958,2024.0,9.4,26.2,12.8,1276.9999999999998,1.0330917354019962,,0.5771242915217958,,,0.5745823901629807
425,2024-08-20,167.0,2024-08-20,4713.291666666667,0.0103005841358477,97.0876879917339,2016.97134795288,0.2706666771766968,1921.0887696044872,0.2565155029296875,9.238485571382257e-06,789.8958333333334,0.1853333333333333,0.1785,0.186875,0.1234583333333333,0.1817391103429983,0.069980098530643,0.0373551253132693,17.96808510638298,17.835416666666667,17.279166666666665,16.5625,2.3813,789.8958333333334,73.44166666666666,15.408333333333331,2024-08-20,0.2565155029296875,912.3880733409392,2682.7620027396983,2555.229136108323,4434.110483588378,0.1334826979011279,0.1834826979011279,C2,6209.130622179876,233.0,233.0,7.8,15.408333333333331,791.2916666666666,73.44166666666666,94.55706403522451,1.0,464.9561610690609,2024.0,7.8,27.0,12.4,1289.4,1.0338606856757,,0.4649561610690609,,,0.544493433832709
426,2024-08-21,168.0,2024-08-21,4678.770833333333,0.0103431229177684,96.71714843028468,1981.84290185452,0.2983541518245421,1881.654214998332,0.2860399881998698,9.884613141771978e-06,789.0229166666667,0.1885,0.1761249999999999,0.1865833333333333,0.1217499999999999,0.1823141188716635,0.0706600886791826,0.037718101612872,17.71063829787234,17.645833333333332,17.347916666666666,16.61875,2.5569,789.0229166666667,75.16666666666667,16.033333333333335,2024-08-21,0.2860399881998698,929.6155664689064,2636.0378583914808,2502.77746157178,4359.6640509788485,0.133905026862558,0.183905026862558,C2,6086.0537576700735,234.0,234.0,10.2,16.033333333333335,790.3645833333334,75.16666666666667,95.55706403522451,1.0,452.5034713490217,2024.0,10.2,25.4,12.799999999999995,1302.1999999999998,1.037159517899018,,0.4525034713490217,,,0.5109880758712733
427,2024-08-22,169.0,2024-08-22,4609.354166666667,0.0104176129002003,96.00648121251344,1941.1077032227204,0.3278233103410339,1834.6446917463843,0.3178240458170573,1.074586414756326e-05,788.03125,0.2282083333333333,0.1836666666666666,0.1922083333333333,0.12,0.2041786212205394,0.0965164811651715,0.051520151077553,17.01875,17.10625,17.24375,16.68125,11.0227995,788.03125,85.175,14.933333333333332,2024-08-22,0.3178240458170573,913.3017342383264,2581.8562047084165,2440.2503647564317,4369.626744156668,0.1499639409635753,0.1999639409635752,C2,6081.637316465187,235.0,235.0,11.4,14.933333333333332,789.3312500000001,85.175,96.55706403522451,1.0,251.73451412360893,2024.0,10.6,21.0,10.8,1312.9999999999998,1.0354141355885558,,0.2517345141236089,,,0.4925016944697416
428,2024-08-23,170.0,2024-08-23,4521.5,0.0105171290664037,95.09078818307006,1902.2769410126373,0.3595018996220329,1801.4739558796523,0.343939463297526,1.0368058995362833e-05,786.5812500000001,0.2575833333333333,0.2245,0.1955,0.12,0.2320593957251477,0.129487560812981,0.0691199950020138,15.964583333333332,16.114583333333332,16.45,16.58125,2.6562998,786.5812500000001,87.64166666666667,13.95,2024-08-23,0.343939463297526,923.2360742904078,2530.2076309692,2396.1301595405757,4396.568555817235,0.1704416520815855,0.2204416520815855,C2,6143.4860637802985,236.0,236.0,9.8,14.265116279069767,787.9232558139535,86.2046511627907,97.55706403522451,1.0,224.35603233117885,2024.0,9.8,21.0,10.4,1323.4,1.0394906977118517,,0.22435603233117885,,,0.4742617295161712
429,2024-08-24,,,,,,,,,,,,,,,,,,,,,,,,,,,,,,,,,,,,,,237.0,11.0,15.475,788.409375,77.6875,98.55706403522451,1.0,392.29875111782576,2024.0,10.6,20.2,10.4,1333.8,,,0.39229875111782575,,,0.47651149939205373
430,2024-08-25,,,,,,,,,,,,,,,,,,,,,,,,,,,,,,,,,,,,,,238.0,7.8,12.356521739130434,789.7869565217391,89.66956521739131,99.55706403522451,1.0,148.33254079677104,2024.0,7.8,15.8,6.800000000000001,1340.6,,,0.14833254079677105,,,0.4538889416744826
431,2024-08-26,222.0,,,,,,,,,,,,,,,,,,,,,,,,,,,,889.2220234380802,,,,,,C2,,239.0,239.0,7.8,15.544444444444444,790.9222222222222,67.95555555555556,100.55706403522451,1.0,565.9203300084399,2024.0,7.4,22.2,9.8,1350.4,,,0.5659203300084399,,,0.44856763564987545
432,2024-08-27,172.0,2024-08-27,4406.895833333333,0.0106529621499194,93.878069594985,1880.402889168127,0.3803370216055173,1809.197785309512,0.3372764587402344,7.292936160358929e-06,790.0604166666667,0.2978333333333333,0.3095833333333333,0.2480416666666667,0.1179583333333333,0.2884371434124729,0.1961584206578417,0.1047086605875251,14.9625,15.0125,15.064583333333331,15.33125,0.1617,790.0604166666667,69.375,13.408333333333331,2024-08-27,0.3372764587402344,882.9070525895676,2501.113080273688,2406.4035806930874,4545.870834622926,0.2118496563834133,0.2618496563834134,C2,6475.308268881545,240.0,240.0,5.0,13.570212765957448,791.3553191489362,68.72340425531915,101.55706403522451,1.0,486.2135967585566,2024.0,5.0,23.4,9.2,1359.6,,,0.48621359675855663,,,0.4647415263086748
433,2024-08-28,173.0,2024-08-28,4551.291666666667,0.0104843304506236,95.39838976488272,1876.0475846700604,0.3860388891727477,1807.1311359475776,0.3402659098307292,7.066431236327521e-06,787.4125,0.2864583333333333,0.2964166666666666,0.2492083333333333,0.11725,0.2789398658708903,0.1849271869555959,0.0987134683660353,15.0625,15.1,15.135416666666666,15.2875,0.0,787.4125,65.325,14.008333333333333,2024-08-28,0.3402659098307292,895.440031859624,2495.3201147813256,2403.654742249343,4504.134009588445,0.2048741505246378,0.2548741505246378,C2,6420.116893991252,241.0,241.0,5.8,14.008333333333333,788.7916666666666,65.325,102.55706403522451,1.0,554.6160714927357,2024.0,5.8,24.6,10.2,1369.8,1.0024437900717225,,0.5546160714927357,,,0.48036949224478515
434,2024-08-29,174.0,2024-08-29,4656.9375,0.0103632618135785,96.50385189110524,1938.7492767494623,0.328686765286489,1864.0768817291748,0.294525146484375,7.41644842976324e-06,786.0770833333332,0.2751666666666666,0.284375,0.2483333333333333,0.116,0.2694854300322552,0.1737466167383224,0.0927453201309028,15.995833333333332,15.9125,15.610416666666666,15.35625,0.0,786.0770833333332,63.91666666666666,14.433333333333332,2024-08-29,0.294525146484375,908.0180640711568,2578.7192752051124,2479.3979515693954,4621.633114995639,0.1979301107937713,0.2479301107937712,C2,6571.88505395744,242.0,242.0,5.8,14.433333333333332,787.4791666666666,63.91666666666666,103.55706403522451,1.0,593.2523279582418,2024.0,5.8,23.8,9.8,1379.6,1.0095071400538664,,0.5932523279582418,,,0.4820396681061819
435,2024-08-30,175.0,2024-08-30,4614.958333333333,0.0104100386641418,96.0686734442292,1948.575602914416,0.3206911075341696,1882.522200111506,0.2814852396647135,6.492878351511252e-06,789.4395833333333,0.26475,0.27225,0.2449166666666666,0.116,0.2599926659628501,0.1625207205510236,0.0867529770557258,15.008333333333333,15.260416666666666,15.408333333333331,15.45,0.0,789.4395833333333,68.125,12.325,2024-08-30,0.2814852396647135,897.1326500751137,2591.789215186472,2503.9319635843794,4610.732471583193,0.1909579199641164,0.2409579199641164,C2,6584.2763264094265,243.0,243.0,3.0,12.325,790.8395833333334,68.125,104.27134974951024,0.7142857142857143,456.7386867301082,2024.0,3.0,25.0,10.0,1389.6,1.014852966640807,,0.4567386867301082,,,0.46015970566832365
436,2024-08-31,176.0,2024-08-31,4622.791666666667,0.0104015034305348,96.14927950185188,1953.2242511613467,0.3168128923971564,1896.4695470167835,0.2722002665201823,5.53810532575393e-06,789.8625000000001,0.2525416666666666,0.2599166666666667,0.24125,0.1144583333333333,0.2495170864410534,0.1501325723411152,0.0801402280242588,14.63125,14.997916666666669,15.208333333333334,15.3,0.8142,789.8625000000001,56.59166666666667,13.15,2024-08-31,0.2722002665201823,890.5833007313664,2597.972355513986,2522.4832495778487,4582.562975976295,0.1832638764860329,0.2332638764860329,C2,6572.52938198197,244.0,244.0,2.6,13.15,791.2791666666667,56.59166666666667,104.9284926066531,0.6571428571428571,656.5643026699361,2024.0,2.6,25.4,10.2,1399.8,1.0130278593005044,,0.656564302669936,,,0.45213547077587707
437,2024-09-01,177.0,2024-09-01,4680.63829787234,0.0103372226561976,96.74838995207584,1970.681362409032,0.3034610316314828,1906.398963803195,0.2661554864112367,6.247134270411474e-06,789.3957446808511,0.2435416666666666,0.2485833333333333,0.2376666666666666,0.114,0.2409049628683739,0.1399480987281366,0.0747037925797457,15.26875,15.295833333333334,15.170833333333334,15.20625,0.0,789.3957446808511,54.77446808510639,14.753191489361702,2024-09-01,0.2661554864112367,901.444519565708,2621.1919588962664,2535.69030980257,4590.035456717401,0.1769384934302363,0.2269384934302363,C2,6555.215332740911,245.0,245.0,5.0,14.891666666666666,790.7270833333333,54.16666666666666,105.9284926066531,1.0,776.182218505751,2024.0,5.0,25.4,10.2,1410.0,1.0105575919515675,,0.7761822185057511,,,0.4714852354595023
438,2024-09-02,178.0,2024-09-02,4759.104166666667,0.0102515140179236,97.55638132634,1999.881864110739,0.2823010196536356,1928.319382264026,0.2525431315104167,6.8730257465253545e-06,789.49375,0.233,0.2384583333333333,0.2329583333333333,0.1135416666666666,0.2317862146231563,0.1291645039384115,0.0689475484023914,15.395833333333334,15.516666666666666,15.402083333333332,15.2375,0.0,789.49375,61.583333333333336,13.858333333333334,2024-09-02,0.2525431315104167,890.326117973484,2660.0313784575724,2564.846532468081,4621.02940864144,0.1702410075948781,0.2202410075948781,C2,6574.174165106914,246.0,246.0,4.6,13.858333333333334,790.8874999999999,61.583333333333336,106.87134974951024,0.9428571428571428,608.5075125005716,2024.0,4.6,25.0,10.0,1420.0,1.007999770368978,,0.6085075125005716,,,0.4737268941008434
439,2024-09-03,179.0,2024-09-03,4750.6875,0.0102604065550175,97.47066022446552,1998.3965590140813,0.2832534818939175,1922.6330273788408,0.255713144938151,7.29288972622166e-06,788.2937499999999,0.2229583333333333,0.2284583333333333,0.2282499999999999,0.112,0.2229134034410419,0.1186717479306071,0.0633465529224913,15.172916666666666,15.245833333333332,15.15,15.21875,0.0,788.2937499999999,68.14166666666667,13.35,2024-09-03,0.255713144938151,895.1089251930048,2658.055782681344,2557.283144502481,4580.533642509728,0.1637241562010276,0.2137241562010276,C2,6498.492476327327,247.0,247.0,5.0,13.35,789.6833333333334,68.14166666666667,107.87134974951024,1.0,488.1998396452214,2024.0,5.0,24.2,9.6,1429.6,1.0097004513838963,,0.4881998396452214,,,0.47538715685628347
440,2024-09-04,180.0,2024-09-04,4777.125,0.0102323962893154,97.74017369674458,2021.055028127527,0.2680967705060355,1947.2055895529184,0.2416470845540364,7.0219423529254495e-06,788.85,0.2123499999999999,0.2189,0.22395,0.112,0.2140374000406571,0.108175216888403,0.057743542342784,13.645,14.095,14.78,15.2275,0.0,788.85,67.43333333333334,12.516666666666666,2024-09-04,0.2416470845540364,895.3741949974522,2688.193682279918,2589.966968284848,4593.855531743732,0.1572049602050371,0.2072049602050371,C2,6522.386879916437,248.0,248.0,4.6,12.516666666666666,790.1770833333334,67.43333333333334,108.81420689236737,0.9428571428571428,472.5646363312685,2024.0,4.6,22.6,8.8,1438.4,1.00741928867693,,0.4725646363312685,,,0.47682009721215823
441,2024-09-05,181.0,2024-09-05,4541.0,0.0104947282027359,95.29497800467144,2023.065174830105,0.2670177630726301,1944.6410384988133,0.2433815002441406,7.470538741003219e-06,791.3625000000001,0.2075416666666666,0.2129583333333333,0.2209583333333333,0.1100833333333333,0.2092421716545046,0.1025045043684499,0.0547165363618533,13.747916666666669,14.08125,14.329166666666666,14.95,1.5774,791.3625000000001,70.18333333333334,12.9,2024-09-05,0.2433815002441406,895.9145201415755,2690.867366861051,2586.555873660711,4577.060262744463,0.1536829884025579,0.2036829884025578,C2,6481.680997439603,249.0,249.0,5.4,12.9,792.6520833333334,70.18333333333334,109.81420689236737,1.0,443.6724535306347,2024.0,5.4,20.6,8.0,1446.4,1.0095193501273578,,0.4436724535306347,,,0.4905299500269458
442,2024-09-06,182.0,2024-09-06,4525.541666666667,0.0105121097251466,95.13424287400689,2034.1979808438105,0.2593139237063289,1965.896630991488,0.2311782836914062,6.432661624666833e-06,792.0604166666667,0.200375,0.2053749999999999,0.2165416666666666,0.1096666666666666,0.2025914066903866,0.0946394824941633,0.0505182159268381,12.952083333333334,13.422916666666666,13.83125,14.6625,0.0,792.0604166666667,65.8,12.375,2024-09-06,0.2311782836914062,897.7833877081314,2705.6750481837203,2614.8278151252957,4571.869975604285,0.1487981727520285,0.1987981727520285,C2,6505.63048315446,250.0,250.0,3.0,12.375,793.3916666666668,65.8,110.52849260665307,0.7142857142857143,491.667562691421,2024.0,3.0,23.4,9.2,1455.6,1.010524384385755,,0.491667562691421,,,0.5096236307669632
443,2024-09-07,183.0,2024-09-07,4613.125,0.0104122618406369,96.0491269705698,2054.055559068838,0.2474588807863861,1979.081170143208,0.2245457967122396,7.01466725257371e-06,789.3583333333332,0.194,0.1983333333333333,0.212125,0.1081249999999999,0.1964603639023467,0.0873890705640652,0.0466479720731081,13.052083333333334,13.314583333333331,13.61875,14.375,0.0,789.3583333333332,65.85000000000001,13.075,2024-09-07,0.2245457967122396,899.4732708696869,2732.087498902272,2632.3644949079644,4587.598286856626,0.1442950796602318,0.1942950796602318,C2,6505.56457094366,251.0,251.0,5.0,13.075,790.69375,65.85000000000001,111.52849260665307,1.0,514.0035495016886,2024.0,5.0,23.8,9.4,1465.0,1.0120647730268608,,0.5140035495016886,,,0.5183168306515247
444,2024-09-08,184.0,2024-09-08,4734.4375,0.0102779822167593,97.3038892109189,2071.544855688535,0.2376128730941379,1998.9586377494672,0.2149022420247396,6.724621219183067e-06,787.1520833333334,0.1885833333333333,0.192875,0.2093749999999999,0.108,0.1916336455770822,0.0816811188601577,0.0436010879494999,13.058333333333332,13.3875,13.5875,14.141666666666666,0.0,787.1520833333334,65.97500000000001,12.491666666666667,2024-09-08,0.2149022420247396,910.5245611270336,2755.3499118629647,2658.8034003782304,4603.274451093916,0.1407499793081439,0.1907499793081438,C2,6534.989747815979,252.0,252.0,4.2,12.491666666666667,788.5124999999999,65.97500000000001,112.41420689236736,0.8857142857142858,492.9160978247358,2024.0,4.2,25.4,10.2,1475.2,1.0175550693476807,1.010544473573342,0.4929160978247358,,,0.542929941867808
445,2024-09-09,185.0,2024-09-09,4730.375,0.0102817357611211,97.26420393028566,2106.342122583185,0.2177664914352201,2035.070807516316,0.1974690755208333,6.484056237429662e-06,787.3000000000001,0.1904166666666666,0.188375,0.207,0.1075416666666666,0.19054342720112,0.0803918549302258,0.0429128834931516,13.066666666666668,13.314583333333331,13.529166666666669,14.058333333333332,0.2528,787.3000000000001,62.40833333333333,13.075,2024-09-09,0.1974690755208333,914.5766784018466,2801.6335566548987,2706.835989926573,4675.172823978487,0.1399492419773064,0.1899492419773064,C2,6645.279367471777,253.0,253.0,4.2,13.075,788.6604166666666,62.40833333333333,113.29992117808165,0.8857142857142858,565.8052737438062,2024.0,4.2,25.0,10.0,1485.2,1.023865807435406,1.0125861893016128,0.5658052737438062,4590.383089046898,6531.9664247241935,0.5429217235631912
446,2024-09-10,186.0,2024-09-10,4759.708333333333,0.0102507225544683,97.56301535203517,2094.754588058196,0.2240480988524723,2021.3957113094584,0.2037951151529947,6.721526474763171e-06,786.225,0.1886666666666666,0.1844583333333333,0.2035833333333333,0.106,0.1877785458824029,0.0771221781082604,0.0411675417462415,13.272916666666667,13.529166666666669,13.695833333333333,14.041666666666666,0.0,786.225,62.74166666666667,13.1,2024-09-10,0.2037951151529947,901.3567419172788,2786.2210435517127,2688.6468230230357,4635.675288524512,0.1379185078271158,0.1879185078271158,C2,6580.091057130811,254.0,254.0,4.6,13.1,787.5708333333333,62.74166666666667,114.24277832093878,0.9428571428571428,561.7053459692793,2024.0,4.6,22.2,8.6,1493.8,1.0245735956047382,1.0140718739199175,0.5617053459692792,4596.797692897012,6539.45090959914,0.5483139913639571
447,2024-09-11,187.0,2024-09-11,4883.1875,0.0101214861846563,98.81649042320775,2060.389156663649,0.2435447603122981,1988.017665154148,0.2199287414550781,6.741926890769367e-06,782.63125,0.1855833333333333,0.1810833333333333,0.200625,0.105875,0.1846945951345252,0.0734751780680933,0.039220786220336,13.083333333333334,13.297916666666666,13.577083333333334,14.033333333333331,2.1608,782.63125,63.39166666666667,13.175,2024-09-11,0.2199287414550781,910.0906942708974,2740.511780677641,2644.250875583305,4544.352816591543,0.1356534253952496,0.1856534253952496,C2,6448.009565918101,255.0,255.0,4.6,13.310204081632651,783.926530612245,62.97142857142857,115.18563546379592,0.9428571428571428,565.9576830711715,2024.0,4.6,22.6,8.8,1502.6,1.024410553104971,1.0152516370804665,0.5659576830711714,4599.670464825805,6541.443243308202,0.5491241064767025
448,2024-09-12,188.0,2024-09-12,5245.0,0.0097648325294051,102.41657859066736,2074.4350377662595,0.2364859656456211,2016.7380822713608,0.2068150838216146,5.296872600821616e-06,776.3312500000001,0.1809583333333333,0.1766666666666666,0.1976666666666666,0.104,0.1805027648866458,0.0685180285115024,0.0365746775870081,12.570833333333333,12.916666666666666,13.295833333333334,13.825,0.3557,776.3312500000001,44.55833333333334,15.625,2024-09-12,0.2068150838216146,891.1538262166755,2759.19412644092,2682.4517373967838,4554.162002887445,0.1325746339916025,0.1825746339916025,C2,6508.749397388183,256.0,256.0,6.2,15.625,777.7645833333332,44.55833333333334,116.1593247983148,0.9736893345189,984.19412953952,2024.0,6.2,23.4,9.8,1512.4,1.0156084970872399,1.0138936229516213,0.98419412953952,4594.851099675219,6536.933553553254,0.5770485208753653
449,2024-09-13,189.0,2024-09-13,5182.125,0.009825703953903,101.79454883819712,2136.9270352735125,0.2029613869120431,2086.483991754369,0.1765708923339843,4.4783000095589015e-06,779.9666666666667,0.1746666666666666,0.1713333333333333,0.1935,0.1034583333333333,0.1750528144168807,0.0620730586637121,0.0331343758246574,11.854166666666666,12.364583333333334,12.8625,13.71875,0.0,779.9666666666667,42.31666666666667,13.775,2024-09-13,0.1765708923339843,903.0832015167236,2842.3143733189536,2775.2203709212235,4662.511568467863,0.1285717856737099,0.1785717856737099,C2,6689.383965079004,257.0,257.0,2.2,13.775,781.4,42.31666666666667,116.757684108882,0.5983593105671938,908.750343641633,2024.0,2.2,21.8,8.4,1520.8,1.0162572820424847,1.0143727986488487,0.908750343641633,4598.549606595553,6544.441242029652,0.609335067797617
450,2024-09-14,190.0,2024-09-14,5030.458333333333,0.0099711190260256,100.29929469044836,2127.732045277761,0.2070907074145893,2077.6558458025816,0.1797688802083333,4.464915395360713e-06,784.2062500000001,0.168375,0.1665416666666666,0.1896666666666666,0.1017083333333333,0.1698125162615663,0.0558760181966841,0.0298264178755004,10.277083333333334,10.9875,11.870833333333332,13.34375,0.0,784.2062500000001,52.15833333333333,10.883333333333333,2024-09-14,0.1797688802083333,902.6235841445124,2830.084169949326,2763.4781047070137,4614.299589406223,0.1247229215835451,0.1747229215835451,C2,6618.399608553195,258.0,258.0,1.0,10.883333333333333,785.6270833333333,52.15833333333333,117.18625553745343,0.4285714285714285,623.1705402231778,2024.0,1.0,23.8,9.4,1530.2,1.0134512223404721,1.015342357731888,0.6231705402231777,4600.816507554833,6547.71768678474,0.60694979905142
451,2024-09-15,191.0,2024-09-15,5029.666666666667,0.009971656513045,100.29224634383064,2132.5597471724545,0.2046243472738151,2072.0267254487467,0.1820755004882812,5.417930607919819e-06,784.125,0.1641666666666666,0.1635,0.1866666666666666,0.1000416666666666,0.1662728597675407,0.0516901123793577,0.0275919963808336,10.104166666666666,10.5625,11.375,12.8375,0.0,784.125,59.88333333333333,9.866666666666667,2024-09-15,0.1820755004882812,899.1409588574411,2836.5054685050964,2755.990844062759,4605.406762335639,0.122123135012707,0.172123135012707,C2,6570.726984540621,259.0,259.0,2.2,9.866666666666667,785.4916666666667,59.88333333333333,117.78625553745344,0.6,488.23352454252125,2024.0,2.2,19.4,7.199999999999999,1537.4,1.0164527009123079,1.0151568605860657,0.4882335245425212,4601.914457956136,6548.82566191329,0.5863820351969036
452,2024-09-16,192.0,2024-09-16,4997.020833333333,0.010003998872285,99.96680715252393,2117.15506164467,0.2123973842196154,2038.1681319873896,0.1963640848795572,7.1807327335473855e-06,782.4625,0.1626666666666666,0.162625,0.18525,0.1,0.1650342684781197,0.0502253864963722,0.0268101309639886,10.922916666666666,11.025,11.370833333333332,12.55625,1.7155,782.4625,75.13333333333334,10.658333333333331,2024-09-16,0.1963640848795572,908.8535002641836,2816.0157847820037,2710.955723411922,4565.354249328294,0.121213421596609,0.171213421596609,C2,6453.663247862759,260.0,260.0,3.8,10.658333333333331,783.775,75.13333333333334,118.61482696602484,0.8285714285714285,319.0882520773398,2024.0,3.8,19.0,7.0,1544.4,1.0186211171415807,1.016648801528692,0.3190882520773398,4597.93766086234,6540.217739252994,0.5657092308809585
453,2024-09-17,193.0,2024-09-17,4748.041666666667,0.0102667606107443,97.43249285982937,2021.2800987728288,0.2710236639621011,1931.9466918404487,0.2533187866210937,8.56908611060428e-06,779.9666666666667,0.1894583333333333,0.1683333333333333,0.1913333333333333,0.1,0.1804272019805181,0.0684286697816743,0.0365269782178924,11.1625,11.466666666666669,11.829166666666666,12.58125,1.7513,779.9666666666667,95.05,9.366666666666667,2024-09-17,0.2533187866210937,924.6449675927608,2688.49304745224,2569.6711960973776,4437.092340255798,0.1325191349823241,0.1825191349823241,C2,6234.51163600055,261.0,261.0,7.4,10.25,781.04375,92.575,119.61482696602484,1.0,92.71495942181218,2024.0,6.6,12.6,4.6,1549.0,1.0268965162760266,1.0190272287802018,0.09271495942181218,4587.691853558487,6521.36196494394,0.5374603108650007
454,2024-09-18,194.0,2024-09-18,4684.354166666667,0.0103322396613428,96.78954023061722,1974.038878881621,0.3003649437498487,1923.421817535466,0.2551867167154948,4.876108593574378e-06,779.7395833333334,0.2750416666666667,0.2083333333333333,0.2010833333333333,0.1,0.2351954055065824,0.1331961245138532,0.0710996129889428,9.03125,9.741666666666667,10.858333333333334,12.4625,10.4794,779.7395833333334,59.98333333333333,9.358333333333333,2024-09-18,0.2551867167154948,918.69287475953,2625.657772268071,2558.332309758337,4575.102825732526,0.1727449705334047,0.2227449705334047,C2,6578.934038489326,262.0,262.0,0.2,9.358333333333333,781.0729166666666,59.98333333333333,119.92911268031057,0.3142857142857143,470.65594758212825,2024.0,0.2,18.6,6.800000000000001,1555.8,1.0342439160573866,1.0209049950247349,0.47065594758212825,4586.352374557687,6525.401047699145,0.5373239759543478
455,2024-09-19,195.0,2024-09-19,4642.854166666667,0.0103789368003486,96.35790020721852,1983.39359117018,0.2937168236632012,1931.9027896632924,0.2502784729003906,4.935462157090913e-06,782.5895833333334,0.26,0.2145416666666666,0.1937083333333333,0.1,0.2290140809701426,0.1258862506943067,0.0671976285921392,8.429166666666667,8.964583333333334,9.947916666666666,11.875,0.0,782.5895833333334,63.875,9.008333333333333,2024-09-19,0.2502784729003906,911.35136344385,2638.100421341782,2569.612802063753,4571.55257853723,0.1682049467918489,0.2182049467918489,C2,6568.898409478239,263.0,263.0,0.6,9.008333333333333,783.9479166666666,63.875,120.30054125173912,0.3714285714285714,414.9703870814877,2024.0,0.6,21.0,8.0,1563.8,1.0351825861842454,1.022148066398025,0.41497038708148765,4585.958968542885,6531.630862844763,0.5352738283508373
456,2024-09-20,196.0,2024-09-20,4710.041666666667,0.0103045492682415,97.05290367154376,2005.014531665577,0.2783541919793772,1946.4971854206565,0.2418085734049479,5.569320121544152e-06,781.975,0.2505416666666666,0.215125,0.191125,0.0997083333333333,0.2243674648167466,0.1203912831401918,0.0642644346429134,9.452083333333333,9.647916666666667,10.1375,11.525,1.1310999,781.975,60.975,11.383333333333333,2024-09-20,0.2418085734049479,914.2927076472018,2666.858310085922,2589.0247240181925,4601.871319977783,0.1647921268484935,0.2147921268484935,C2,6588.705948994976,264.0,264.0,4.2,11.383333333333333,783.2687500000001,60.975,121.18625553745342,0.8857142857142858,525.4872604580746,2024.0,4.2,22.6,8.8,1572.6,1.0312923182002032,1.0234775003118695,0.5254872604580746,4588.10192171242,6537.564824690513,0.5376895210484554
457,2024-09-21,197.0,2024-09-21,4715.886363636364,0.0103140055079144,97.06777172201586,1997.7552489360364,0.3459243511900553,1940.024431334996,0.3287464488636363,5.519246486585781e-06,781.2355555555555,0.2467555555555555,0.2138222222222222,0.1939111111111111,0.0992444444444444,0.2226556867870416,0.1183669789104995,0.0631838683139131,8.58,9.155555555555557,10.035555555555556,11.426666666666668,0.0,781.2355555555555,70.35555555555555,8.04888888888889,2024-09-21,0.3287464488636363,914.8557244269944,2657.202779830759,2580.415350993775,4577.971251937614,0.1635348699532569,0.2135348699532569,C2,6555.228223548899,265.0,265.0,0.6,8.375,782.4979166666667,68.78333333333333,121.557684108882,0.3714285714285714,343.5324435360512,2024.0,0.6,22.2,8.6,1581.1999999999998,1.029850358360794,1.0247161918820065,0.34353244353605117,4587.414276361063,6541.11222844803,0.5255130134794813
458,2024-09-22,,,,,,,,,,,,,,,,,,,,,,,,,,,,,,,,,,,,,,266.0,5.0,10.13846153846154,785.4884615384616,74.16923076923078,122.557684108882,1.0,320.14724558418106,2024.0,3.4,15.4,5.199999999999999,1586.4,,,0.32014724558418106,,,0.5131723811765846
459,2024-09-23,199.0,2024-09-23,4427.0,0.0106292612454778,94.09043844154064,1911.2161495876728,0.3519813485045576,1850.8635835292505,0.3039016723632812,6.035557628108871e-06,784.7666666666668,0.3045416666666666,0.2915,0.2360833333333333,0.1025833333333333,0.28298184698729,0.1897071288220505,0.1012649841706804,9.260416666666666,9.654166666666669,10.141666666666667,11.15625,1.3776,784.7666666666668,77.8,8.208333333333334,2024-09-23,0.3039016723632812,897.1698443944488,2542.097620940555,2461.823019541926,4602.210759954827,0.2078428815988913,0.2578428815988913,C2,6596.47265138127,267.0,267.0,2.2,10.477777777777778,785.7388888888888,70.4,123.15768410888198,0.6,375.2791545785189,2024.0,0.6,19.0,7.0,1593.4,,,0.3752791545785189,,,0.4995633726647783
460,2024-09-24,200.0,2024-09-24,4493.8125,0.0105496572599644,94.79865846780484,1908.2797482911112,0.353969220806501,1848.199941187714,0.3055127461751302,6.019150874224079e-06,785.2354166666668,0.298125,0.2871249999999999,0.2382916666666666,0.104,0.2789673785522361,0.1849597227378364,0.0987308358497668,9.479166666666666,9.758333333333333,10.15,11.08125,0.0,785.2354166666668,70.78333333333333,9.925,2024-09-24,0.3055127461751302,891.9273813878577,2538.191930445146,2458.28012416564,4581.612308534709,0.2048943578808068,0.2548943578808068,C2,6564.892849306002,268.0,268.0,1.8,9.925,786.5145833333332,70.78333333333333,123.70054125173912,0.5428571428571428,356.97062813786675,2024.0,1.8,21.0,8.0,1601.4,,,0.35697062813786673,,,0.48493946424824885
461,2024-09-25,201.0,2024-09-25,4511.520833333333,0.0105285897371421,94.9862887582823,1927.156092794505,0.3373484480033268,1864.678988528526,0.2933934529622395,6.205326740399795e-06,786.2104166666667,0.2925416666666666,0.2821666666666666,0.2401666666666666,0.1050416666666666,0.2750749395363516,0.1803566254746755,0.0962737190593517,9.5875,9.775,10.120833333333334,11.0,0.0,786.2104166666667,68.075,11.358333333333334,2024-09-25,0.2933934529622395,893.4036172681306,2563.2992478275805,2480.1988103642066,4613.527273642099,0.2020354616296076,0.2520354616296076,C2,6604.115295236559,269.0,269.0,2.2,11.358333333333334,787.5020833333333,68.075,124.30054125173912,0.6,429.1712586328383,2024.0,2.2,25.4,10.2,1611.6,1.008054975605793,,0.42917125863283834,,,0.47516900535979645
462,2024-09-26,202.0,2024-09-26,4578.666666666667,0.0104508705890711,95.6912433255406,1964.825575072945,0.3072298307937748,1901.344334745408,0.268805185953776,6.184775650953314e-06,785.3479166666666,0.287875,0.277875,0.2420416666666666,0.106,0.271828528964997,0.1765175046676142,0.0942244101579395,10.464583333333334,10.447916666666666,10.50625,11.125,0.0,785.3479166666666,61.958333333333336,12.716666666666669,2024-09-26,0.268805185953776,904.6955344716156,2613.403209801083,2528.9671767308296,4692.182825115935,0.1996510566397223,0.2496510566397223,C2,6715.982904464926,270.0,270.0,4.2,12.716666666666669,786.6708333333332,61.958333333333336,125.1862555374534,0.8857142857142858,559.302353832622,2024.0,4.2,25.4,10.2,1621.8,1.0108830490234806,,0.559302353832622,,,0.4448195928093038
463,2024-09-27,203.0,2024-09-27,4557.0625,0.0104757339388034,95.46485316383252,1954.157033363512,0.3156344575142827,1893.4300573098435,0.2739575703938802,5.9383300108021535e-06,786.9375,0.2815416666666666,0.2723333333333333,0.2429583333333333,0.106,0.2671979130993175,0.1710414586381005,0.0913013164506029,10.93125,11.01875,11.035416666666668,11.25625,0.0,786.9375,60.725,12.516666666666666,2024-09-27,0.2739575703938802,892.4705194192915,2599.213043762404,2518.440441780022,4650.159382043962,0.1962499884957873,0.2462499884957873,C2,6662.5185870048845,271.0,271.0,3.0,12.516666666666666,788.2729166666667,60.725,125.90054125173911,0.7142857142857143,569.9071471415731,2024.0,3.0,26.6,10.8,1632.6,1.011087154456083,,0.5699071471415731,,,0.42061650734501377
464,2024-09-28,204.0,2024-09-28,4549.0625,0.0104849608844714,95.38095433499603,1975.937219147101,0.2989335095567422,1911.264055136494,0.2625020345052083,6.265544554735334e-06,788.2166666666667,0.276375,0.266375,0.2426666666666666,0.10625,0.2627614819352921,0.1657950503922704,0.0885008025676204,11.054166666666667,11.135416666666666,11.195833333333333,11.49375,0.0,788.2166666666667,62.89166666666667,12.591666666666669,2024-09-28,0.2625020345052083,896.6061058909077,2628.182743749529,2542.1613398358327,4685.733886213333,0.1929915440161752,0.2429915440161752,C2,6700.460831556596,272.0,272.0,3.4,12.591666666666669,789.5437499999999,62.89166666666667,126.67196982316769,0.7714285714285715,541.1250369142866,2024.0,3.4,25.8,10.4,1643.0,1.0122906152486024,,0.5411250369142866,,,0.41475611425152153
465,2024-09-29,205.0,2024-09-29,4645.208333333333,0.01037663171491,96.38133946002824,1993.9339208729527,0.2865188598191881,1930.330167215684,0.2515055338541667,6.1035513063172575e-06,787.5166666666668,0.2706666666666666,0.2608333333333333,0.2425,0.1075416666666666,0.2582624651993296,0.1604746300749034,0.0856607813066117,11.289583333333333,11.310416666666669,11.31875,11.575,0.0,787.5166666666668,58.425,13.491666666666667,2024-09-29,0.2515055338541667,891.4889386550244,2652.12005332696,2567.5210659806494,4711.545585012888,0.1896871320451625,0.2396871320451625,C2,6741.217921620146,273.0,273.0,5.0,13.491666666666667,788.8291666666668,58.425,127.67196982316769,1.0,643.0102822346718,2024.0,5.0,26.2,10.6,1653.6,1.0073277185329428,,0.6430102822346717,,,0.425811596943818
466,2024-09-30,206.0,2024-09-30,4647.0,0.0103728635721928,96.40539403996024,1971.45887447267,0.3012798792308236,1910.5599031272693,0.262176513671875,5.902765606943698e-06,784.7,0.27,0.26,0.242,0.108,0.2575978306615643,0.1596886505362889,0.0852412282511704,14.2,13.5,12.3,11.6,0.0,784.7,38.0,18.2,2024-09-30,0.262176513671875,896.7702944439708,2622.226123225431,2541.224751293601,4655.955065672293,0.1891989750873577,0.2391989750873577,C2,6668.521620770323,274.0,274.0,6.6,14.358333333333334,788.0770833333332,50.25833333333333,128.67196982316767,1.0,813.8531356606665,2024.0,6.6,25.4,11.0,1664.6,1.0089435277576975,,0.8138531356606664,,,0.46115194577119845
467,2024-10-01,,,,,,,,,,,,,,,,,,,,,,,,,,,,,,,,,,,,,,275.0,17.0,17.0,787.9,35.6,129.56325179110374,0.8912819679360731,1247.8977026045663,,,,,,,,1.2478977026045663,,,0.5436649988556809
