date,year,min_temp,max_temp,GDD,cumulative_GDD
2023-06-22,2023,0.0,0.0,0.0,0.0
2023-06-23,2023,0.0,0.0,0.0,0.0
2023-06-28,2023,0.0,0.0,0.0,0.0
2023-06-30,2023,0.0,16.0,5.5,5.5
2023-07-01,2023,3.0,25.0,10.0,15.5
2023-07-02,2023,5.0,27.0,11.0,26.5
2023-07-03,2023,5.0,29.0,12.0,38.5
2023-07-04,2023,11.0,29.0,15.0,53.5
2023-07-05,2023,7.0,27.0,12.0,65.5
2023-07-06,2023,6.0,29.0,12.5,78.0
2023-07-07,2023,5.0,29.0,12.0,90.0
2023-07-08,2023,5.0,29.0,12.0,102.0
2023-07-09,2023,4.0,30.0,12.5,114.5
2023-07-10,2023,6.0,30.0,13.0,127.5
2023-07-11,2023,7.0,29.0,13.0,140.5
2023-07-12,2023,9.0,30.0,14.5,155.0
2023-07-13,2023,7.0,30.0,13.5,168.5
2023-07-14,2023,8.0,28.0,13.0,181.5
2023-07-15,2023,5.0,28.0,11.5,193.0
2023-07-16,2023,5.0,30.0,12.5,205.5
2023-07-17,2023,6.0,34.0,15.0,220.5
2023-07-18,2023,8.0,32.0,15.0,235.5
2023-07-19,2023,12.0,29.0,15.5,251.0
2023-07-20,2023,11.0,28.0,14.5,265.5
2023-07-21,2023,8.0,29.0,13.5,279.0
2023-07-22,2023,6.0,30.0,13.0,292.0
2023-07-23,2023,7.0,33.0,15.0,307.0
2023-07-24,2023,8.0,32.0,15.0,322.0
2023-07-25,2023,10.0,30.0,15.0,337.0
2023-07-26,2023,9.0,30.0,14.5,351.5
2023-07-27,2023,9.0,28.0,13.5,365.0
2023-07-28,2023,11.0,31.0,16.0,381.0
2023-07-29,2023,7.0,31.0,14.0,395.0
2023-07-30,2023,11.0,30.0,15.5,410.5
2023-07-31,2023,12.0,26.0,14.0,424.5
2023-08-01,2023,11.0,27.0,14.0,438.5
2023-08-02,2023,11.0,27.0,14.0,452.5
2023-08-03,2023,10.0,24.0,12.0,464.5
2023-08-04,2023,7.0,27.0,12.0,476.5
2023-08-05,2023,7.0,26.0,11.5,488.0
2023-08-06,2023,6.2,27.8,12.0,500.0
2023-08-07,2023,7.0,27.8,12.399999999999999,512.4
2023-08-08,2023,5.8,26.2,11.0,523.4
2023-08-09,2023,4.6,25.4,10.2,533.6
2023-08-10,2023,6.6,27.4,12.0,545.6
2023-08-11,2023,7.0,25.8,11.399999999999999,557.0
2023-08-12,2023,9.8,26.6,13.200000000000003,570.2
2023-08-13,2023,7.0,28.2,12.600000000000001,582.8000000000001
2023-08-14,2023,5.4,28.6,12.0,594.8000000000001
2023-08-15,2023,6.6,30.2,13.399999999999999,608.2
2023-08-16,2023,9.8,30.2,15.0,623.2
2023-08-17,2023,8.6,31.0,14.8,638.0
2023-08-18,2023,13.0,25.4,14.2,652.2
2023-08-19,2023,8.6,29.8,14.2,666.4000000000001
2023-08-20,2023,8.2,32.6,15.399999999999999,681.8000000000001
2023-08-21,2023,9.4,31.0,15.2,697.0000000000001
2023-08-22,2023,9.0,27.0,13.0,710.0000000000001
2023-08-23,2023,9.8,27.8,13.8,723.8000000000001
2023-08-24,2023,11.8,28.6,15.200000000000003,739.0000000000001
2023-08-25,2023,13.0,19.8,11.399999999999999,750.4000000000001
2023-08-26,2023,9.8,27.0,13.399999999999999,763.8000000000001
2023-08-27,2023,9.4,27.0,13.2,777.0000000000001
2023-08-28,2023,11.0,27.4,14.2,791.2000000000002
2023-08-29,2023,5.8,28.2,12.0,803.2000000000002
2023-08-30,2023,5.8,29.8,12.8,816.0000000000001
2023-08-31,2023,7.0,30.2,13.600000000000001,829.6000000000001
2023-09-01,2023,8.2,28.6,13.399999999999999,843.0000000000001
2023-09-02,2023,7.8,25.0,11.399999999999999,854.4000000000001
2023-09-03,2023,8.2,27.4,12.799999999999997,867.2
2023-09-04,2023,7.8,23.4,10.6,877.8000000000001
2023-09-05,2023,3.4,24.6,9.8,887.6
2023-09-06,2023,4.2,28.2,11.600000000000001,899.2
2023-09-07,2023,4.2,26.6,10.8,910.0
2023-09-08,2023,2.6,27.0,11.0,921.0
2023-09-09,2023,1.8,27.4,11.2,932.2
2023-09-10,2023,8.2,24.2,11.2,943.4000000000001
2023-09-11,2023,7.0,23.4,10.2,953.6000000000001
2023-09-12,2023,2.6,23.8,9.4,963.0000000000001
2023-09-13,2023,6.2,21.4,8.799999999999999,971.8000000000001
2023-09-14,2023,4.2,19.4,7.199999999999999,979.0000000000001
2023-09-15,2023,5.8,18.6,7.200000000000001,986.2000000000002
2023-09-16,2023,1.0,22.2,8.6,994.8000000000002
2023-09-17,2023,1.4,23.4,9.2,1004.0000000000002
2023-09-18,2023,3.0,21.4,8.2,1012.2000000000003
2023-09-19,2023,3.4,18.2,6.6,1018.8000000000003
2023-09-20,2023,1.4,23.4,9.2,1028.0000000000002
2023-09-21,2023,6.2,23.4,9.799999999999999,1037.8000000000002
2023-09-22,2023,2.6,22.2,8.6,1046.4
2023-09-23,2023,0.6,19.4,7.199999999999999,1053.6000000000001
2023-09-24,2023,-2.2,21.8,8.4,1062.0000000000002
2023-09-25,2023,-1.4,23.4,9.2,1071.2000000000003
2023-09-26,2023,-0.2,25.4,10.2,1081.4000000000003
2023-09-27,2023,0.2,25.8,10.4,1091.8000000000004
2023-09-28,2023,1.4,26.6,10.8,1102.6000000000004
2023-09-29,2023,1.0,23.8,9.4,1112.0000000000005
2023-09-30,2023,1.0,24.6,9.8,1121.8000000000004
2023-10-01,2023,7.8,23.8,10.8,1132.6000000000004
2023-10-02,2023,2.2,21.8,8.4,1141.0000000000005
2023-10-03,2023,2.2,11.0,3.0,1144.0000000000005
2023-10-04,2023,0.6,15.8,5.4,1149.4000000000005
2023-10-05,2023,-1.0,17.8,6.4,1155.8000000000006
2023-10-06,2023,-1.4,19.8,7.4,1163.2000000000007
2023-10-07,2023,-1.4,21.4,8.2,1171.4000000000008
2023-10-08,2023,-1.8,22.6,8.8,1180.2000000000007
2023-10-09,2023,-1.0,21.8,8.4,1188.6000000000008
2023-10-10,2023,-1.8,18.2,6.6,1195.2000000000007
2023-10-11,2023,3.8,15.0,5.0,1200.2000000000007
2023-10-12,2023,-0.2,4.2,0.0,1200.2000000000007
2023-10-13,2023,-0.6,10.6,2.8,1203.0000000000007
2023-10-14,2023,-3.0,13.4,4.199999999999999,1207.2000000000007
2023-10-15,2023,-3.4,17.8,6.4,1213.6000000000008
2023-10-16,2023,-2.2,21.4,8.2,1221.8000000000009
2023-10-17,2023,-1.0,21.0,8.0,1229.8000000000009
2023-10-18,2023,-0.6,19.8,7.4,1237.200000000001
2023-10-19,2023,-1.0,21.0,8.0,1245.200000000001
2023-10-20,2023,-2.2,23.0,9.0,1254.200000000001
2023-10-21,2023,-2.2,23.4,9.2,1263.400000000001
2023-10-22,2023,-1.4,21.0,8.0,1271.400000000001
2023-10-23,2023,-0.6,21.8,8.4,1279.800000000001
2023-10-24,2023,-1.4,18.6,6.800000000000001,1286.600000000001
2023-10-25,2023,-2.2,18.2,6.6,1293.200000000001
2023-10-26,2023,-0.6,16.2,5.6,1298.8000000000009
2023-10-27,2023,-0.6,11.4,3.1999999999999993,1302.000000000001
2023-10-28,2023,-0.2,5.0,0.0,1302.000000000001
2023-10-29,2023,-7.4,1.8,0.0,1302.000000000001
2023-10-30,2023,-12.6,3.4,0.0,1302.000000000001
2023-10-31,2023,-11.4,7.0,1.0,1303.000000000001
2023-11-01,2023,-7.4,11.0,3.0,1306.000000000001
2023-11-02,2023,-5.4,13.4,4.199999999999999,1310.200000000001
2023-11-03,2023,-2.6,14.6,4.800000000000001,1315.000000000001
2023-11-04,2023,-3.0,15.8,5.4,1320.400000000001
2023-11-05,2023,-2.6,19.4,7.199999999999999,1327.600000000001
2023-11-06,2023,2.6,17.8,6.4,1334.0000000000011
2023-11-07,2023,0.6,18.6,6.800000000000001,1340.800000000001
2023-11-08,2023,-3.0,7.4,1.2000000000000002,1342.0000000000011
2023-11-09,2023,-7.4,6.2,0.5999999999999996,1342.600000000001
2023-11-10,2023,-10.6,8.2,1.5999999999999996,1344.200000000001
2023-11-11,2023,-9.8,9.4,2.2,1346.400000000001
2023-11-12,2023,-8.6,11.8,3.4000000000000004,1349.800000000001
2023-11-13,2023,-7.4,15.0,5.0,1354.800000000001
2023-11-14,2023,-6.2,15.4,5.199999999999999,1360.0000000000011
2023-11-15,2023,-6.6,13.4,4.199999999999999,1364.2000000000012
2023-11-16,2023,-1.0,7.8,1.4000000000000004,1365.6000000000013
2023-11-17,2023,-3.0,11.8,3.4000000000000004,1369.0000000000014
2023-11-18,2023,-6.2,8.2,1.5999999999999996,1370.6000000000013
2023-11-19,2023,-0.2,6.2,0.5999999999999996,1371.2000000000012
2023-11-20,2023,-2.6,4.6,0.0,1371.2000000000012
2023-11-21,2023,-6.2,6.6,0.7999999999999998,1372.0000000000011
2023-11-22,2023,-7.8,8.6,1.7999999999999998,1373.800000000001
2023-11-23,2023,-6.2,5.4,0.20000000000000018,1374.0000000000011
2023-11-24,2023,-2.2,5.8,0.40000000000000036,1374.4000000000012
2023-11-25,2023,-12.2,-1.4,0.0,1374.4000000000012
2023-11-26,2023,-15.0,-1.8,0.0,1374.4000000000012
2023-11-27,2023,-15.0,1.8,0.0,1374.4000000000012
2023-11-28,2023,-13.8,4.2,0.0,1374.4000000000012
2024-04-01,2024,-2.6,7.8,1.4000000000000004,1.4000000000000004
2024-04-02,2024,-3.8,11.0,3.0,4.4
2024-04-03,2024,-3.8,15.8,5.4,9.8
2024-04-04,2024,-3.8,19.8,7.4,17.200000000000003
2024-04-05,2024,1.4,18.6,6.800000000000001,24.000000000000004
2024-04-06,2024,-5.4,3.0,0.0,24.000000000000004
2024-04-07,2024,-7.8,5.0,0.0,24.000000000000004
2024-04-08,2024,-7.4,8.6,1.7999999999999998,25.800000000000004
2024-04-09,2024,-7.4,11.8,3.4000000000000004,29.200000000000003
2024-04-10,2024,-3.0,11.0,3.0,32.2
2024-04-11,2024,-5.4,15.4,5.199999999999999,37.400000000000006
2024-04-12,2024,-4.2,21.0,8.0,45.400000000000006
2024-04-13,2024,2.6,19.4,7.199999999999999,52.60000000000001
2024-04-14,2024,-1.8,22.2,8.6,61.20000000000001
2024-04-15,2024,-1.4,15.4,5.199999999999999,66.4
2024-04-16,2024,-0.2,12.6,3.8000000000000007,70.2
2024-04-17,2024,-1.4,19.0,7.0,77.2
2024-04-18,2024,3.8,17.4,6.199999999999999,83.4
2024-04-19,2024,4.6,13.0,4.0,87.4
2024-04-20,2024,3.0,14.2,4.6,92.0
2024-04-21,2024,-2.2,18.2,6.6,98.6
2024-04-22,2024,1.0,21.0,8.0,106.6
2024-04-23,2024,5.8,21.8,8.8,115.39999999999999
2024-04-24,2024,3.4,21.8,8.4,123.8
2024-04-25,2024,2.6,19.0,7.0,130.8
2024-04-26,2024,1.4,12.2,3.5999999999999996,134.4
2024-04-27,2024,0.2,5.8,0.40000000000000036,134.8
2024-04-28,2024,1.8,9.8,2.4000000000000004,137.20000000000002
2024-04-29,2024,-0.6,13.4,4.199999999999999,141.4
2024-04-30,2024,3.4,17.4,6.199999999999999,147.6
2024-05-01,2024,1.4,15.8,5.4,153.0
2024-05-02,2024,-3.8,14.2,4.6,157.6
2024-05-03,2024,-0.6,17.4,6.199999999999999,163.79999999999998
2024-05-04,2024,-3.4,19.0,7.0,170.79999999999998
2024-05-05,2024,9.8,21.4,10.6,181.39999999999998
2024-05-06,2024,-1.8,9.0,2.0,183.39999999999998
2024-05-07,2024,-1.0,4.6,0.0,183.39999999999998
2024-05-08,2024,-5.4,6.6,0.7999999999999998,184.2
2024-05-09,2024,-2.2,11.4,3.1999999999999993,187.39999999999998
2024-05-10,2024,1.0,14.2,4.6,191.99999999999997
2024-05-11,2024,-0.6,11.8,3.4000000000000004,195.39999999999998
2024-05-12,2024,1.4,15.4,5.199999999999999,200.59999999999997
2024-05-13,2024,1.4,21.0,8.0,208.59999999999997
2024-05-14,2024,5.4,18.2,6.800000000000001,215.39999999999998
2024-05-15,2024,2.2,18.6,6.800000000000001,222.2
2024-05-16,2024,1.0,21.0,8.0,230.2
2024-05-17,2024,2.6,21.8,8.4,238.6
2024-05-18,2024,3.8,19.4,7.199999999999999,245.79999999999998
2024-05-19,2024,3.4,21.8,8.4,254.2
2024-05-20,2024,3.8,21.4,8.2,262.4
2024-05-21,2024,-0.6,13.0,4.0,266.4
2024-05-22,2024,-5.0,17.4,6.199999999999999,272.59999999999997
2024-05-23,2024,1.8,17.8,6.4,278.99999999999994
2024-05-24,2024,-1.8,15.8,5.4,284.3999999999999
2024-05-25,2024,2.6,16.2,5.6,289.99999999999994
2024-05-26,2024,3.0,15.8,5.4,295.3999999999999
2024-05-27,2024,1.0,21.4,8.2,303.5999999999999
2024-05-28,2024,1.4,23.4,9.2,312.7999999999999
2024-05-29,2024,3.4,23.4,9.2,321.9999999999999
2024-05-30,2024,2.2,22.2,8.6,330.5999999999999
2024-05-31,2024,0.6,21.8,8.4,338.9999999999999
2024-06-01,2024,1.8,25.0,10.0,348.9999999999999
2024-06-02,2024,3.4,24.6,9.8,358.7999999999999
2024-06-03,2024,7.8,23.4,10.6,369.3999999999999
2024-06-04,2024,6.6,22.6,9.600000000000001,378.99999999999994
2024-06-05,2024,3.4,25.8,10.4,389.3999999999999
2024-06-06,2024,5.0,29.0,12.0,401.3999999999999
2024-06-07,2024,5.4,27.4,11.399999999999999,412.7999999999999
2024-06-08,2024,6.6,26.6,11.600000000000001,424.3999999999999
2024-06-09,2024,5.0,27.8,11.399999999999999,435.7999999999999
2024-06-10,2024,7.0,26.6,11.8,447.5999999999999
2024-06-11,2024,5.8,27.4,11.599999999999998,459.19999999999993
2024-06-12,2024,7.0,30.2,13.600000000000001,472.79999999999995
2024-06-13,2024,4.6,30.6,12.8,485.59999999999997
2024-06-14,2024,9.0,24.2,11.600000000000001,497.2
2024-06-15,2024,3.8,25.4,10.2,507.4
2024-06-16,2024,5.0,29.0,12.0,519.4
2024-06-17,2024,5.8,27.8,11.8,531.1999999999999
2024-06-18,2024,5.8,21.8,8.8,539.9999999999999
2024-06-19,2024,3.0,24.6,9.8,549.7999999999998
2024-06-20,2024,9.8,27.0,13.399999999999999,563.1999999999998
2024-06-21,2024,9.8,21.4,10.6,573.7999999999998
2024-06-22,2024,4.6,25.8,10.4,584.1999999999998
2024-06-23,2024,4.6,27.0,11.0,595.1999999999998
2024-06-24,2024,7.0,29.0,13.0,608.1999999999998
2024-06-25,2024,7.8,28.6,13.2,621.3999999999999
2024-06-26,2024,8.2,25.8,12.0,633.3999999999999
2024-06-27,2024,9.8,26.2,13.0,646.3999999999999
2024-06-28,2024,8.6,27.0,12.8,659.1999999999998
2024-06-29,2024,12.6,29.0,15.8,674.9999999999998
2024-06-30,2024,12.2,28.2,15.2,690.1999999999998
2024-07-01,2024,11.8,24.2,13.0,703.1999999999998
2024-07-02,2024,9.8,23.4,11.600000000000001,714.7999999999998
2024-07-03,2024,5.0,26.6,10.8,725.5999999999998
2024-07-04,2024,4.2,25.0,10.0,735.5999999999998
2024-07-05,2024,3.4,24.2,9.6,745.1999999999998
2024-07-06,2024,3.8,26.2,10.6,755.7999999999998
2024-07-07,2024,4.2,25.8,10.4,766.1999999999998
2024-07-08,2024,5.0,26.2,10.6,776.7999999999998
2024-07-09,2024,5.0,28.2,11.600000000000001,788.3999999999999
2024-07-10,2024,5.8,27.8,11.8,800.1999999999998
2024-07-11,2024,6.2,29.8,13.0,813.1999999999998
2024-07-12,2024,7.8,32.6,15.2,828.3999999999999
2024-07-13,2024,7.4,33.0,15.2,843.5999999999999
2024-07-14,2024,9.0,30.2,14.600000000000001,858.1999999999999
2024-07-15,2024,9.8,28.6,14.200000000000003,872.4
2024-07-16,2024,9.4,27.4,13.399999999999999,885.8
2024-07-17,2024,6.2,29.0,12.600000000000001,898.4
2024-07-18,2024,7.8,29.0,13.399999999999999,911.8
2024-07-19,2024,11.4,27.0,14.2,926.0
2024-07-20,2024,8.2,27.4,12.799999999999997,938.8
2024-07-21,2024,9.8,27.0,13.399999999999999,952.1999999999999
2024-07-22,2024,5.8,26.6,11.2,963.4
2024-07-23,2024,5.8,28.2,12.0,975.4
2024-07-24,2024,7.8,29.8,13.8,989.1999999999999
2024-07-25,2024,7.8,30.6,14.2,1003.4
2024-07-26,2024,12.2,27.0,14.600000000000001,1018.0
2024-07-27,2024,11.4,27.8,14.600000000000001,1032.6
2024-07-28,2024,7.8,28.2,13.0,1045.6
2024-07-29,2024,5.0,29.4,12.2,1057.8
2024-07-30,2024,4.6,29.8,12.399999999999999,1070.2
2024-07-31,2024,5.0,29.8,12.399999999999999,1082.6000000000001
2024-08-01,2024,5.0,31.4,13.2,1095.8000000000002
2024-08-02,2024,7.4,31.8,14.600000000000001,1110.4
2024-08-03,2024,8.2,31.4,14.799999999999997,1125.2
2024-08-04,2024,12.2,31.0,16.6,1141.8
2024-08-05,2024,11.0,28.2,14.600000000000001,1156.3999999999999
2024-08-06,2024,9.8,30.6,15.200000000000003,1171.6
2024-08-07,2024,11.0,29.0,15.0,1186.6
2024-08-08,2024,7.4,27.8,12.600000000000001,1199.1999999999998
2024-08-09,2024,11.8,23.4,12.600000000000001,1211.7999999999997
2024-08-10,2024,8.6,27.0,12.8,1224.5999999999997
2024-08-11,2024,8.2,25.4,11.799999999999997,1236.3999999999996
2024-08-12,2024,10.2,23.8,12.0,1248.3999999999996
2024-08-13,2024,11.8,18.6,10.200000000000001,1258.5999999999997
2024-08-14,2024,7.8,24.6,11.2,1269.7999999999997
2024-08-15,2024,7.0,26.6,11.8,1281.5999999999997
2024-08-16,2024,7.8,29.0,13.399999999999999,1294.9999999999998
2024-08-17,2024,6.6,29.8,13.2,1308.1999999999998
2024-08-18,2024,10.2,24.6,12.399999999999999,1320.6
2024-08-19,2024,10.2,25.4,12.799999999999997,1333.3999999999999
2024-08-20,2024,7.8,25.0,11.399999999999999,1344.8
2024-08-21,2024,10.6,25.4,13.0,1357.8
2024-08-22,2024,11.8,19.4,10.6,1368.3999999999999
2024-08-23,2024,10.6,21.4,11.0,1379.3999999999999
2024-08-24,2024,10.6,23.4,12.0,1391.3999999999999
2024-08-25,2024,8.6,19.0,8.8,1400.1999999999998
2024-08-26,2024,9.8,25.0,12.399999999999999,1412.6
2024-08-27,2024,5.8,25.8,10.8,1423.3999999999999
2024-08-28,2024,5.4,26.6,11.0,1434.3999999999999
2024-08-29,2024,5.4,25.8,10.600000000000001,1444.9999999999998
2024-08-30,2024,3.4,26.6,10.8,1455.7999999999997
2024-08-31,2024,3.0,27.4,11.2,1466.9999999999998
2024-09-01,2024,4.6,28.2,11.600000000000001,1478.5999999999997
2024-09-02,2024,4.6,27.4,11.2,1489.7999999999997
2024-09-03,2024,5.0,27.8,11.399999999999999,1501.1999999999998
2024-09-04,2024,5.4,25.4,10.399999999999999,1511.6
2024-09-05,2024,6.2,23.4,9.799999999999999,1521.3999999999999
2024-09-06,2024,3.8,25.4,10.2,1531.6
2024-09-07,2024,4.6,25.8,10.4,1542.0
2024-09-08,2024,4.2,26.2,10.6,1552.6
2024-09-09,2024,3.4,25.0,10.0,1562.6
2024-09-10,2024,4.2,24.2,9.6,1572.1999999999998
2024-09-11,2024,4.2,22.6,8.8,1580.9999999999998
2024-09-12,2024,7.8,26.6,12.2,1593.1999999999998
2024-09-13,2024,2.6,24.6,9.8,1602.9999999999998
2024-09-14,2024,1.4,26.6,10.8,1613.7999999999997
2024-09-15,2024,2.2,19.8,7.4,1621.1999999999998
2024-09-16,2024,4.6,22.6,8.8,1629.9999999999998
2024-09-17,2024,6.6,19.8,8.2,1638.1999999999998
2024-09-18,2024,0.6,21.4,8.2,1646.3999999999999
2024-09-19,2024,0.2,23.8,9.4,1655.8
2024-09-20,2024,4.2,25.4,10.2,1666.0
2024-09-21,2024,0.6,20.6,7.800000000000001,1673.8
2024-09-22,2024,3.4,16.2,5.6,1679.3999999999999
2024-09-23,2024,1.4,21.0,8.0,1687.3999999999999
2024-09-24,2024,2.6,23.4,9.2,1696.6
2024-09-25,2024,3.0,26.2,10.6,1707.1999999999998
2024-09-26,2024,4.2,25.8,10.4,1717.6
2024-09-27,2024,3.8,26.6,10.8,1728.3999999999999
2024-09-28,2024,3.8,26.2,10.6,1738.9999999999998
2024-09-29,2024,4.6,26.6,10.8,1749.7999999999997
2024-09-30,2024,5.4,25.8,10.600000000000001,1760.3999999999996
