,date,Date (aggregated based on UTC),Raw_Moderated_cph,Raw_Mod_Coeff_of_Var,Raw_Mod_sqrt,Corrected_Mod_cph_for_Des,SWC_Des_cm3_cm3,Corrected_Mod_cph_for_UTS,SWC_UTS_cm3_cm3,Rhov_g_cm3,SWC_5,SWC_10,SWC_20,SWC_50,WeightedTDR_SWC,WeightedTDR_SD,WeightedTDR_SE,sT_5,sT_10,sT_20,sT_50,PRISM_ppt_mm,BaroPress,airRH,airT,date.1,CRNS,Bare,scaled_stationary_N_Des,scaled_stationary_N_UTS,theta_pred_tot_g_Des,theta_pred_pore_vol_Des,TDR_pore_swc_g,TDR_tot_swc_g,TDR_tot_swc_g_resid_Des,NewName,swc_univ_N0_pred_tot_g_Des,swc_univ_N0_pred_pore_vol_Des,theta_pred_tot_g_UTS,theta_pred_pore_vol_UTS,TDR_tot_swc_g_resid_UTS,swc_univ_ND_pred_tot_g_UTS,swc_univ_ND_pred_pore_vol_UTS
2,2023-07-01,2023-07-01,9194.297297297297,0.0073663710233036,135.75790196526762,1871.4635539624403,0.1813122537095429,1821.83351052648,0.1645342508951822,5.046890865349155e-06,0.0319583333333333,0.0468541666666666,0.1295833333333333,0.1175208333333333,0.065464648368885,0.0,0.0,12.861702127659576,12.985416666666666,12.675,10.895833333333334,0.7582,699.0291666666667,60.025,9.23125,2023-07-01,0.1645342508951822,803.8654994544939,2556.076681746329,2479.7420130405344,0.24337578933749654,0.1721462259878232,0.0632702371694476,0.14027023716944761,-0.10310555216804893,F1,0.2778176159695318,0.20778260369903345,0.22721605910654216,0.155426025390625,-0.08694582193709455,0.2641433133773827,0.193634033203125
3,2023-07-02,2023-07-02,9201.041666666666,0.0073450532686266,136.1498643898898,1875.160823115022,0.1790783109538485,1826.8964212043563,0.1619389851888021,4.894546789520086e-06,0.0311875,0.0457916666666666,0.1254375,0.1170833333333333,0.0638687799328581,0.0018244178843909,0.0008841405724083,15.16875,13.904166666666669,12.695833333333333,10.6375,0.0,699.375,48.13958333333333,12.591666666666669,2023-07-02,0.1619389851888021,810.1658350330343,2561.1264746995735,2486.6332642134107,0.24150937530540623,0.1702150788357378,0.061727863125525466,0.13872786312552546,-0.10278151217988074,F1,0.27565008835934707,0.20553989940110942,0.22503345781577364,0.153167724609375,-0.08630559469024818,0.26148879829401556,0.190887451171875
4,2023-07-03,2023-07-03,9264.1875,0.0073422538816904,136.20300003851665,1878.4339632127087,0.1775048780245455,1837.2321211055712,0.1573596710854388,4.1563887052789e-06,0.0293125,0.0442708333333333,0.1212708333333333,0.116625,0.061703912853652,0.0042993225365976,0.0020835168965385,16.77446808510638,15.191666666666668,13.475,10.66875,0.15,699.0395833333333,36.90833333333333,14.360416666666666,2023-07-03,0.1573596710854388,810.0161238191504,2565.5969849919447,2500.701437364872,0.23987321415819396,0.16852217046414086,0.059635563587462095,0.1366355635874621,-0.10323765057073186,F1,0.2737510715499846,0.20357501870469966,0.22060926601016176,0.148590087890625,-0.08397370242269966,0.2561797681272813,0.185394287109375
5,2023-07-04,2023-07-04,9335.4375,0.0072978119237406,137.03037512776984,1881.4484516938765,0.1757261859726827,1837.1243664415008,0.1571998596191406,4.468317975617379e-06,0.0255833333333333,0.0420208333333333,0.1166249999999999,0.11525,0.0584262560922399,0.0080463830582674,0.0038993992460935,16.97021276595745,15.9875,14.395833333333334,10.95,0.0,697.8854166666666,37.65,14.05,2023-07-04,0.1571998596191406,801.4361001166598,2569.7142245170166,2500.5547698642185,0.23837957531562032,0.16697672751981743,0.05646777569244374,0.13346777569244375,-0.10491179962317657,F1,0.27201837900866,0.20178223092605702,0.22066825523423658,0.148651123046875,-0.08720047954179283,0.25623875735135615,0.185455322265625
6,2023-07-05,2023-07-05,9404.208333333334,0.0072786345768498,137.3923923022484,1897.1115054073605,0.1677215004395016,1849.6626807885395,0.1517346700032552,4.750772600601188e-06,0.0238958333333333,0.0404583333333333,0.1122083333333333,0.1136041666666666,0.0561680879309455,0.0106279507404282,0.005150466091987,17.06595744680851,15.4125,13.9125,11.154166666666669,0.4601,697.5291666666667,41.97916666666666,13.954166666666666,2023-07-05,0.1517346700032552,807.3843048183016,2591.10708908935,2517.6209752443556,0.23081679868217708,0.15915164996123582,0.05428530257613659,0.1312853025761366,-0.09953149610604048,F1,0.26325843487276324,0.19271846432357498,0.2155361927397268,0.143341064453125,-0.08425089016359019,0.2500448888234995,0.179046630859375
7,2023-07-06,2023-07-06,9565.708333333334,0.0071838158234579,139.21505485373768,1913.5970773587967,0.1596773744904576,1878.1191622951671,0.1399663289388021,3.503479851676337e-06,0.021625,0.0389166666666666,0.1075208333333333,0.1116458333333333,0.0536104110050807,0.0135519208000524,0.0065674663222188,18.57659574468085,16.414583333333333,14.489583333333334,11.275,0.0,697.34375,34.85625,14.645833333333334,2023-07-06,0.1399663289388021,813.4629816554858,2613.6233630296565,2556.3537860789215,0.22319882435554778,0.1512694602795319,0.05181336039460333,0.12881336039460334,-0.09438546396094444,F1,0.25445684661861806,0.18361160925359654,0.20444621861365966,0.131866455078125,-0.07563285821905633,0.2367723134066638,0.165313720703125
8,2023-07-07,2023-07-07,9797.770833333334,0.0071431673827084,139.9990481654239,1915.7606405478027,0.158638659663378,1877.2054940115927,0.1402842203776041,3.804772580897663e-06,0.0183541666666666,0.0367916666666666,0.1028541666666666,0.1097291666666666,0.0435656459496024,0.0250352289462703,0.0121324515837661,18.22978723404255,16.41875,14.772916666666667,11.489583333333334,0.0,695.8541666666666,31.06458333333333,14.491666666666667,2023-07-07,0.1402842203776041,807.0636635473929,2616.5783943500332,2555.110169900126,0.2222238856523704,0.15026070762994415,0.042105301416109554,0.11910530141610956,-0.10311858423626083,F1,0.2533320409643493,0.18244779179479942,0.20480015395810863,0.132232666015625,-0.08569485254199907,0.23718523797518762,0.165740966796875
9,2023-07-08,2023-07-08,9810.3125,0.0071096818707711,140.65743095780587,1931.0227167484784,0.1513865110076075,1897.6911547068064,0.1322479248046875,3.256741008387363e-06,0.0159166666666666,0.0354375,0.0987708333333333,0.1078333333333333,0.04206604106546,0.026749597066089,0.0129632603714585,19.448936170212768,17.075,15.133333333333333,11.679166666666667,0.0,695.4104166666666,28.75208333333333,15.214583333333332,2023-07-08,0.1322479248046875,810.9078653750743,2637.423597030569,2582.993702175331,0.2155030280414204,0.1433067494985742,0.0406559641166023,0.11765596411660231,-0.0978470639248181,F1,0.24558797497322776,0.1744351371923441,0.19736751172468064,0.124542236328125,-0.07971154760807833,0.22827786513988899,0.156524658203125
10,2023-07-09,2023-07-09,9824.8125,0.0071340005005326,140.17824202462316,1953.678727770313,0.1410881389147229,1921.5319847586104,0.1232337951660156,3.101181008607094e-06,0.0132291666666666,0.0336458333333333,0.0947083333333333,0.1059791666666666,0.0404354342391481,0.0286137283372982,0.0138666466533363,18.846808510638297,16.741666666666667,15.110416666666666,11.86875,0.0,697.38125,22.95625,15.579166666666666,2023-07-09,0.1232337951660156,812.2899456342988,2668.3675613688997,2615.444037271063,0.20600596547296068,0.13348029887351257,0.03908001613243946,0.11608001613243946,-0.08992594934052121,F1,0.2346744931505097,0.16314314142992814,0.18916800957827995,0.116058349609375,-0.0730879934458405,0.21848565394346806,0.146392822265625
11,2023-07-10,2023-07-10,9693.979166666666,0.007186866168715,139.15251816372498,1940.1447549505392,0.1471490647553295,1897.59862183938,0.1322720845540364,4.16130366193917e-06,0.0111875,0.0320416666666666,0.09125,0.1039166666666666,0.0389836538474222,0.0302734228654179,0.0146709597894162,18.017777777777777,16.760416666666668,15.295833333333334,11.995833333333332,0.0,698.9125,29.60625,16.006249999999998,2023-07-10,0.1322720845540364,810.6469194266846,2649.8826316128448,2582.867753433243,0.21161242132110003,0.13928120427728358,0.03767690022192753,0.11467690022192753,-0.09693552109917249,F1,0.2411129487938366,0.16980490300354512,0.19736751172468064,0.124542236328125,-0.08269061150275311,0.22827786513988899,0.156524658203125
12,2023-07-11,2023-07-11,9617.125,0.0072076867829087,138.74421387589254,1946.4016545112736,0.1442244947044665,1902.337642820011,0.1302528381347656,4.288809519127304e-06,0.0108125,0.0311458333333333,0.0886458333333333,0.1025208333333333,0.0380021529889966,0.0313954876166419,0.0152147293829475,20.07708333333333,17.004166666666666,15.102083333333333,12.064583333333331,0.0,699.7875,32.05833333333333,16.337500000000002,2023-07-11,0.1302528381347656,810.6791185171292,2658.428411215851,2589.3181504417794,0.20899635164658553,0.1365744010628127,0.036728299814808865,0.11372829981480886,-0.09526805183177665,F1,0.2381071620557385,0.16669486610966622,0.19571581345058556,0.122833251953125,-0.0819875136357767,0.22633122074541975,0.154510498046875
13,2023-07-12,2023-07-12,9540.270833333334,0.007212491336908,138.65461567820043,1951.1371363484448,0.1420879871448005,1895.361349875586,0.1329396565755208,5.453476932786715e-06,0.0095416666666666,0.0302083333333333,0.0860416666666666,0.1006875,0.0369725383338169,0.0325725566961066,0.0157851549080346,20.804255319148936,17.993750000000002,15.9125,12.23125,0.0,699.7666666666668,40.3625,16.320833333333333,2023-07-12,0.1329396565755208,809.1144420530212,2664.896212672737,2579.822548011802,0.2070440948605483,0.1345544338595696,0.035733198411998596,0.11273319841199861,-0.0943108964485497,F1,0.23586577736971276,0.16437574313977582,0.19819336086172823,0.125396728515625,-0.08546016244972962,0.22922169272508622,0.157501220703125
14,2023-07-13,2023-07-13,9723.083333333334,0.0071536014891098,139.79402595366903,1947.2823076265656,0.1437544197517487,1899.134369598056,0.1314519246419271,4.697427955734816e-06,0.0084166666666666,0.0291458333333333,0.08375,0.0988333333333333,0.0359718180571192,0.0337165933402709,0.0163395724140685,21.102127659574467,18.07708333333333,16.05,12.466666666666669,0.0,699.30625,34.045833333333334,17.397916666666667,2023-07-13,0.1314519246419271,809.8833583028536,2659.631222185875,2584.9580971537957,0.20863150270454972,0.13619689800977108,0.03476602283213201,0.11176602283213202,-0.0968654798724177,F1,0.2376881688488049,0.1662613408980031,0.19683660870800723,0.123992919921875,-0.08507058587587521,0.22762898367506593,0.155853271484375
15,2023-07-14,2023-07-14,9932.375,0.0070763626869215,141.32074609121935,1961.992523782751,0.1375181419582467,1920.12014764914,0.1238142804401676,4.040876283324542e-06,0.0074791666666666,0.028125,0.0815,0.0972708333333333,0.0350169561621042,0.0348082040765079,0.0168685835301297,20.12619047619048,18.3,16.279166666666665,12.652083333333332,0.0,699.30625,33.29375,16.020833333333332,2023-07-14,0.1238142804401676,811.9654212047196,2679.7226850522834,2613.522351356464,0.20265640830331139,0.13001456850624196,0.033843168435645526,0.11084316843564554,-0.09181323986766585,F1,0.23083357404994753,0.15916900715162238,0.18963992337087857,0.116546630859375,-0.07879675493523303,0.2190755461842163,0.147003173828125
16,2023-08-01,2023-08-01,9299.625,0.0073385248285258,136.28260912485092,1931.2719978841333,0.1521569214900253,1849.970367674292,0.1525156121504934,8.137747673845659e-06,0.0132222222222222,0.0178888888888888,0.0796666666666666,0.0761111111111111,0.0239817291361835,0.0474238214356225,0.0229823030066827,29.43333333333333,22.344444444444445,16.233333333333334,13.4,6.0832,701.2222222222222,56.93333333333333,18.0,2023-08-01,0.1525156121504934,847.1916129500962,2637.7640694360816,2518.0397753668985,0.21539547659485803,0.14319546782893364,0.023177848319444427,0.10017784831944443,-0.11521762827541358,F1,0.24546419013045834,0.17430705910116207,0.21541821429157715,0.143218994140625,-0.11524036597213272,0.249867921151275,0.178863525390625
17,2023-08-02,2023-08-02,9068.333333333334,0.0074424946055897,134.37175265694876,1919.3751749607693,0.1567458780964413,1847.49647262016,0.1527582804361979,7.208676605068453e-06,0.0125652173913043,0.0166739130434782,0.076,0.0761521739130434,0.0231604811205662,0.0483626830193149,0.0234372895671193,19.03023255813953,17.593478260869563,15.917391304347827,13.45,6.2226,701.3833333333333,71.21249999999999,13.264583333333334,2023-08-02,0.1527582804361979,844.633919329619,2621.515186791859,2514.6724964876053,0.22060759382459105,0.14858835770838938,0.022384128991262086,0.09938412899126209,-0.12122346483332895,F1,0.25146809754312804,0.18051920094215332,0.21642103110084918,0.144256591796875,-0.11703690210958709,0.2510477056327715,0.180084228515625
18,2023-08-03,2023-08-03,9112.895833333334,0.0073973117549502,135.1941346211204,1906.830179847254,0.1629335674330976,1842.709821563092,0.1549491882324218,6.447263615349402e-06,0.0170434782608695,0.0172608695652173,0.072391304347826,0.076,0.0223368653208533,0.0493042514850739,0.0238935879236528,18.927906976744183,17.9,16.27173913043478,13.519565217391303,9.842999,700.4729166666666,64.05416666666666,12.61875,2023-08-03,0.1549491882324218,845.145811220298,2604.381019570496,2508.157269020664,0.2262848247419088,0.1544624928837612,0.02158812124841584,0.09858812124841584,-0.12769670349349296,F1,0.25801963228280117,0.18729796355150768,0.2183676754953184,0.146270751953125,-0.11977955424690256,0.25346626381983933,0.182586669921875
19,2023-08-04,2023-08-04,9244.708333333334,0.0073511315751802,136.03961480030372,1927.137228849617,0.1536764461225078,1874.6830311228823,0.1417388916015625,5.184312929674656e-06,0.0199565217391304,0.0175434782608695,0.0702826086956521,0.0759782608695652,0.0218609511830042,0.0498483228163474,0.0241572531411332,17.31219512195122,17.004347826086956,15.92608695652174,13.558695652173911,0.8228,700.2041666666668,52.49375,12.63125,2023-08-04,0.1417388916015625,836.8931249758575,2632.116731719482,2551.6767841569563,0.21718850534970296,0.1450506844711103,0.021128160015532815,0.09812816001553282,-0.11906034533417013,F1,0.2475284298982035,0.1764428932087946,0.20574398154330584,0.133209228515625,-0.10761582152777302,0.23830603323260927,0.166900634765625
20,2023-08-05,2023-08-05,9254.125,0.0073612830836116,135.85153512525412,1955.3462047034927,0.140634563518984,1902.991126069173,0.1302998860677083,5.094730486764589e-06,0.0223260869565217,0.018195652173913,0.0689782608695652,0.0757826086956521,0.0299842424792002,0.0405616688627207,0.0196567998115721,18.788372093023256,17.743478260869566,15.993478260869566,13.491304347826087,0.0,700.5229166666667,42.833333333333336,14.210416666666667,2023-08-05,0.1302998860677083,836.800548511394,2670.6450296622183,2590.2076224261305,0.2053285020893213,0.13277933892493562,0.028979154097265546,0.10597915409726555,-0.09934934799205573,F1,0.2338973051396731,0.1623389980898349,0.19547985655428624,0.122589111328125,-0.08950070245702069,0.22603627462504564,0.154205322265625
21,2023-08-06,2023-08-06,9369.041666666666,0.0072807481191515,137.3554519002105,1999.0699410239208,0.1224122939683363,1950.289079148484,0.113348642985026,4.633395777521438e-06,0.023127659574468,0.0189787234042553,0.0681063829787234,0.0753829787234042,0.0300590684133449,0.0404761268660321,0.0196153448628105,20.144186046511628,18.42978723404256,16.48936170212766,13.559574468085106,0.0,700.1625,39.89791666666667,15.175,2023-08-06,0.113348642985026,841.9256585669576,2730.363650744013,2654.5860196308745,0.18853142130703932,0.11539968245089864,0.02905147182473708,0.10605147182473709,-0.08247994948230222,F1,0.21468335785068832,0.14245865056271872,0.17990670139853243,0.106475830078125,-0.07385522957379534,0.20757264748962537,0.135101318359375
22,2023-08-07,2023-08-07,9496.416666666666,0.0072495394604363,137.94644733267702,2002.636582596261,0.1210706123739702,1959.5401052428529,0.1103553771972656,4.07616757391082e-06,0.0207659574468085,0.0192127659574468,0.0669361702127659,0.0747234042553191,0.0288513699064944,0.0418567837579848,0.0202844321290528,19.634090909090908,18.11063829787234,16.4468085106383,13.653191489361705,0.0,699.9083333333333,37.34791666666667,13.991666666666667,2023-08-07,0.1103553771972656,828.5641806739486,2735.2350303313433,2667.177816816179,0.1872386241383367,0.11406204700257958,0.027884256039401294,0.1048842560394013,-0.08235436809893538,F1,0.21320897039416348,0.14093312670317643,0.17707521864294082,0.103546142578125,-0.07219096260353952,0.20421026171736037,0.131622314453125
23,2023-08-08,2023-08-08,9715.104166666666,0.0071583688250021,139.71086468528964,2012.19412645234,0.1173465450268804,1975.9856442263565,0.1050097147623698,3.395777741532343e-06,0.016595744680851,0.0190212765957446,0.0653191489361702,0.074,0.0205871254213715,0.0513045772597942,0.0248629761271974,18.75454545454545,17.472340425531915,16.142553191489363,13.653191489361705,0.0,698.5083333333333,30.61875,14.089583333333332,2023-08-08,0.1050097147623698,829.9220283130711,2748.2888859266427,2689.5622409190737,0.18382799226863483,0.11053312367220265,0.01989703359754751,0.0968970335975475,-0.08693095867108731,F1,0.2093222952796323,0.13691164944815287,0.17217911304473033,0.098480224609375,-0.07528207944718282,0.19848830698210232,0.125701904296875
24,2023-08-09,2023-08-09,9721.979166666666,0.0071746706694533,139.38533687014652,2007.5002639916404,0.1191628722515574,1962.7317783170977,0.1092758178710937,4.226420169635971e-06,0.0132127659574468,0.0189148936170212,0.0638723404255319,0.0737446808510638,0.0202414298533207,0.0516997810013236,0.0250544978532467,18.97317073170732,16.938297872340424,15.604255319148937,13.53404255319149,0.0,697.3125,40.49375,11.841666666666669,2023-08-09,0.1092758178710937,827.4013996744928,2741.877928920445,2671.522080860267,0.18549333561865666,0.11225622637736028,0.019562925936023785,0.09656292593602378,-0.08893040968263287,F1,0.21121953328241216,0.13887468964336247,0.1761313910577436,0.102569580078125,-0.07956846512171983,0.20308946645993867,0.130462646484375
25,2023-08-10,2023-08-10,9817.541666666666,0.0071505668540186,139.8543209020903,1999.476123104853,0.1221764135806801,1950.431749246845,0.1132926940917968,4.663021541868195e-06,0.0101702127659574,0.0188936170212765,0.0627872340425532,0.073,0.0199380610065199,0.052046596275801,0.0252225697943956,18.48205128205128,17.840425531914892,16.05531914893617,13.438297872340426,0.0,697.75625,35.15416666666667,14.308333333333332,2023-08-10,0.1132926940917968,824.626767830342,2730.9184211232787,2654.780211380486,0.18838363511045558,0.11524677056331999,0.019269726180657323,0.09626972618065732,-0.09211390892979825,F1,0.21451478121810102,0.142284227161302,0.1798477121744576,0.106414794921875,-0.08357798599380029,0.20751365826555054,0.135040283203125
26,2023-08-11,2023-08-11,9632.583333333334,0.0072104746892286,138.69221938005649,1980.335274456438,0.1298137883193074,1916.8036741042736,0.1249732971191406,6.139999289784369e-06,0.0078723404255319,0.0181702127659574,0.0619361702127659,0.0727021276595744,0.0197229381245217,0.0522925275972051,0.0253417518420721,18.03617021276596,16.96808510638298,15.953191489361702,13.508510638297873,0.65,699.1625,58.01458333333333,12.322916666666666,2023-08-11,0.1249732971191406,820.881122762878,2704.7755252087627,2609.0082183487957,0.19550795441609775,0.12261818371232487,0.019061814336574612,0.09606181433657462,-0.09944614007952313,F1,0.2226507350967747,0.1507023615581497,0.19076071862830024,0.117706298828125,-0.09469890429172562,0.22037330911386246,0.148345947265625
27,2023-08-12,2023-08-12,9649.541666666666,0.0071900592554646,139.0858236682377,1980.843248003321,0.1295839814857739,1913.418906465928,0.1261647542317708,6.525993335550231e-06,0.008,0.0174893617021276,0.0612340425531914,0.0723191489361702,0.0195345222564339,0.0525079271073916,0.0254461377110455,15.717777777777776,15.751063829787231,15.229787234042552,13.412765957446808,0.0,700.1791666666667,60.6375,12.4,2023-08-12,0.1261647542317708,818.6110916370204,2705.4693240996803,2604.4011285852753,0.1953145647371039,0.12241808666986242,0.018879714272533505,0.0958797142725335,-0.09943485046457039,F1,0.2224296310447091,0.15047358892082505,0.19188151388572194,0.118865966796875,-0.09600179961318844,0.2217300612675834,0.149749755859375
28,2023-08-13,2023-08-13,9746.625,0.007155603762138,139.7562665054023,1984.3741633505729,0.1282640592600789,1925.8471222632409,0.1218846638997395,5.635493917384126e-06,0.0092127659574468,0.0172978723404255,0.0602978723404255,0.0717234042553191,0.0192765169188663,0.0528028822186655,0.025589077430694,17.245238095238093,15.317021276595744,14.153191489361705,13.108510638297872,0.715,700.275,53.89166666666667,13.695833333333333,2023-08-13,0.1218846638997395,816.7355487788665,2710.2919082024923,2621.3174761448413,0.19397694445486158,0.12103407350118148,0.018630357416495703,0.0956303574164957,-0.09834658703836587,F1,0.22090070623456337,0.14889163618038256,0.18775226820048418,0.114593505859375,-0.09212191078398849,0.21683395566937294,0.144683837890625
29,2023-08-14,2023-08-14,9736.416666666666,0.0071785399129411,139.30728766844163,1996.2487540579525,0.1233082792226623,1944.899247990941,0.1149737040201823,4.889647350627387e-06,0.0085106382978723,0.0176808510638297,0.0602978723404255,0.0710212765957446,0.0192205474328982,0.0528668672746232,0.0256200855590861,19.463414634146343,17.50851063829787,15.53404255319149,13.019148936170213,0.0034,702.3229166666666,40.04375,14.454166666666666,2023-08-14,0.1149737040201823,817.758651004272,2726.510425708831,2647.249789021804,0.18956187473235947,0.11646587524812861,0.01857626405863484,0.09557626405863484,-0.09398561067372461,F1,0.21585900376740114,0.1436750715844671,0.18161738889670237,0.108245849609375,-0.08604112483806753,0.20957828110816942,0.137176513671875
30,2023-08-15,2023-08-15,9613.375,0.0072123862004877,138.6536346634576,2000.7555025763268,0.1215177154621172,1944.1528734489084,0.1152025858561198,5.392550163954052e-06,0.0066808510638297,0.0174680851063829,0.0599148936170212,0.071,0.0191327311746545,0.05296725998148,0.0256687373871927,20.26046511627907,17.846808510638297,16.04042553191489,13.238297872340429,0.0,704.25,41.68541666666667,15.322916666666666,2023-08-15,0.1152025858561198,818.7171749254362,2732.665819317176,2646.2338804337537,0.18791908189940904,0.11476610518303461,0.018491391449908613,0.09549139144990862,-0.09242769044950042,F1,0.21398492873997194,0.14173599772958348,0.18185334579300166,0.108489990234375,-0.08636195434309304,0.20981423800446872,0.137420654296875
31,2023-08-16,2023-08-16,9680.854166666666,0.0071775230200629,139.33097761507142,1990.162381999841,0.1257816850255598,1926.799062338148,0.1213150024414062,6.091651956880508e-06,0.005595744680851,0.0169148936170212,0.0592978723404255,0.0707234042553191,0.0189719333568722,0.0531510861716035,0.025757822346483,19.49767441860465,17.617021276595743,16.0531914893617,13.387234042553192,0.0,703.0500000000001,46.89791666666667,15.958333333333334,2023-08-16,0.1213150024414062,811.967300591706,2718.1975554628507,2622.6131849920025,0.19180895909416168,0.11879089557651197,0.018335983663860664,0.09533598366386067,-0.096472975430301,F1,0.2184240968339909,0.14632913016161514,0.18739833285603522,0.114227294921875,-0.09206234919217454,0.21642103110084918,0.144256591796875
32,2023-08-17,2023-08-17,9797.666666666666,0.0071446765737799,139.96711594256283,1994.6185541156408,0.1239560964494674,1932.1591703244208,0.1193720499674479,5.987549632287372e-06,0.005127659574468,0.0163191489361702,0.0584468085106383,0.0703404255319149,0.0187500262947566,0.0534047732573661,0.0258807629551767,18.604761904761904,17.04042553191489,15.7,13.436170212765957,0.7629,701.8249999999999,44.01041666666666,16.241666666666667,2023-08-17,0.1193720499674479,818.7246755715047,2724.2838709622506,2629.9089586679156,0.19016050965392656,0.11708527271516779,0.0181215150491281,0.09512151504912811,-0.09503899460479845,F1,0.2165421714239213,0.14438193364808338,0.1856876453578653,0.112457275390625,-0.0905661303087372,0.2143564082582303,0.142120361328125
33,2023-08-18,2023-08-18,9787.729166666666,0.0071599500426691,139.6761640732646,1983.193150546911,0.1288544300201485,1911.156533484058,0.1273981730143229,6.993215938042927e-06,0.0052978723404255,0.0160212765957446,0.0598723404255319,0.0699148936170212,0.019036663965579,0.0530770852843586,0.0257219603943681,18.79555555555556,17.306382978723402,15.865957446808512,13.43191489361702,0.0,700.78125,56.375,14.45,2023-08-18,0.1273981730143229,832.8351748207688,2708.6788608728275,2601.3217575560916,0.19442306340069354,0.12149566525784537,0.01839854446678325,0.09539854446678325,-0.09902451893391027,F1,0.22141055318091402,0.14941916622544002,0.19264837379869465,0.119659423828125,-0.0972498293319114,0.22267388885278064,0.150726318359375
34,2023-08-19,2023-08-19,9597.875,0.0072230510345366,138.44982295127434,1961.4759404712388,0.1378617082578888,1899.7236009981384,0.1315040588378906,6.02359570392206e-06,0.0087446808510638,0.0155744680851063,0.0633404255319148,0.0699361702127659,0.0198182263858273,0.0521835927977104,0.0252889603863402,17.00232558139535,16.0468085106383,15.01063829787234,13.4,0.8084,700.9583333333334,52.37291666666667,15.216666666666669,2023-08-19,0.1315040588378906,834.5008361267243,2679.017126798723,2585.7601143797083,0.20286249719794225,0.1302278052131569,0.019153908482689892,0.0961539084826899,-0.10670858871525235,F1,0.23106977186728578,0.15941339705356214,0.19665964103578276,0.123809814453125,-0.10050573255309286,0.22739302677876663,0.155609130859375
35,2023-08-20,2023-08-20,9658.104166666666,0.007187152024765,139.14418091853457,2005.928164176221,0.1197938615077867,1964.7629585577213,0.1087061564127604,3.886966997174255e-06,0.0129574468085106,0.0161702127659574,0.0607021276595744,0.0698936170212766,0.0192215617158474,0.0528657077329526,0.0256195236276091,19.20952380952381,17.42340425531915,15.538297872340424,13.293617021276594,0.0,701.7125,30.554166666666664,17.21875,2023-08-20,0.1087061564127604,839.0196849352074,2739.7307283131645,2674.2867698121554,0.18605526079153345,0.11283764088594643,0.01857724434225893,0.09557724434225892,-0.0904780164492745,F1,0.21185994086441812,0.1395373085783367,0.17548250959292055,0.101898193359375,-0.07990526525066163,0.20238159577104078,0.129730224609375
36,2023-08-21,2023-08-21,9601.145833333334,0.0072285946916888,138.34573046456129,2010.6482079502173,0.1178686654983991,1963.5911098506533,0.1089668273925781,4.443929582445982e-06,0.0143829787234042,0.0167234042553191,0.0598936170212765,0.0698297872340425,0.0190346642417513,0.0530793713950633,0.0257230682782825,18.67,18.248936170212765,16.314893617021276,13.46808510638298,0.0,703.4250000000001,31.258333333333336,16.935416666666665,2023-08-21,0.1089668273925781,828.6875342777021,2746.177444201374,2672.691737963716,0.18437442899419143,0.11109851254530903,0.018396611774803614,0.09539661177480363,-0.0889778172193878,F1,0.2099447067035174,0.13755564806153392,0.1758364449373695,0.102264404296875,-0.08043983316256587,0.20279452033956455,0.130157470703125
37,2023-08-22,2023-08-22,9524.729166666666,0.007246395675426,138.0040264489003,2002.0904103653904,0.1211287174068812,1941.363508490101,0.116278330485026,5.795812942400867e-06,0.0111702127659574,0.016595744680851,0.0588723404255319,0.0698297872340425,0.0188050103398463,0.0533419147704425,0.025850300779222,18.33409090909091,17.75744680851064,16.43617021276596,13.651063829787237,0.0,703.7375000000001,40.922916666666666,15.620833333333332,2023-08-22,0.116278330485026,820.9441013021789,2734.489059029583,2642.4372077750877,0.18743588012746648,0.11426614445099682,0.018174655998633518,0.09517465599863353,-0.09226122412883295,F1,0.21343389279913672,0.14116585012591976,0.18273818415412402,0.109405517578125,-0.08756352815549048,0.2108760440378156,0.138519287109375
38,2023-08-23,2023-08-23,9570.958333333334,0.0072334888020372,138.251760794268,2001.296815922848,0.1214377500981897,1934.1712652635115,0.1187413533528645,6.428344670893891e-06,0.0094042553191489,0.0162553191489361,0.0577872340425532,0.0695106382978723,0.0185355623936322,0.0536499512231274,0.0259995799152847,19.413636363636364,17.17659574468085,15.75744680851064,13.640425531914897,2.5361,702.81875,51.739583333333336,14.714583333333332,2023-08-23,0.1187413533528645,837.3828419955189,2733.4051542722336,2632.6476701505294,0.1877229546099235,0.11456317558112199,0.017914240096516043,0.09491424009651606,-0.09280871451340744,F1,0.21376125754429515,0.14150456891201774,0.1850387638930422,0.111785888671875,-0.09012452379652613,0.21358954834525753,0.141326904296875
39,2023-08-24,2023-08-24,9516.354166666666,0.0072676127943909,137.60498634322343,1957.2449313010147,0.1396034130997786,1880.646238544194,0.1388982137044271,7.546849883466362e-06,0.0109787234042553,0.0161063829787234,0.0594468085106383,0.0689148936170212,0.0188612607234064,0.0532776085886458,0.0258191370283787,16.648837209302325,16.865957446808512,15.770212765957448,13.612765957446808,2.6854,700.9270833333334,69.41875,12.372916666666669,2023-08-24,0.1388982137044271,862.9426419174425,2673.238342671527,2559.793451179306,0.20456055995527567,0.13198476213777566,0.01822902083824383,0.09522902083824383,-0.10933153911703182,F1,0.23301653088595659,0.16142767580954223,0.20356138025253728,0.130950927734375,-0.10833235941429345,0.23565151814924215,0.164154052734375
40,2023-08-25,2023-08-25,9257.625,0.0073744829368288,135.61082448405585,1910.3246478824267,0.1612569242834482,1822.9409567533828,0.1639760335286458,8.875923714866355e-06,0.0197234042553191,0.015595744680851,0.0749574468085106,0.0689787234042553,0.0223542174936764,0.0492844142518054,0.0238839744995973,14.404255319148936,15.03191489361702,14.959574468085108,13.53404255319149,5.6015997,700.9562500000001,94.40833333333336,10.3,2023-08-25,0.1639760335286458,871.5311380977097,2609.1538233159395,2481.2493851028917,0.22468419568344444,0.1528063489657171,0.021604891766814353,0.09860489176681436,-0.12607930391663008,F1,0.256171250072963,0.18538547362209123,0.22674414531394357,0.154937744140625,-0.1281392535471292,0.26355342113663444,0.193023681640625
41,2023-08-26,2023-08-26,8979.541666666666,0.0074585851042824,134.0782457501568,1885.859608236927,0.1735829336358882,1805.8504219117624,0.1722844441731771,8.206851429811436e-06,0.0523829787234042,0.0158085106382978,0.0744468085106382,0.0688297872340425,0.0420117069568024,0.026811712537095,0.0129933624706324,15.079545454545457,14.687234042553191,14.040425531914892,13.24255319148936,9.3572,702.0166666666668,79.87916666666666,12.41875,2023-08-26,0.1722844441731771,873.505757697692,2575.7390569832173,2457.987041410546,0.2362164282707102,0.1647385557189756,0.040603451317300525,0.11760345131730052,-0.11861297695340967,F1,0.2695105552381904,0.19918742792468308,0.23441274444367083,0.162872314453125,-0.11680929312637031,0.27287371854045683,0.202667236328125
42,2023-08-27,2023-08-27,9085.354166666666,0.0074099849627394,134.95974890024766,1895.353228000334,0.1687972732306692,1823.7515962588348,0.1636505126953125,7.270342200506724e-06,0.061127659574468,0.0166595744680851,0.0694255319148936,0.0687872340425532,0.0441819051838949,0.0243307132461771,0.0117910325921631,15.042222222222222,15.355319148936172,14.791489361702128,13.129787234042556,4.5638,702.1999999999999,70.71666666666667,12.020833333333334,2023-08-27,0.1636505126953125,867.9975436696872,2588.7056039679187,2482.3527662996285,0.231649600167813,0.16001333562668116,0.04270090330022631,0.11970090330022631,-0.11194869686758668,F1,0.26422198477638936,0.19371543317415513,0.2263902099694946,0.154571533203125,-0.10668930666926829,0.26314049656811067,0.192596435546875
43,2023-08-28,2023-08-28,9273.6875,0.0073393092200391,136.25854983021992,1921.82576875582,0.1557799969033382,1857.4203146193515,0.1487337748209635,6.430280543105985e-06,0.0610212765957446,0.0169361702127659,0.0664042553191489,0.0688510638297872,0.0434674214260721,0.025147520519541,0.0121868697829723,14.517777777777775,14.295744680851064,13.808510638297872,13.029787234042551,2.3274999,701.8208333333333,64.91875,12.364583333333334,2023-08-28,0.1487337748209635,867.4676583618193,2624.8622493850357,2528.18007980627,0.21952055957177546,0.14746362168227142,0.04201036943290239,0.11901036943290239,-0.10051019013887305,F1,0.25021506924125925,0.17922271367028778,0.21240976386376106,0.140106201171875,-0.09339939443085868,0.24626957848271067,0.175140380859375
44,2023-08-29,2023-08-29,9324.541666666666,0.0072951038961145,137.08622318771768,1947.6101330591976,0.1437556397542694,1902.889612160412,0.130163828531901,4.355108226475117e-06,0.0568936170212765,0.0178510638297872,0.0647872340425532,0.0686170212765957,0.0415261971814574,0.0273667537279536,0.0132623438484157,15.066666666666666,14.685106382978724,13.706382978723406,12.82127659574468,0.9953,702.6895833333333,42.833333333333336,13.472916666666668,2023-08-29,0.130163828531901,859.9864675615971,2660.0789717251378,2590.069449369697,0.20849589651436845,0.13605658856959804,0.04013421609799453,0.11713421609799454,-0.09136168041637391,F1,0.23753245138429135,0.16610022266113017,0.1955388457783611,0.122650146484375,-0.07840462968036654,0.22609526384912046,0.154266357421875
45,2023-08-30,2023-08-30,9572.270833333334,0.007217982639825,138.54998050051088,1957.2776042705764,0.1394900012031629,1911.1238186823207,0.1271095275878906,4.477619679972782e-06,0.0505106382978723,0.0192978723404255,0.0640851063829787,0.0684893617021276,0.0389473878672127,0.0303148826132239,0.0146910518119022,16.830232558139535,16.14468085106383,14.727659574468086,12.787234042553193,0.0,701.125,33.447916666666664,15.327083333333334,2023-08-30,0.1271095275878906,850.6601121914041,2673.282967967832,2601.2772286417603,0.20454737755953234,0.13197112253500817,0.03764184989742096,0.11464184989742096,-0.08990552766211136,F1,0.2330014135878149,0.16141203419586403,0.19264837379869465,0.119659423828125,-0.07800652390127369,0.22267388885278064,0.150726318359375
46,2023-08-31,2023-08-31,9836.770833333334,0.0071142922132154,140.5669445029515,1985.9839281208608,0.1274978244528784,1945.6578369305587,0.1148274739583333,3.839499639521347e-06,0.0440851063829787,0.0203829787234042,0.0636170212765957,0.0686595744680851,0.0429052235055162,0.0257902326113869,0.0124983378088232,18.07857142857143,17.114893617021277,15.28936170212766,12.961702127659576,0.0,698.8333333333334,30.110416666666666,16.341666666666665,2023-08-31,0.1148274739583333,844.2820384255846,2712.4905522443264,2648.282322924232,0.19337093522828214,0.12040704596499452,0.04146701669740296,0.11846701669740295,-0.07490391853087916,F1,0.22020824937467004,0.1481751627345484,0.18138143200040305,0.108001708984375,-0.0629144153030001,0.2092833349877953,0.136871337890625
47,2023-09-01,2023-09-01,9894.458333333334,0.0071422738803855,140.02548840235576,1981.5125570788823,0.1294578127273966,1931.6895658673627,0.1199010213216145,4.78791918104324e-06,0.0363617021276595,0.0206595744680851,0.0632340425531914,0.0690425531914893,0.0400205130272721,0.0290880717496188,0.0140965206639318,18.02,17.28510638297872,15.863829787234042,13.219148936170212,0.0,699.2604166666666,30.691666666666663,16.502083333333335,2023-09-01,0.1199010213216145,852.482308997057,2706.3834777936177,2629.2697685910234,0.19506012080904261,0.12215481782458341,0.03867900330893659,0.1156790033089366,-0.07938111750010601,F1,0.22213874473308565,0.15017261375528632,0.18580562380601495,0.112579345703125,-0.07012662049707835,0.21453337593045477,0.142303466796875
48,2023-09-02,2023-09-02,9414.5625,0.0073064985046169,136.87068976977858,1924.172850923469,0.1545228054294108,1862.315212227208,0.1464742024739583,6.158058279118658e-06,0.0333829787234042,0.0203617021276595,0.0917872340425531,0.0756595744680851,0.0457490647358629,0.0225391157374107,0.0109227972714735,15.615909090909092,15.73191489361702,15.017021276595743,13.259574468085107,0.0,701.3666666666667,56.09583333333333,12.939583333333331,2023-09-02,0.1464742024739583,854.6936091413407,2628.067934040859,2534.842644292871,0.21848602251821614,0.14639320362370678,0.044215530797752256,0.12121553079775227,-0.09727049172046387,F1,0.24902297533999046,0.17798927419604887,0.21052210869336666,0.138153076171875,-0.08930657789561439,0.2439689987437925,0.172760009765625
49,2023-09-03,2023-09-03,9374.791666666666,0.0072840046167523,137.2953055474974,1927.773080612068,0.1527654522309465,1857.2916049853395,0.1484464009602864,7.028799594895404e-06,0.0329787234042553,0.0203829787234042,0.0818085106382978,0.0738936170212765,0.0432184626938898,0.0254321334319936,0.0123247975162419,13.791111111111112,14.491489361702127,14.329787234042554,13.129787234042556,0.0,700.3874999999999,64.68124999999999,12.533333333333331,2023-09-03,0.1484464009602864,856.8816381022592,2632.9851888473845,2528.0048899850826,0.21691150514336138,0.14476407702474187,0.04176975593503679,0.1187697559350368,-0.09814174920832458,F1,0.2472094506606634,0.17611285076614322,0.2124687530878359,0.140167236328125,-0.09369899715279909,0.2463285677067855,0.175201416015625
50,2023-09-04,2023-09-04,9885.3125,0.0070782127798708,141.29149682823223,1940.2951841152487,0.1470892561101079,1888.7692642402808,0.1356925964355468,5.057248663256825e-06,0.0347021276595744,0.0207021276595744,0.0759574468085106,0.0729148936170212,0.0425770246762932,0.0261654338498808,0.0126801660185818,15.204347826086956,14.391489361702128,13.629787234042556,12.878723404255318,0.7919,694.3020833333334,52.65,11.945833333333333,2023-09-04,0.1356925964355468,857.4288875376761,2650.088090318869,2570.8498995184154,0.21154902990624558,0.13921561424840573,0.04114981927435007,0.11814981927435006,-0.09339921063189549,F1,0.24104008305184071,0.1697295100480055,0.20055292982472123,0.127838134765625,-0.08240311055037117,0.2320531754806778,0.160430908203125
51,2023-09-05,2023-09-05,9969.604166666666,0.0070887598458446,141.07179920801113,1961.3415928098425,0.1378503324756822,1916.404779992947,0.125281016031901,4.349553937899449e-06,0.0343404255319148,0.0213404255319148,0.0723191489361702,0.0724255319148936,0.0417860729099653,0.027069660361041,0.01311836789766,15.04390243902439,14.895744680851063,13.974468085106382,12.74468085106383,0.0,696.2291666666666,58.04166666666666,9.3625,2023-09-05,0.125281016031901,849.229387181003,2678.833632482836,2608.465273847613,0.20291613849647705,0.13028330696095702,0.040385380648434444,0.11738538064843446,-0.0855307578480426,F1,0.2311312526347617,0.15947701016778962,0.1908786970764499,0.117828369140625,-0.07349331642801543,0.22055027678608694,0.148529052734375
52,2023-09-06,2023-09-06,9969.958333333334,0.0070744719948457,141.36042453078008,1986.503327224654,0.1274036596510553,1950.99282785278,0.1131553649902343,3.3740002862699115e-06,0.0332978723404255,0.0219361702127659,0.0696595744680851,0.0715106382978723,0.040910618444874,0.0280704914740736,0.0136033858317262,16.228571428571428,15.648936170212766,14.331914893617022,12.704255319148936,0.0,699.6041666666666,31.854166666666668,13.102083333333333,2023-09-06,0.1131553649902343,843.6222297516957,2713.1999563547697,2655.5439091518338,0.1931759100754658,0.1202052567253238,0.03953927190092752,0.11653927190092753,-0.07663663817453828,F1,0.21998543330735032,0.14794461870388578,0.17967074450223314,0.106231689453125,-0.06313147260130561,0.20733669059332607,0.134857177734375
53,2023-09-07,2023-09-07,10022.541666666666,0.0070517756946301,141.8164320701345,1995.445721078571,0.1241192051170963,1962.7751593895885,0.1094919840494791,3.0853600304363467e-06,0.0305531914893617,0.0219148936170212,0.0675531914893617,0.0711914893617021,0.0393681355480854,0.0298338783045534,0.014457949829929,16.854761904761904,16.151063829787233,14.77659574468085,12.782978723404254,0.0,700.1166666666667,28.09583333333333,13.641666666666666,2023-09-07,0.1094919840494791,838.2889354924201,2725.4136296376896,2671.5811278957976,0.18985646719912747,0.11677068510995099,0.038048493883459135,0.11504849388345914,-0.07480797331566832,F1,0.2161951784731474,0.14402290588834765,0.1760724018336688,0.102508544921875,-0.06102390795020965,0.20308946645993867,0.130462646484375
54,2023-09-08,2023-09-08,10065.145833333334,0.0070636384341321,141.5741806140618,2011.9207621665707,0.1173580536809436,1983.2294901748355,0.102673848470052,2.679941255886077e-06,0.026063829787234,0.021595744680851,0.065531914893617,0.0706382978723404,0.0370725529022317,0.0324582187198698,0.0157297449909192,17.21951219512195,16.378723404255318,14.972340425531916,12.891489361702128,0.0,701.96875,22.92708333333333,14.297916666666666,2023-09-08,0.102673848470052,837.0746830402414,2747.915520346,2699.422016266628,0.18392447327617722,0.11063295094511334,0.03582986043679628,0.11282986043679627,-0.07109461283938093,F1,0.20943218250209678,0.1370253479057642,0.17011449020211145,0.096343994140625,-0.057284629765315176,0.19601075957095968,0.123138427734375
55,2023-09-09,2023-09-09,10023.666666666666,0.0070630298894439,141.58807153308544,2017.6521779822112,0.1152512131728531,1987.0604621595005,0.1015612284342448,2.854161182137829e-06,0.021,0.0209148936170212,0.0635531914893617,0.07,0.0344478631840534,0.0354587986891954,0.0171838715451117,17.425,16.50851063829787,15.121276595744682,12.985106382978724,0.0,702.8645833333334,22.525,14.172916666666666,2023-09-09,0.1015612284342448,831.2803390968816,2755.743585332215,2704.636445645748,0.18191458357110274,0.10855335193159044,0.03329315176878972,0.11029315176878973,-0.07162143180231301,F1,0.207143738819136,0.13465753378463483,0.1689936949446898,0.095184326171875,-0.058700543175900066,0.1947129966413135,0.121795654296875
56,2023-09-10,2023-09-10,9979.729166666666,0.0070842056322407,141.16354910275646,2007.858358028532,0.1188975723569008,1957.751813640218,0.110876719156901,4.750581324342704e-06,0.0159787234042553,0.0198723404255319,0.0621489361702127,0.07,0.0195553849686928,0.0524840765790506,0.02543457938334,16.058695652173913,15.902127659574468,15.272340425531914,13.085106382978724,0.0,701.2145833333334,40.59375,12.039583333333333,2023-09-10,0.110876719156901,837.8791638866848,2742.36701983308,2664.743729511824,0.1853656330949462,0.11212409472771692,0.018899877655145458,0.09589987765514546,-0.08946575543980072,F1,0.21107401152664362,0.13872412073454207,0.17760612165961426,0.104095458984375,-0.0817062440044688,0.20485914318218343,0.132293701171875
57,2023-09-11,2023-09-11,9886.895833333334,0.0071140055357822,140.57425073981756,1973.078204269816,0.1327656532525597,1914.369095558496,0.1258672078450521,5.684746281962109e-06,0.0157021276595744,0.0189574468085106,0.0604468085106382,0.0698723404255319,0.0191624521953418,0.052933282517887,0.0256522713930983,13.113953488372092,13.702127659574469,13.76808510638298,12.953191489361702,3.9145,699.1208333333334,77.95208333333333,7.520833333333333,2023-09-11,0.1258672078450521,854.9768713067318,2694.8636955914853,2605.6944541276803,0.19829733685653922,0.12550431072558066,0.01852011620555394,0.09552011620555395,-0.10277722065098527,F1,0.22584143601859535,0.15400372604233614,0.1915865677653478,0.118560791015625,-0.09606645155979385,0.22137612592313446,0.149383544921875
58,2023-09-12,2023-09-12,9944.0,0.0070863861053935,141.12192113172298,1964.406549984421,0.1364807032344053,1922.1957146907607,0.1230951944986979,4.071190106435102e-06,0.0176170212765957,0.0185106382978723,0.0592765957446808,0.0691489361702127,0.0188416415684116,0.0533000374658897,0.0258300064024045,11.753658536585366,12.104255319148937,12.180851063829786,12.52127659574468,0.61079997,697.9875000000001,49.47916666666666,9.70625,2023-09-12,0.1230951944986979,837.8774170839064,2683.019803005849,2616.3474562654746,0.20169687360834698,0.12902175412441247,0.0182100593281691,0.09521005932816912,-0.10648681428017787,F1,0.22973406698574222,0.15803136571771192,0.18893205268198066,0.115814208984375,-0.09372199335381154,0.21824969704716876,0.146148681640625
59,2023-09-13,2023-09-13,10019.354166666666,0.0070707965870027,141.43222403033693,1990.0031441095848,0.1258805079955125,1936.9417912851973,0.1177724202473958,5.073787666114789e-06,0.0190212765957446,0.0185744680851063,0.0593404255319148,0.0687872340425532,0.0188271621717819,0.0533165905034522,0.025838028255419,12.632608695652175,12.982978723404257,12.863829787234042,12.161702127659575,0.0,696.3229166666666,53.30833333333334,9.060416666666669,2023-09-13,0.1177724202473958,842.1744333373166,2717.9800656499856,2636.4187006725283,0.19186819480939216,0.11885218577300763,0.018196065288918033,0.09519606528891802,-0.0966721295204741,F1,0.21849174143982225,0.14639912089553545,0.18409493630784501,0.110809326171875,-0.08889887101892699,0.2125277423119107,0.140228271484375
60,2023-09-14,2023-09-14,9928.145833333334,0.0071241008382669,140.38064459311184,1964.6749676407824,0.1366910024403196,1905.3590362311024,0.1294670104980468,5.7637467340966015e-06,0.0191702127659574,0.0180851063829787,0.0585106382978723,0.0686595744680851,0.0186303921063081,0.0535415406424856,0.0259470425039582,10.47391304347826,11.44255319148936,11.919148936170211,11.961702127659576,1.2810999,696.3729166666667,79.79375,6.360416666666667,2023-09-14,0.1294670104980468,863.244106397755,2683.3864123961,2593.4306426844114,0.20159054011158828,0.12891173264691272,0.018005891064805157,0.09500589106480517,-0.10658464904678311,F1,0.2296122435973449,0.15790531711032044,0.1946540074172387,0.121734619140625,-0.09964811635243354,0.22503345781577364,0.153167724609375
61,2023-09-15,2023-09-15,9585.645833333334,0.0072229341548521,138.4514535644564,1903.170662584664,0.1646992932722998,1844.377917481792,0.1541481018066406,5.905584089861681e-06,0.0218297872340425,0.0176382978723404,0.0889148936170212,0.0688723404255319,0.0337290918684252,0.0362805075552997,0.017582084122091,8.92608695652174,9.914893617021276,10.725531914893615,11.55531914893617,9.7661,697.6479166666667,95.26875,4.05,2023-09-15,0.1541481018066406,873.8023600419288,2599.3827887892717,2510.427755048878,0.2279773044348209,0.15621367310569137,0.032598474064968026,0.10959847406496803,-0.11837883036985286,F1,0.25997515412226674,0.18932130905052072,0.2176598048064205,0.145538330078125,-0.10806133074145247,0.252581425458717,0.181671142578125
62,2023-09-16,2023-09-16,9557.916666666666,0.0072263077629263,138.39006852706308,1930.0759457881024,0.1517194263615424,1882.834799375849,0.1379992167154947,4.652401657329066e-06,0.0298723404255319,0.0182765957446808,0.0814680851063829,0.0689574468085106,0.0350988562901534,0.0347145747678671,0.0168232093473593,10.02093023255814,9.963829787234042,10.01276595744681,11.074468085106384,5.4781,699.99375,70.83749999999999,6.858333333333333,2023-09-16,0.1379992167154947,867.706359407313,2636.1304811856744,2562.772354691066,0.21591214773713124,0.14373005875453237,0.03392232322613156,0.11092232322613158,-0.10498982451099967,F1,0.2460588860376582,0.1749223809364033,0.20273553111548975,0.130096435546875,-0.09181320788935818,0.2346487013399701,0.163116455078125
63,2023-09-17,2023-09-17,9651.6875,0.0072032145965451,138.8324614992517,1945.0636531029493,0.1449094795789134,1905.168162358834,0.1292902628580729,3.879122212353204e-06,0.0334680851063829,0.0193191489361702,0.0757872340425531,0.0689787234042553,0.0351811560782363,0.0346204885625945,0.0167776137455528,11.9225,11.963829787234042,11.106382978723405,10.851063829787234,0.0244,700.6750000000001,39.80833333333333,10.39375,2023-09-17,0.1292902628580729,854.9332414510586,2656.6009461857575,2593.170839602779,0.2095522541452558,0.13714958401187247,0.034001864279826044,0.11100186427982606,-0.09855038986542974,F1,0.23874565911993084,0.16735550826404874,0.19471299664131353,0.121795654296875,-0.08371113236148747,0.22515143626392328,0.153289794921875
64,2023-09-18,2023-09-18,9621.791666666666,0.0072269523964961,138.37946863252202,1946.014685198776,0.1445963741766101,1901.2154064029928,0.130859375,4.365046504200595e-06,0.032595744680851,0.0198085106382978,0.0714893617021276,0.0689574468085106,0.033883531244534,0.03610395041972,0.0174965218568613,11.754545454545456,12.355319148936172,11.917021276595746,10.972340425531916,0.0,698.6875,50.0625,8.741666666666667,2023-09-18,0.130859375,856.7530701172101,2657.8998819617645,2587.7906470910257,0.20915693083675696,0.13674054964530938,0.032747736547822044,0.10974773654782205,-0.09940919428893491,F1,0.2382915875844399,0.16688568809685664,0.19612873801910935,0.123260498046875,-0.0863810014712873,0.22674414531394357,0.154937744140625
65,2023-09-19,2023-09-19,9525.208333333334,0.0072436934172809,138.05737320810758,1947.5535818297624,0.1438080227893244,1896.6029155148096,0.132568359375,4.976953839091637e-06,0.0313125,0.0194583333333333,0.067875,0.0689375,0.0325845212990706,0.037588995754914,0.0182161973456537,10.113043478260868,10.641666666666667,10.941666666666668,10.979166666666666,4.08,696.2583333333333,70.83125,6.520833333333333,2023-09-19,0.132568359375,854.0686256620387,2660.00173309627,2581.5124732765103,0.20851928102585515,0.13608078412963134,0.0314922701337688,0.1084922701337688,-0.10002701089208635,F1,0.23755930346970244,0.16612800606147846,0.1977214470691296,0.124908447265625,-0.08922917693536081,0.2286907897084128,0.156951904296875
66,2023-09-20,2023-09-20,9604.9375,0.0071910027414148,139.0725273972781,1958.35822951931,0.1392033281797727,1920.1527910389823,0.1239255269368489,3.688313730343109e-06,0.031,0.0198085106382978,0.0656595744680851,0.0687021276595744,0.0319495511841804,0.0383149019809583,0.0185679825105004,10.111627906976745,10.406382978723403,10.37659574468085,10.736170212765956,0.3195,695.3041666666667,52.364583333333336,7.920833333333333,2023-09-20,0.1239255269368489,853.1547871209106,2674.758904271345,2613.5667830703233,0.20411199522516843,0.13152063976933076,0.030878584568114573,0.10787858456811458,-0.09623341065705385,F1,0.23250216330486773,0.1608954683398886,0.18963992337087857,0.116546630859375,-0.08176133880276398,0.2190755461842163,0.147003173828125
67,2023-09-21,2023-09-21,9833.5625,0.007114256310802,140.56980067813387,1980.13301798366,0.1298964466256186,1942.351131963601,0.1159655253092448,3.605363485388735e-06,0.0306170212765957,0.0203404255319148,0.0646595744680851,0.0684468085106383,0.0380225068329422,0.0313722188332809,0.0152034529776809,11.823255813953487,11.55744680851064,10.91063829787234,10.591489361702129,0.7685,694.0833333333334,48.31875,8.1625,2023-09-21,0.1159655253092448,858.2743341904123,2704.4992798858416,2643.7814861661436,0.19558502221819385,0.12269792446865034,0.036747971386654664,0.11374797138665466,-0.08183705083153917,F1,0.22273885131283833,0.1507935339222544,0.18238424880967508,0.109039306640625,-0.06863627742302042,0.21052210869336666,0.138153076171875
68,2023-09-22,2023-09-22,10087.375,0.0070303583183933,142.24426488548713,2005.2506484700127,0.1198152120918326,1981.163249822269,0.1032485961914062,2.2527328806857544e-06,0.0295531914893617,0.0204255319148936,0.0634893617021276,0.0682978723404255,0.0373727395219351,0.0321150414094611,0.0155634360623243,11.752380952380951,11.661702127659575,11.04255319148936,10.591489361702129,0.6701,694.2270833333333,29.36458333333333,8.622916666666667,2023-09-22,0.1032485961914062,854.7696482698631,2738.805365863819,2696.6096061415014,0.18629807788438346,0.11308887964073107,0.036119984635076645,0.11311998463507664,-0.0731780932493068,F1,0.21213670832771447,0.1398236752093977,0.1707043824428597,0.096954345703125,-0.05758439780778307,0.19671863025985756,0.123870849609375
69,2023-09-23,2023-09-23,10114.291666666666,0.007027799755114,142.2991123025685,2014.9232381766508,0.116388577483181,1985.936136328646,0.102002461751302,2.706004930338261e-06,0.0273617021276595,0.0201702127659574,0.0623829787234042,0.068,0.036191390415445,0.0334655753187321,0.0162179252743715,11.511904761904765,11.53404255319149,11.063829787234043,10.58936170212766,0.0,695.4895833333334,40.7375,5.90625,2023-09-23,0.102002461751302,844.9374145332055,2752.016353034202,2703.1060983428756,0.18286818503837504,0.10954002730269494,0.03497823500363634,0.11197823500363635,-0.07088995003473869,F1,0.20822931192926208,0.13578075799103054,0.16934763028913874,0.095550537109375,-0.05736939528550239,0.1951259212098373,0.122222900390625
70,2023-09-24,2023-09-24,10205.479166666666,0.0070154997141656,142.54763731866234,2015.0758468716667,0.1161949930899086,1991.759183117463,0.1000912984212239,2.168942099550605e-06,0.0244680851063829,0.0198510638297872,0.0614893617021276,0.0677872340425532,0.028471871088946,0.042290631821027,0.020494681479313,11.326190476190476,11.357446808510636,10.914893617021276,10.538297872340426,0.0,697.1979166666666,31.01458333333333,6.772916666666667,2023-09-24,0.1000912984212239,835.0003040911614,2752.2247885797065,2711.0319893107926,0.18281469574901899,0.1094846828362309,0.02751747823198815,0.10451747823198815,-0.07829721751703082,F1,0.20816841104370293,0.13571774487085198,0.16769593201504363,0.093841552734375,-0.06317845378305548,0.19317927681536806,0.120208740234375
71,2023-09-25,2023-09-25,9671.416666666666,0.0072308559898939,138.30214904687492,2022.5971707903905,0.1136797047214345,1999.267447795933,0.0980326334635416,2.15957706525568e-06,0.0213191489361702,0.0194680851063829,0.0604468085106382,0.0675106382978723,0.0270260827920256,0.0439434761071837,0.02129567488426,11.469047619047618,11.272340425531914,10.795744680851064,10.455319148936171,0.0,700.69375,25.07708333333333,9.327083333333333,2023-09-25,0.0980326334635416,838.5142803938362,2762.497540428817,2721.2516714390736,0.18020207048520315,0.1067814434954756,0.026120153557951664,0.10312015355795168,-0.07708191692725147,F1,0.2051950849293952,0.132641294437485,0.16557231994834992,0.091644287109375,-0.062452166390398245,0.1907017294042254,0.117645263671875
72,2023-09-26,2023-09-26,9640.395833333334,0.0071896446547888,139.0956815295854,2017.9335188161297,0.1152140079411829,1989.8039317843577,0.1007194519042968,2.6169488827547965e-06,0.018063829787234,0.0191914893617021,0.0593829787234042,0.0673404255319149,0.0187214000223664,0.0534374991902395,0.0258966224385061,12.871428571428572,12.110638297872342,11.174468085106383,10.417021276595746,0.0,700.8041666666667,24.30208333333333,11.827083333333334,2023-09-26,0.1007194519042968,830.5837045062984,2756.127845417686,2708.3706490463064,0.18181661882456324,0.10845198945893872,0.01809384834521182,0.09509384834521181,-0.0867227704793514,F1,0.20703223583229818,0.13454216352285014,0.16822683503171704,0.094390869140625,-0.07313298668650522,0.19382815828019115,0.120880126953125
73,2023-09-27,2023-09-27,9807.854166666666,0.0071183388934501,140.48775718065906,2023.9996956605912,0.1127924674874204,1993.481832294828,0.0994860331217448,2.8349378884247205e-06,0.0148936170212765,0.0188723404255319,0.0589361702127659,0.0671489361702127,0.018605662035019,0.0535698123867745,0.0259607434199558,13.704761904761906,12.808510638297872,11.73404255319149,10.538297872340426,0.0,698.9458333333333,27.772916666666664,12.25,2023-09-27,0.0994860331217448,833.802355654403,2764.4131326981396,2713.3767291095505,0.17971994864115493,0.10628260014663454,0.017981989959175413,0.09498198995917542,-0.0847379586819795,F1,0.20464668155194538,0.13207387070280052,0.16722401822244504,0.093353271484375,-0.07224202826326961,0.1925893845746198,0.119598388671875
74,2023-09-28,2023-09-28,10139.354166666666,0.0070020678888889,142.82102933259532,2029.3757022654845,0.1108399329882703,2002.10005044232,0.0969250996907552,2.5227177545982507e-06,0.0121489361702127,0.0183617021276595,0.0581063829787234,0.067,0.0184071959245158,0.0537967014668975,0.0260706973087493,13.592857142857142,12.819148936170214,11.917021276595746,10.704255319148936,0.0,696.2229166666666,23.758333333333336,12.714583333333332,2023-09-28,0.0969250996907552,838.0209159245352,2771.7557737528305,2725.107195968571,0.17788642767981017,0.10438548690063937,0.017790176542400022,0.09479017654240002,-0.08309625113741013,F1,0.20256188798872438,0.12991676992929682,0.16480546003537722,0.090850830078125,-0.0700152834929772,0.18981689104310304,0.116729736328125
75,2023-09-30,2023-09-30,10569.3125,0.0068689873884059,145.5901520314148,2047.37873973556,0.104498707906871,2015.3754660568763,0.0931498209635416,2.9435519730462736e-06,0.0078297872340425,0.0171489361702127,0.0561702127659574,0.067,0.0179718104021543,0.0542944399493872,0.0263119089251138,13.444186046511629,12.625531914893616,11.906382978723403,10.823404255319147,0.0,694.7083333333334,26.38958333333333,11.864583333333334,2023-09-30,0.0931498209635416,827.6219748468669,2796.3446278507013,2743.1766878567055,0.1719091054377036,0.09820085228770044,0.01736938538341094,0.09436938538341094,-0.07753972005429265,F1,0.1957741703957503,0.12289363290103993,0.1612661065908877,0.087188720703125,-0.06689672120747675,0.18562865613379045,0.112396240234375
76,2023-10-01,2023-10-01,10635.5,0.006859618240072,145.78995371127598,2033.0734884258147,0.1097296908817464,1989.4421071911304,0.1009737650553385,4.067264422685211e-06,0.0068510638297872,0.0168085106382978,0.0557446808510638,0.0669787234042553,0.0178744252313312,0.0544057719635515,0.0263658621074262,14.125581395348837,13.172340425531916,12.182978723404256,10.85531914893617,0.5365,693.1833333333334,47.56666666666666,9.808333333333334,2023-10-01,0.1009737650553385,821.5831065798934,2776.8062728440323,2707.878160770076,0.17663846056140353,0.10309423635002705,0.017275264617344268,0.09427526461734428,-0.08236319594405925,F1,0.2011436168216112,0.12844930864891416,0.16834481347986668,0.094512939453125,-0.0740695488625224,0.1939461367283408,0.121002197265625
77,2023-10-02,2023-10-02,10595.270833333334,0.0068975918038541,144.9921124704375,1996.1247704126613,0.1242156080567429,1947.355349771216,0.1148401896158854,4.637009492780389e-06,0.0055106382978723,0.0158723404255319,0.0551489361702127,0.067,0.0177421565002493,0.0545569833247664,0.0264391414260532,10.97111111111111,11.719148936170212,11.806382978723404,10.929787234042552,0.8559,693.36875,61.57916666666667,6.98125,2023-10-02,0.1148401896158854,867.1780646066745,2726.341086742023,2650.5928490421966,0.18960732093294658,0.11651289766616015,0.01714742960724084,0.09414742960724085,-0.09545989132570573,F1,0.21591086263999626,0.14372872908617923,0.1808505289837296,0.107452392578125,-0.08670309937648876,0.20863445352297225,0.136199951171875
78,2023-10-03,2023-10-03,10186.979166666666,0.0070297812867195,142.2693376301106,1900.406869745928,0.1665884810532632,1859.189492169344,0.14813232421875,4.108415747676488e-06,0.0057021276595744,0.0143191489361702,0.0540212765957446,0.0668723404255319,0.0174784040467199,0.0548585086149521,0.0265852651540331,4.312765957446809,7.593617021276596,9.782978723404256,10.702127659574469,8.176,691.6,89.6375,-0.2041666666666667,2023-10-03,0.14813232421875,920.9070440474486,2595.607953627073,2530.588150507515,0.22926669112013087,0.15754777978430679,0.016892518281745046,0.09389251828174505,-0.13537417283838582,F1,0.2614656749624117,0.1908635258502659,0.21170189317486315,0.139373779296875,-0.1178093748931181,0.24544372934566314,0.174285888671875
79,2023-10-04,2023-10-04,9861.395833333334,0.0071370103931637,140.1199276002031,1888.527177348236,0.1721582665004873,1851.7324319007785,0.1508827209472656,3.680849304628756e-06,0.0140851063829787,0.0138297872340425,0.0528085106382978,0.066,0.0171361521920049,0.0552497754578896,0.0267748789993253,3.919148936170212,5.280851063829787,7.257446808510639,9.925531914893616,2.8126,694.4499999999999,76.87708333333333,0.6145833333333334,2023-10-04,0.1508827209472656,890.671396769003,2579.3824681455276,2520.438163950075,0.23492110566225383,0.16339830724069407,0.016561738898382562,0.09356173889838257,-0.14135936676387126,F1,0.2680097013693603,0.19763451971425697,0.21471034360267924,0.142486572265625,-0.12114860470429667,0.24904207201422743,0.178009033203125
80,2023-10-05,2023-10-05,9642.145833333334,0.0072137525519029,138.62872402865352,1928.5629250059933,0.1523731262159707,1890.1919640835488,0.1349614461263021,3.759496070405563e-06,0.0320851063829787,0.014531914893617,0.0527446808510638,0.0657446808510638,0.0292194627749691,0.0414359751266456,0.0200805018851269,6.465909090909091,6.557446808510638,6.955319148936169,9.127659574468083,0.0,699.1437500000001,63.60833333333333,3.5104166666666665,2023-10-05,0.1349614461263021,871.0333195426766,2634.0639717246922,2572.7863709648527,0.21656806279543778,0.14440872301395177,0.028240010231458425,0.10524001023145843,-0.11132805256397935,F1,0.24681400084765553,0.1757036855074961,0.2000220268080478,0.127288818359375,-0.09478201657658936,0.23146328323992957,0.159820556640625
81,2023-10-06,2023-10-06,9522.3125,0.0072505328024171,137.9257885842671,1932.4735686848217,0.1505886016417896,1896.1904684022184,0.1326917012532552,3.5456156280017274e-06,0.0374680851063829,0.0151914893617021,0.0535744680851063,0.0654893617021276,0.0314187664785374,0.0389217020704112,0.0188620470354189,7.329545454545454,7.595744680851064,7.708510638297873,8.763829787234043,0.0,700.4499999999999,54.575,6.002083333333334,2023-10-06,0.1326917012532552,868.1650128890709,2639.4051952269656,2580.9510814548426,0.21487804353307693,0.14266008855805756,0.03036559205920025,0.10736559205920027,-0.10751245147387667,F1,0.24486871959096157,0.17369093576693487,0.19789841474135408,0.125091552734375,-0.09053282268215382,0.22886775738063728,0.157135009765625
82,2023-10-07,2023-10-07,9591.6875,0.0072086879188448,138.72638870358907,1953.1613092291664,0.1412784460348931,1921.057921864736,0.1233940124511718,3.0950098670476074e-06,0.0370851063829787,0.0159787234042553,0.0543617021276595,0.0656382978723404,0.0314630189172707,0.0388711120976852,0.0188375303674852,7.967441860465117,8.082978723404254,8.02127659574468,8.708510638297872,0.0,700.3291666666668,40.33958333333333,7.827083333333333,2023-10-07,0.1233940124511718,861.3722226371791,2667.6608623445304,2614.7987787071097,0.20621676547021245,0.13369841007893277,0.03040836113172632,0.10740836113172633,-0.09880840433848612,F1,0.2349163591807873,0.1633933961362934,0.18934497725050445,0.116241455078125,-0.08193661611877812,0.21872161083976735,0.146636962890625
83,2023-10-08,2023-10-08,9780.041666666666,0.0071298873206412,140.26131019054102,1954.5417766079229,0.1406156553871316,1925.4594661936903,0.1217854817708333,2.797926480203553e-06,0.0357659574468085,0.0163829787234042,0.0546595744680851,0.0658936170212766,0.0310521330084665,0.0393408422982104,0.0190651687456895,8.390476190476189,8.587234042553192,8.342553191489362,8.71063829787234,0.0,698.9979166666667,35.2,8.497916666666667,2023-10-08,0.1217854817708333,856.0882580201009,2669.546328117711,2620.7898280163377,0.20565496819027007,0.13311712789901098,0.03001124834570574,0.10701124834570575,-0.09864371984456433,F1,0.23427180621064164,0.162726488038056,0.18787024664863383,0.114715576171875,-0.08085899830292809,0.2169519341175226,0.144805908203125
84,2023-10-09,2023-10-09,10091.729166666666,0.0070113219881815,142.6335109033936,1972.89812460368,0.1327774986901988,1943.9828900378773,0.115301767985026,2.754314259729624e-06,0.0339361702127659,0.0169361702127659,0.055127659574468,0.066,0.0304747907558537,0.0400008675905858,0.0193850270110559,8.821739130434782,8.840425531914894,8.548936170212766,8.72340425531915,0.0,695.6354166666666,35.65625,8.589583333333334,2023-10-09,0.115301767985026,848.947966197667,2694.6177397274273,2646.0025118682847,0.19836719100623745,0.12557658763731178,0.029453258924531104,0.10645325892453111,-0.09191393208170634,F1,0.22592137819858904,0.1540864408690423,0.1819123350170765,0.108551025390625,-0.07545907609254537,0.2098732272285436,0.137481689453125
85,2023-10-10,2023-10-10,10480.395833333334,0.006883804686552,145.27440107831598,1973.547627339403,0.1326063915697238,1942.717905060416,0.1159159342447916,2.945352184895977e-06,0.0312127659574468,0.017063829787234,0.0554468085106382,0.066,0.0295179726459551,0.0410947146975277,0.0199151219062733,7.8021276595744675,8.251063829787235,8.48936170212766,8.746808510638298,0.0,691.30625,35.108333333333334,7.002083333333334,2023-10-10,0.1159159342447916,844.5992795099896,2695.5048415862893,2644.2807099712663,0.19811539071365442,0.12531605411711988,0.028528513886565233,0.10552851388656523,-0.09258687682708917,F1,0.22563322269949299,0.1537882912292146,0.18226627036152543,0.108917236328125,-0.0767377564749602,0.21034514102114218,0.137969970703125
86,2023-10-11,2023-10-11,10919.041666666666,0.0067769406354397,147.57248008164612,1940.9819738448327,0.1474780498379702,1899.7310519148475,0.1320625467503324,4.028015785311403e-06,0.0288085106382978,0.0171063829787234,0.0552978723404255,0.066,0.0285764337970089,0.0421710943514439,0.0204367518088764,6.034042553191489,7.104255319148936,7.914893617021277,8.655319148936169,0.0,684.7041666666668,61.36666666666667,4.327083333333333,2023-10-11,0.1320625467503324,869.0491647748221,2651.0261193867264,2585.770256004117,0.21125992648590952,0.13891648381044236,0.027618535940278903,0.1046185359402789,-0.1066413905456306,F1,0.24070779038977896,0.16938569242931734,0.19665964103578276,0.123809814453125,-0.09204110509550387,0.22739302677876663,0.155609130859375
87,2024-06-07,2024-06-07,8234.291666666666,0.0077796060109359,128.5460947357927,1743.1051512778176,0.2673095706928657,1702.638808595885,0.2335853576660156,4.402332434231866e-06,0.1655625,0.1582708333333333,0.2391875,0.2037291666666666,0.1828441326451795,0.1341897775153744,0.0650304010494846,14.585416666666667,13.285416666666668,11.102083333333333,6.239583333333333,0.0,698.3125,31.495833333333334,15.608333333333334,2024-06-07,0.2335853576660156,,2380.7625970484473,2317.5031979120736,0.322979666516587,0.2545110164717367,0.17671509625034407,0.2537150962503441,-0.06926457026624294,F1,0.37153870941130845,0.3047542399911768,0.29057048576290434,0.220977783203125,-0.03685538951256023,0.34295291674134903,0.275177001953125
88,2024-06-08,2024-06-08,8375.416666666666,0.0077164239272281,129.5983613213385,1747.3142050285758,0.263829259961845,1699.811083889905,0.235565185546875,5.175593665359764e-06,0.1504375,0.1461875,0.231375,0.2003541666666667,0.1712665689048892,0.1209541536577784,0.0586162170219347,15.279166666666669,13.85625,11.583333333333334,6.98125,0.43179998,697.0041666666666,45.83541666666667,13.29375,2024-06-08,0.235565185546875,,2386.511394091142,2313.654312866203,0.31981259520669675,0.251234101148883,0.16552561884622002,0.24252561884622,-0.07728697636047671,F1,0.3677617750739511,0.30084630966928977,0.2923991517092239,0.222869873046875,-0.049873532863003917,0.34531248570434203,0.277618408203125
89,2024-06-09,2024-06-09,8442.479166666666,0.0076882257788442,130.0742402919703,1751.8256456601669,0.260349337904128,1706.431882056411,0.2310320536295572,4.9270138420150615e-06,0.1456875,0.1378333333333333,0.2240833333333333,0.1969583333333333,0.1649078096023659,0.1136847359964186,0.0550933469891539,15.108333333333334,13.845833333333331,11.902083333333332,7.541666666666667,0.95479995,697.6708333333332,45.29791666666667,13.710416666666667,2024-06-09,0.2310320536295572,,2392.673196267346,2322.6660426859066,0.3164684608035118,0.2477739816267057,0.1593800086703728,0.23638000867037282,-0.080088452133139,F1,0.3637780710775464,0.29672443826501615,0.2881519275758365,0.218475341796875,-0.051771918905463704,0.33988547708945815,0.272003173828125
90,2024-06-10,2024-06-10,8501.208333333334,0.0076595896289452,130.56257711241406,1759.301635707977,0.254652741777172,1710.3796494693472,0.2284940083821614,5.298116536809658e-06,0.1339583333333333,0.1305,0.2171458333333333,0.1925,0.1562324312905521,0.10376692887108,0.0502870272617192,15.439583333333331,14.227083333333333,12.408333333333331,8.035416666666666,0.0,697.5604166666667,46.91458333333333,13.333333333333334,2024-06-10,0.2284940083821614,,2402.884030346223,2328.039445170276,0.311038657673349,0.24215585581383095,0.1509954338349563,0.22799543383495632,-0.08304322383839266,F1,0.3573193960361214,0.2900417560208606,0.28561539094061905,0.215850830078125,-0.05761995710566273,0.33664106976534275,0.268646240234375
91,2024-06-11,2024-06-11,8525.416666666666,0.0076609466226402,130.53881063019102,1764.469729117803,0.2505489713898908,1718.014169782241,0.2233174641927083,5.013508390072323e-06,0.123375,0.1232916666666666,0.2106666666666666,0.1884375,0.1481641506453883,0.0945431638206418,0.0458170508482962,17.125531914893617,15.354166666666666,12.864583333333334,8.45,0.5643,698.475,49.95625,12.922916666666666,2024-06-11,0.2233174641927083,,2409.942700030692,2338.4309769210686,0.307364279523682,0.23835403865139398,0.1431976064168256,0.2201976064168256,-0.08716667310685638,F1,0.3529554902034523,0.2855264961825655,0.28089625301463306,0.210968017578125,-0.060698646597807465,0.3306241689097106,0.262420654296875
92,2024-06-12,2024-06-12,8568.0625,0.0076345773058403,130.9886722535887,1788.041493296517,0.2329959438534878,1745.4651162013467,0.205474853515625,4.5204581501832354e-06,0.1104166666666666,0.1145625,0.2039375,0.1842708333333333,0.1386511318969526,0.0836677550793037,0.0405466628565935,17.814583333333335,16.26875,13.9375,8.972916666666666,0.0,699.6354166666666,35.93958333333333,15.210416666666667,2024-06-12,0.205474853515625,,2442.1374155715125,2375.7951294299933,0.29137873093699623,0.2218140608667612,0.13400346931523532,0.2110034693152353,-0.0803752616217609,F1,0.3340329459429484,0.2659476584592144,0.2648511840662806,0.194366455078125,-0.0538477147510453,0.31050884350019525,0.241607666015625
93,2024-06-13,2024-06-13,8684.083333333334,0.0075858633588862,131.82817353283468,1807.312505820095,0.2197585251638587,1774.523631459688,0.1885223388671875,3.4222230574340694e-06,0.0970625,0.105625,0.1959166666666666,0.1797291666666666,0.1286020698996834,0.0721795346124493,0.0349792970099749,18.55208333333333,16.71875,14.3,9.49375,0.0,700.525,23.91875,17.29375,2024-06-13,0.1885223388671875,,2468.458091515677,2415.3473830834378,0.2791818323387942,0.2091941353908407,0.12429125743081465,0.20129125743081464,-0.07789057490797952,F1,0.319663481467108,0.25107981567492466,0.24945499658275125,0.178436279296875,-0.04816373915193661,0.2913963348999519,0.221832275390625
94,2024-06-14,2024-06-14,8691.25,0.0075828247000271,131.8849407053382,1807.029218497945,0.2202236423118269,1758.5147998242812,0.1980056762695312,5.116165534204782e-06,0.083625,0.0960625,0.1881041666666666,0.1750624999999999,0.118359834748305,0.0604704760431641,0.02930490967011,16.220833333333335,16.0,14.777083333333332,9.983333333333333,0.0,699.9958333333334,44.975,12.872916666666669,2024-06-14,0.1980056762695312,,2468.071172883546,2393.5573720002963,0.27935582435006484,0.20937416199333825,0.11439234766318855,0.19139234766318855,-0.08796347668687626,F1,0.31986805172116356,0.2512914810700237,0.25777247717730156,0.187042236328125,-0.06638012951411301,0.3016604598889715,0.232452392578125
95,2024-06-15,2024-06-15,8868.6875,0.0074912437315223,133.49325740273497,1824.342113582016,0.2089711670880194,1778.005843994809,0.1868565877278646,4.828642762685556e-06,0.0801666666666666,0.0905208333333333,0.1803333333333333,0.1712708333333333,0.1132432370167138,0.0546211139040211,0.0264702200772418,14.836170212765955,13.979166666666666,12.802083333333334,10.022916666666667,0.78639996,696.9479166666666,55.46666666666667,10.75625,2024-06-15,0.1868565877278646,,2491.717418798524,2420.0871074719635,0.2689971712884559,0.19865623820181874,0.10944726111580094,0.18644726111580093,-0.08254991017265495,F1,0.3077097163407007,0.2387114563057523,0.2477443090845813,0.176666259765625,-0.06129704796878038,0.2892137336091834,0.219573974609375
96,2024-06-16,2024-06-16,9031.354166666666,0.0074149180816208,134.87583158148968,1831.6665713454013,0.2044498145904783,1799.286037537584,0.1756566365559896,3.334362173703379e-06,0.0738958333333333,0.0847916666666666,0.1740208333333333,0.1661875,0.1072297999572444,0.0477464731941208,0.0231386649415705,16.65531914893617,14.9375,13.010416666666666,9.835416666666667,0.0,694.0854166666667,29.735416666666666,15.064583333333331,2024-06-16,0.1756566365559896,,2501.7212875117484,2449.0520977791202,0.2647768136382405,0.19428950524928765,0.10363539779054079,0.1806353977905408,-0.08414141584769971,F1,0.3027682276504039,0.2335985812162732,0.2374211948714869,0.165985107421875,-0.05678579708094611,0.2765900396571708,0.206512451171875
97,2024-06-17,2024-06-17,9458.666666666666,0.0072387063052951,138.15437602697617,1857.30945979927,0.1890659804694034,1828.9119360641523,0.1610552469889322,2.876588568311895e-06,0.0634166666666666,0.0769166666666666,0.1677291666666666,0.1613541666666666,0.098969756136875,0.0383034819477667,0.0185624481892413,18.174468085106383,16.566666666666666,14.354166666666666,10.052083333333334,0.0,690.18125,22.025,15.314583333333331,2024-06-17,0.1610552469889322,,2536.74477973567,2489.3766306334846,0.25070520222002335,0.17972984600524097,0.09565223520483603,0.17265223520483602,-0.07805296701518732,F1,0.28634258817243896,0.21660324880145654,0.22414861945465125,0.152252197265625,-0.05149638424981523,0.26042699226066873,0.189788818359375
98,2024-06-18,2024-06-18,9561.791666666666,0.0072586139673693,137.77811128170364,1873.9383099215167,0.1798170347618058,1838.243447099867,0.1568094889322916,3.598678787140032e-06,0.0546666666666666,0.0692916666666666,0.1601458333333333,0.1570625,0.0911949454382494,0.0294152156182185,0.0142550595434935,17.49148936170213,16.166666666666668,14.43125,10.433333333333334,0.0,689.6999999999999,39.75833333333333,10.4,2024-06-18,0.1568094889322916,,2559.456745433177,2502.0779778349233,0.24212435572112656,0.1708513887101747,0.08813804045841767,0.16513804045841765,-0.07698631526270888,F1,0.2763641360110567,0.206278712475456,0.22019634144163797,0.148162841796875,-0.055058300983220315,0.25564886511060786,0.184844970703125
99,2024-06-19,2024-06-19,9258.166666666666,0.0073710610542178,135.67111850457815,1865.102281230593,0.1849463235037808,1823.4970426180507,0.1640434265136718,4.236954220059934e-06,0.048125,0.063625,0.1531875,0.1534791666666666,0.0850734203844682,0.0224170072849111,0.0108636216637289,15.30888888888889,15.04375,14.00625,10.59375,0.0,695.24375,39.79375,10.9,2024-06-19,0.1640434265136718,,2547.3883474949475,2482.006287132362,0.24663316794641138,0.17551658075140403,0.08222171230816157,0.15922171230816157,-0.08741145563824981,F1,0.28160375433104445,0.21170005726963678,0.22650818841764425,0.154693603515625,-0.06728647610948268,0.2632584750162603,0.192718505859375
100,2024-06-20,2024-06-20,8977.625,0.0074958893604037,133.41874921141036,1843.1244409493509,0.1974662596297662,1781.3993799872003,0.1849848429361979,6.419641806136148e-06,0.0457291666666666,0.0603749999999999,0.1470833333333333,0.1494166666666666,0.0814394424774948,0.0182625957210921,0.0088503308220415,15.187234042553191,14.397916666666667,13.272916666666667,10.50625,0.9403,698.6916666666666,59.61041666666667,11.322916666666666,2024-06-20,0.1849848429361979,,2517.370640263041,2424.706132055975,0.25835770470638886,0.1876477613920644,0.0787095473493405,0.1557095473493405,-0.10264815735704835,F1,0.29526567325425696,0.225835814591947,0.24603362158641137,0.174896240234375,-0.09032407423707087,0.2871491107665645,0.217437744140625
101,2024-06-21,2024-06-21,8689.5,0.0076031470469467,131.53474725743115,1800.4217274299915,0.2248086789506434,1736.4547712693595,0.2112592061360677,6.821227531342022e-06,0.0588333333333333,0.0581875,0.1425624999999999,0.147,0.084484390052902,0.021743620026226,0.0105372879868668,13.795744680851064,13.452083333333334,12.677083333333334,10.35,9.620299,699.8208333333333,78.91875,9.060416666666669,2024-06-21,0.2112592061360677,,2459.0465494502528,2363.530929243348,0.28345809971924985,0.21361871719923708,0.08165242659890072,0.15865242659890072,-0.12480567312034913,F1,0.324694748926823,0.2562855833444523,0.26998324656079037,0.199676513671875,-0.11133081996188965,0.31687967970027636,0.248199462890625
102,2024-06-22,2024-06-22,8473.333333333334,0.0076980756608519,129.90715359354024,1758.1387138536204,0.2553587639881969,1705.0061758790723,0.2320022583007812,5.77219361078255e-06,0.1258541666666666,0.0596041666666666,0.19925,0.1453124999999999,0.1228599462337612,0.0656150629592757,0.0317980545026241,14.4875,13.53125,12.310416666666669,10.191666666666666,11.989699,700.4916666666667,65.21875,10.933333333333332,2024-06-22,0.2320022583007812,,2401.2956919421326,2320.7254792448616,0.3118742931076154,0.2430204737181755,0.11874161292417934,0.19574161292417933,-0.11613268018343603,F1,0.35831260142741655,0.29106940890487115,0.28903676593695893,0.219390869140625,-0.0932951530127796,0.3410062723468798,0.273162841796875
103,2024-06-24,2024-06-24,8557.479166666666,0.0076441092295385,130.82555712827065,1773.7954214169022,0.2434864540884208,1719.2306018823977,0.2222264607747396,5.87739101801546e-06,0.1067916666666666,0.0685208333333333,0.1758958333333333,0.1409791666666666,0.1128964058034182,0.054224611877841,0.0262780691827634,16.400000000000002,15.03125,13.254166666666668,10.2875,0.0,700.4833333333332,45.10833333333333,15.197916666666666,2024-06-24,0.2222264607747396,,2422.6798888348226,2340.08669231292,0.3008918698271848,0.23165714539104823,0.10911205587648877,0.18611205587648877,-0.11477981395069603,F1,0.34528162867320794,0.2775864809529158,0.2801293931016603,0.210174560546875,-0.09401733722517153,0.3296803413245134,0.261444091796875
104,2024-06-25,2024-06-25,8691.25,0.007586212601758,131.8241739890667,1790.253911137848,0.2317558544632445,1741.181844244413,0.2084554036458333,5.2245360116088735e-06,0.0897291666666666,0.0683541666666666,0.1670416666666666,0.1393958333333333,0.1042819793875595,0.0443764857653965,0.0215055179308263,17.18913043478261,15.947916666666666,13.9625,10.55625,0.0,700.6979166666666,41.65,15.677083333333334,2024-06-25,0.2084554036458333,,2445.159173405125,2369.965063530164,0.2899402425296896,0.22032568114858747,0.10078638979578333,0.17778638979578335,-0.11215385273390624,F1,0.33233515942229386,0.26419098735203306,0.26726974225334843,0.196868896484375,-0.08948335245756509,0.3135172939280113,0.244720458984375
105,2024-06-26,2024-06-26,8602.1875,0.007628851269958,131.08471049678448,1803.8419808700864,0.2223096545715684,1744.5484447611864,0.2060979207356771,6.29740434248526e-06,0.0750851063829787,0.0654680851063829,0.1587446808510638,0.1369574468085106,0.0957740433986153,0.0346501009161998,0.0167919643411542,18.251063829787235,16.925531914893618,14.857446808510636,10.91063829787234,0.0,701.28125,42.677083333333336,16.820833333333333,2024-06-26,0.2060979207356771,,2463.7179896422776,2374.547425581543,0.2813240297287879,0.21141063093671802,0.09256364452401877,0.16956364452401876,-0.11176038520476911,F1,0.3221829925445441,0.2536867113358992,0.265382087082954,0.194915771484375,-0.09581844255893526,0.3111577249650183,0.242279052734375
106,2024-06-27,2024-06-27,8609.8125,0.007585128985245,131.8530884472204,1802.393396682913,0.22330817936275,1732.372224205538,0.2136993408203125,7.486594055009343e-06,0.0673617021276595,0.0628085106382978,0.1513404255319148,0.1348936170212766,0.0901824992894542,0.0282577738021228,0.0136941456878645,16.906666666666666,15.806382978723404,14.319148936170214,11.17659574468085,1.7404,697.975,67.04375,13.045833333333334,2024-06-27,0.2136993408203125,,2461.739488776182,2357.9740748898193,0.28222507810870673,0.21234293051379663,0.08715953206416786,0.16415953206416786,-0.11806554604453884,F1,0.3232432881478982,0.25478378133193474,0.27234281552378337,0.202117919921875,-0.1081832834596155,0.3198291409040176,0.251251220703125
107,2024-06-28,2024-06-28,8830.208333333334,0.0075492584389073,132.47970164343414,1756.6822434619037,0.2567683390999757,1694.9687883006334,0.2395973205566406,6.746821544849587e-06,0.0679787234042553,0.0610851063829787,0.146063829787234,0.1337021276595744,0.088586432154544,0.0264331287625428,0.0128098950326069,16.153191489361703,15.625531914893616,14.359574468085103,11.259574468085107,5.6584997,695.8979166666667,72.85625,10.660416666666666,2024-06-28,0.2395973205566406,,2399.306419964039,2307.0633462696956,0.31292549741612385,0.24410813710461204,0.08561696598185883,0.16261696598185885,-0.150308531434265,F1,0.3595624222679627,0.29236257747054817,0.2955845698092645,0.226165771484375,-0.13296760382740566,0.3494417313895798,0.281890869140625
108,2024-06-29,2024-06-29,8538.895833333334,0.0076747200859,130.3040220096852,1802.7569210527563,0.2234716368505465,1742.0355630827162,0.2080039978027343,6.4541005364054425e-06,0.075,0.0603829787234042,0.1411914893617021,0.1319361702127659,0.0897787514543999,0.0277962039418335,0.0134704619342825,16.77608695652174,15.68936170212766,14.197872340425532,11.287234042553193,4.0622997,700.0395833333333,58.85833333333333,13.21875,2024-06-29,0.2080039978027343,,2462.2359965297187,2371.12708105725,0.28199857381356114,0.212108570335945,0.08676931807971945,0.16376931807971945,-0.11822925573384169,F1,0.3229767222914213,0.25450797013156456,0.26679782846074984,0.196380615234375,-0.10302851038103039,0.31286841246318825,0.244049072265625
109,2024-06-30,2024-06-30,8420.020833333334,0.0077101807082744,129.70424349408435,1791.718858418369,0.2306326793860195,1722.7223165319804,0.2201093037923177,7.421907578055518e-06,0.0702553191489361,0.0590212765957446,0.1368936170212766,0.1301063829787234,0.0864417859952683,0.0239813409332064,0.0116217214713852,17.827272727272728,16.885106382978723,14.95531914893617,11.425531914893616,0.6612,702.3395833333334,57.90416666666667,14.44375,2024-06-30,0.2201093037923177,,2447.160023261805,2344.83935026113,0.28899334180708935,0.21934593892509538,0.08354420954731252,0.16054420954731252,-0.12844913225977683,F1,0.3312180214230347,0.26303510348668324,0.2780647702590414,0.208038330078125,-0.1175205607117289,0.32702582624114623,0.258697509765625
110,2024-07-01,2024-07-01,8416.041666666666,0.0076898296322924,130.05528529575528,1736.7714526551397,0.272973579294397,1665.4206252790564,0.2627220153808594,7.936801080735843e-06,0.0909148936170212,0.0568936170212765,0.1324893617021276,0.1287446808510638,0.092469610390697,0.0308724294356942,0.0149612474567601,15.27391304347826,15.502127659574468,14.791489361702128,11.685106382978724,6.2922997,699.7416666666667,82.68333333333334,11.147916666666667,2024-07-01,0.2627220153808594,,2372.1119239833174,2266.844621106604,0.3278333219466302,0.2595330119667202,0.08936997793707789,0.1663699779370779,-0.16146334400955226,F1,0.3773348655199279,0.3107514250582365,0.3164667551317526,0.247772216796875,-0.1500967771946747,0.37657677446399934,0.309967041015625
111,2024-07-03,2024-07-03,8721.354166666666,0.0075395013035812,132.64390313929425,1778.2501553132367,0.2412352322786005,1739.528834907317,0.2101516723632812,4.125965730076948e-06,0.1574680851063829,0.0784468085106382,0.1303829787234042,0.126531914893617,0.1238037633930463,0.0666940472076775,0.0323209466312112,15.3,14.889361702127658,13.891489361702128,11.491489361702127,2.0263999,698.725,43.28125,12.402083333333332,2024-07-03,0.2101516723632812,,2428.7642399896695,2367.7151122160285,0.2978696057059418,0.22853005962645415,0.11965379281058265,0.19665379281058265,-0.10121581289535914,F1,0.34170408460596696,0.2738848563840227,0.2682135698385456,0.197845458984375,-0.07155977702796296,0.31469707840950784,0.245941162109375
112,2024-07-04,2024-07-04,8813.104166666666,0.0075426143550765,132.58585373354055,1808.5808269383635,0.2194938066862022,1774.7709685456964,0.1889673868815104,3.5328137193518763e-06,0.1251914893617021,0.0793617021276595,0.1304255319148936,0.1248085106382978,0.1117763055887059,0.052944098511013,0.0256575129873818,15.068888888888887,14.73404255319149,13.829787234042554,11.48936170212766,0.0,700.0416666666666,33.66875,12.13125,2024-07-04,0.1889673868815104,,2470.1903860231005,2415.684039622037,0.2784047219730612,0.20839007238882795,0.10802950204011805,0.18502950204011806,-0.09337521993294315,F1,0.31874994371808785,0.25013459355806833,0.24933701813460157,0.178314208984375,-0.06430751609448351,0.29121936722772745,0.221649169921875
113,2024-07-05,2024-07-05,8833.645833333334,0.007506979842837,133.2172081865103,1828.8741496219395,0.2062500415718573,1799.280102701622,0.1757728089677526,3.0500572956513243e-06,0.1017234042553191,0.0749148936170212,0.1292553191489361,0.1236170212765957,0.101141775196371,0.0407865628383494,0.0197657868424738,14.795454545454543,14.612765957446808,13.693617021276596,11.436170212765957,0.0,701.3166666666666,31.45208333333333,11.202083333333334,2024-07-05,0.1757728089677526,,2497.907350532944,2449.0440197291828,0.2663748210047358,0.19594293654682385,0.09775144698485667,0.17475144698485667,-0.09162337401987913,F1,0.30463846356389884,0.23553368280465367,0.2374211948714869,0.165985107421875,-0.06266974788663024,0.2765900396571708,0.206512451171875
114,2024-07-06,2024-07-06,9053.916666666666,0.0074115821509817,134.93114826617918,1845.9176148234087,0.1959368199687536,1809.3852804194505,0.1706759134928385,3.743797937207634e-06,0.0839148936170212,0.0693404255319149,0.1273191489361702,0.1219787234042553,0.0920786209930861,0.0304254451896843,0.0147446321130355,15.363636363636363,14.887234042553192,13.740425531914893,11.408510638297871,0.0,699.68125,32.53333333333333,12.46875,2024-07-06,0.1706759134928385,,2521.185604541894,2462.798423516003,0.2568256307911787,0.1860625503256705,0.08899209472019745,0.16599209472019746,-0.09083353607098124,F1,0.29347739182970883,0.22398550993244143,0.2327610461695757,0.161163330078125,-0.06676895144937825,0.2709270741459876,0.200653076171875
115,2024-07-07,2024-07-07,9242.166666666666,0.0073585767060001,135.8984834368557,1860.183660362586,0.1875270824936217,1827.6939197627703,0.1616668701171875,3.291471156046132e-06,0.0693404255319149,0.063531914893617,0.1244893617021276,0.1202553191489361,0.0839548170595047,0.0211382051822243,0.0102438947728999,16.165116279069768,15.631914893617022,14.2,11.45531914893617,0.0,698.1750000000001,29.729166666666668,13.21875,2024-07-07,0.1616668701171875,,2540.670411641778,2487.7187589467176,0.24919269746833905,0.17816488282262952,0.08114060518496784,0.15814060518496784,-0.09105209228337119,F1,0.284581656323182,0.214781242286696,0.2246795224713247,0.152801513671875,-0.06653891728635686,0.2610758737254918,0.190460205078125
116,2024-07-08,2024-07-08,9162.541666666666,0.007391955152574,135.28675296113684,1866.4061674519223,0.1841368982654465,1822.647540060918,0.1641578674316406,4.447454904779371e-06,0.0582553191489361,0.0578510638297872,0.1207234042553191,0.1182553191489361,0.0769568845832443,0.0131380763024058,0.0063669110030851,15.65227272727273,15.351063829787234,14.293617021276594,11.595744680851064,0.0,699.0895833333334,43.14375,11.641666666666666,2024-07-08,0.1641578674316406,,2549.1692174236905,2480.850008488383,0.2459606789964094,0.17482076776549824,0.07437724727347532,0.15137724727347532,-0.09458343172293404,F1,0.28082176491259175,0.21089094599398134,0.22686212376209322,0.155059814453125,-0.0754848764886179,0.2637303888088589,0.193206787109375
117,2024-07-09,2024-07-09,9174.145833333334,0.0073897023063286,135.32735039133448,1884.752092484047,0.1740592990032193,1840.296217791776,0.1558341979980468,4.47398091614813e-06,0.0513404255319148,0.0533617021276595,0.1164042553191489,0.1162978723404255,0.0717915444150517,0.0072329911656416,0.0035052172005812,14.63720930232558,14.759574468085107,13.94255319148936,11.619148936170212,0.0,700.4395833333333,39.99166666666667,12.883333333333333,2024-07-09,0.1558341979980468,,2574.226393172795,2504.8720540764975,0.23675703921960817,0.1652979167591309,0.06938505216290397,0.14638505216290398,-0.09037198705670418,F1,0.2701371377441653,0.19983574228642456,0.21937049230459044,0.147308349609375,-0.07298544014168645,0.25464604830133586,0.183807373046875
118,2024-07-10,2024-07-10,9080.583333333334,0.0074208061429926,134.76327484006632,1894.1706361778613,0.169287865184566,1846.44520640507,0.1532605489095052,4.7903391694507645e-06,0.047063829787234,0.0501489361702127,0.1119787234042553,0.1143617021276595,0.0680060361531014,0.0029053480976416,0.00140797574507,14.204444444444446,14.123404255319148,13.434042553191489,11.519148936170213,0.0,702.13125,39.80416666666667,14.047916666666666,2024-07-10,0.1532605489095052,,2587.0903999875654,2513.2415924091665,0.23221199017478916,0.16059523109127802,0.06572643623036446,0.14272643623036446,-0.0894855539444247,F1,0.2648728203581043,0.19438884178472848,0.21683395566937294,0.144683837890625,-0.07410751943900848,0.251578608649445,0.180633544921875
119,2024-07-11,2024-07-11,9096.541666666666,0.007410669633861,134.94511487554328,1925.3929401575845,0.1542292037847644,1875.334570728936,0.141180674235026,4.944470576617044e-06,0.044,0.047531914893617,0.1078085106382978,0.1123191489361702,0.064916790564095,0.0006263182820073,0.000303523337006,15.743478260869566,14.661702127659575,13.491489361702127,11.382978723404255,0.0,702.5270833333334,36.94583333333333,16.014583333333334,2024-07-11,0.141180674235026,,2629.7343526223854,2552.5636106012803,0.2179507603514375,0.14583937687828957,0.06274074386110697,0.13974074386110696,-0.07821001649033055,F1,0.24840635535459127,0.17735126788649017,0.20550802464700652,0.132965087890625,-0.06576728078589955,0.23801108711223515,0.166595458984375
120,2024-07-12,2024-07-12,9214.291666666666,0.0073542967933618,135.97978395523242,1937.001413413828,0.1484798196605421,1892.783547150492,0.1339874267578125,4.329638406569577e-06,0.0407446808510638,0.0448297872340425,0.1036170212765957,0.1094680851063829,0.0616589473302063,0.0043507277171898,0.0021084286265662,17.20909090909091,15.985106382978724,14.253191489361702,11.45531914893617,0.0,702.7145833333334,30.53125,18.185416666666665,2024-07-12,0.1339874267578125,,2645.5894023978058,2576.3138378679764,0.21294269050285514,0.14065761138614793,0.05959210533321735,0.13659210533321736,-0.07635058516963777,F1,0.2426423908034121,0.17138739088152338,0.19907819922285058,0.126312255859375,-0.06248609388963322,0.23034248798250787,0.158660888671875
121,2024-07-13,2024-07-13,9204.0,0.0073875950358538,135.3679370359203,1930.40948524722,0.1517771457644377,1901.426596433644,0.1307373046875,2.829065577950034e-06,0.036525,0.0418,0.0993,0.106925,0.0579290942896987,0.0086147450005903,0.0041748360620334,15.676315789473684,15.345,14.5675,11.6925,0.0,703.9145833333333,37.25,17.86341463414634,2024-07-13,0.1307373046875,818.704801934361,2636.5860350392813,2588.0781029912027,0.21576790279426555,0.14358081094250974,0.05598727902833392,0.13298727902833393,-0.08278062376593162,F1,0.24589284775922204,0.17475058392725845,0.19601075957095968,0.123138427734375,-0.06302348054262574,0.22668515608986875,0.154876708984375
185,2024-09-17,2024-09-17,8973.212765957447,0.0073531363971609,136.00368726309424,1934.0467806985127,0.1509282347916499,1910.35173630165,0.1276906331380208,2.2877399775283395e-06,0.036,0.028,0.062,0.076,0.0424933070401942,0.0262611409577412,0.012726547134362,14.6,12.9,10.7,10.55,1.0547999,693.5541666666667,94.55,7.509090909090909,2024-09-17,0.1276906331380208,857.2640332366271,2641.55391489352,2600.2263284877035,0.21420301555275295,0.14196164848025733,0.04106890789968871,0.11806890789968871,-0.09613410765306424,F1,0.24409204013142327,0.17288731861630147,0.19294331991906877,0.119964599609375,-0.07487441201938005,0.22302782419722958,0.151092529296875
186,2024-09-18,2024-09-18,9320.229166666666,0.0073268281987806,136.48982743048856,1975.8109529000712,0.1317413031610429,1941.513559270559,0.11627197265625,3.270738338996273e-06,0.0352,0.02744,0.06136,0.076,0.0418693133406244,0.0269744988007453,0.0130722511625025,7.380952380952381,8.745833333333334,9.404,10.352,2.7129998,692.68125,41.55,6.991666666666667,2024-09-18,0.11627197265625,,2698.596130046904,2642.641445551065,0.1972410940739231,0.1244114341148774,0.040465830813846033,0.11746583081384604,-0.07977526326007706,F1,0.2246328808249055,0.15275325434618292,0.1826791949300492,0.109344482421875,-0.06521336411620315,0.21081705481374077,0.138458251953125
187,2024-09-19,2024-09-19,9298.104166666666,0.0073416609420273,136.21513816625642,2012.8078789385336,0.1171055947822892,1975.0270177241875,0.1053025987413194,3.5445821313787537e-06,0.0361,0.0282499999999999,0.0613499999999999,0.076,0.0424643434793627,0.0262942524832177,0.0127425934817139,10.172222222222222,10.8075,10.3,10.145,0.0,695.6416666666668,37.90833333333333,9.075,2024-09-19,0.1053025987413194,865.690713555385,2749.127159487996,2688.2574310127306,0.1836116016024087,0.11030922789579099,0.041040915213426114,0.1180409152134261,-0.06557068638898256,F1,0.20907584947696523,0.1366566561284601,0.17247405916510444,0.098785400390625,-0.05443314395167834,0.19878325310247644,0.126007080078125
188,2024-09-20,2024-09-20,9338.9375,0.0072970371603897,137.05464852844295,2019.5849032832823,0.114613897903423,1983.286619503492,0.1028238932291666,3.395631210017161e-06,0.0363333333333333,0.0282857142857142,0.0617142857142857,0.076,0.0426457339683956,0.0260868844792023,0.0126420998024215,12.326315789473684,12.283333333333331,11.19047619047619,10.178571428571429,0.0,695.7166666666667,36.30833333333333,11.541666666666666,2024-09-20,0.1028238932291666,860.652203156456,2758.383334347807,2699.4997763888496,0.18124289661777,0.10785836875812559,0.04121622539300158,0.11821622539300158,-0.0630266712247684,F1,0.20637930055696319,0.13386658239466548,0.17005550097803662,0.096282958984375,-0.05183927558503504,0.19601075957095968,0.123138427734375
189,2024-09-21,2024-09-21,9495.041666666666,0.0073313575403942,136.45046111492965,1995.9303240638976,0.1255596231154916,1954.3835993751084,0.1139742533365885,3.962697131485586e-06,0.0329523809523809,0.0271904761904761,0.0615714285714285,0.076,0.0409886865288942,0.0279812430088046,0.0135601346720853,10.185714285714289,11.65952380952381,11.75,10.342857142857143,0.0,694.6437500000001,39.61666666666667,9.75,2024-09-21,0.1139742533365885,889.6450605949016,2726.075508619022,2660.1591709482364,0.18967862255648676,0.11658667225468727,0.0396147230996186,0.1166147230996186,-0.07306389945686814,F1,0.21599222682891467,0.1438129152415606,0.17866792769296108,0.105194091796875,-0.06205320459334249,0.20609791688775478,0.133575439453125
190,2024-09-22,2024-09-22,8644.25,0.007613415258489,131.35035982463913,1871.7410769363896,0.1810763447429616,1819.9381294895984,0.165283203125,5.270465674319671e-06,0.0410857142857142,0.0265142857142857,0.0604571428571428,0.076,0.0435950958651754,0.0250015614136266,0.0121161357869095,6.057142857142857,7.734285714285714,9.165714285714284,10.305714285714286,17.4061,695.6770833333334,92.175,2.2666666666666666,2024-09-22,0.165283203125,905.953836678068,2556.4557273338633,2477.1621636960585,0.24323501517825713,0.17200056933714,0.04213376415423387,0.11913376415423388,-0.12410125102402325,F1,0.2776540832335035,0.20761339913240248,0.22804190824358972,0.156280517578125,-0.10890814408935584,0.2651461301866547,0.194671630859375
191,2024-09-23,2024-09-23,8710.229166666666,0.0075593411625034,132.29495925592133,1899.6422721553145,0.1666304870738722,1851.341243629273,0.1512400309244791,4.834927966855996e-06,0.0903829787234042,0.0308936170212765,0.062,0.0757872340425531,0.0639352997229628,0.001748371581329,0.0008472873807718,7.343478260869565,7.740425531914894,8.202127659574469,9.685106382978724,0.068399996,697.0979166666666,71.47500000000001,6.008333333333333,2024-09-23,0.1512400309244791,895.1882839058975,2594.5636532621807,2519.9057080553644,0.22962511105407185,0.15791863085099403,0.061792153135496505,0.1387921531354965,-0.09083295791857532,F1,0.2618801193158408,0.19129234443985085,0.21482832205082888,0.142608642578125,-0.07603616891533238,0.2492190396864519,0.178192138671875
192,2024-09-24,2024-09-24,8889.625,0.007490630517321,133.50499882883292,1912.6109609746943,0.1600361105784397,1868.0797426218123,0.1439132690429687,4.414643950909692e-06,0.0950833333333333,0.0337916666666666,0.0640833333333333,0.0754166666666666,0.0670702905606525,0.0018355913711071,0.0008895554135067,9.83404255319149,9.570833333333333,9.0375,9.358333333333333,0.0,698.09375,53.63333333333333,8.4,2024-09-24,0.1439132690429687,880.6460964055691,2612.2765085373235,2542.688887169817,0.2236450580048036,0.15173117071789585,0.06482205734741538,0.14182205734741538,-0.08182300065738823,F1,0.25497179678277904,0.18414441951213903,0.2082805181785233,0.135833740234375,-0.06645846083110793,0.24131448366042538,0.170013427734375
193,2024-09-25,2024-09-25,8900.104166666666,0.0074892702545953,133.52908991308396,1928.647990132775,0.1524786172692268,1882.7327402446897,0.1380259195963541,4.516496396369884e-06,0.0857916666666666,0.0354583333333333,0.0655833333333333,0.0754583333333333,0.0644311614445958,0.00118149590868,0.0005725708336537,11.308695652173911,10.960416666666667,10.008333333333336,9.408333333333331,0.0,699.94375,41.61666666666667,13.266666666666667,2024-09-25,0.1380259195963541,879.0990425709437,2634.1801551184517,2562.633439519132,0.21653111692965843,0.144370495749125,0.06227139329812881,0.13927139329812882,-0.07725972363152961,F1,0.24677146296032187,0.17565967227218618,0.20273553111548975,0.130096435546875,-0.06346413781736093,0.23470769056404492,0.163177490234375
194,2024-09-26,2024-09-26,8979.9375,0.00746333120509,133.99439265840047,1962.163190903633,0.1374394537744838,1918.844248834075,0.1242548624674479,4.181712871769781e-06,0.0762083333333333,0.0365,0.067,0.0759166666666666,0.0614977666621041,0.004534991586858,0.0021977256920008,12.63111111111111,12.302083333333334,11.104166666666666,9.7125,0.0,699.63125,36.775,13.783333333333331,2024-09-26,0.1242548624674479,883.8990428872299,2679.955785102297,2611.7856943689703,0.20258838003858476,0.1299441808069269,0.05943632753020385,0.13643632753020385,-0.06615205250838091,F1,0.2307556106195746,0.15908833970380917,0.19005284793940236,0.116973876953125,-0.05361652040919851,0.2196064492008897,0.147552490234375
195,2024-09-27,2024-09-27,8998.9375,0.0074539187754355,134.1621673451709,1961.685871038808,0.137814262517277,1919.7306976562488,0.1241048177083333,4.050092376219731e-06,0.0675,0.0362083333333333,0.0675416666666666,0.076,0.0582445475498816,0.0082541146650471,0.0040000691327992,12.274468085106385,12.166666666666666,11.552083333333334,10.03125,0.0,700.9541666666668,34.99166666666667,13.183333333333332,2024-09-27,0.1241048177083333,864.2707386178313,2679.303853530544,2612.9922614751595,0.2027787139716628,0.13014111612057608,0.056292158120866145,0.13329215812086614,-0.06948655585079666,F1,0.23097374623416556,0.15931404094889354,0.1897579018190282,0.116668701171875,-0.05646574369816207,0.21925251385644076,0.147186279296875
196,2024-09-28,2024-09-28,8972.3125,0.0074617999967518,134.0218881463464,1979.735289001568,0.1302596382544677,1934.539488992693,0.1187896728515625,4.3256264316590784e-06,0.0605416666666666,0.0355,0.0673333333333333,0.076,0.0553445909933342,0.0115693833214621,0.005606698596722,12.887234042553192,12.204166666666666,11.314583333333331,10.25625,0.0,702.2229166666666,38.30833333333333,13.35,2024-09-28,0.1187896728515625,869.1045161710545,2703.956054892425,2633.1488684467367,0.1957366844981388,0.12285484687437533,0.053489409711068595,0.1304894097110686,-0.06524727478707021,F1,0.22291226241608397,0.15097295946900607,0.18492078544489254,0.111663818359375,-0.05443137573382395,0.2134715698971079,0.141204833984375
197,2024-09-29,2024-09-29,9106.458333333334,0.0073912565225843,135.30290294716693,1990.8555845693024,0.1257244110607136,1947.246776648812,0.1144460042317708,4.149242621035722e-06,0.0535,0.0347083333333333,0.0673333333333333,0.076,0.0524335308681228,0.0148973457242998,0.0072194796426505,13.606521739130434,13.145833333333334,12.029166666666669,10.34375,0.0,701.81875,36.05833333333333,14.183333333333332,2024-09-29,0.1144460042317708,862.143002436726,2719.144343296242,2650.4450675179482,0.19155135737894252,0.11852435942206577,0.050675929930366244,0.12767592993036625,-0.06387542744857627,F1,0.21812994232807453,0.1460247734505068,0.1808505289837296,0.107452392578125,-0.05317459905336336,0.20869344274704707,0.136260986328125
198,2024-09-30,2024-09-30,9383.0,0.0073107697512614,136.7845020461017,2034.4896523320435,0.1088350103615637,1993.2813009170875,0.099395751953125,3.828449193018448e-06,0.05,0.036,0.068,0.076,0.0516719564452516,0.0157679876682186,0.0076414059311641,17.6,17.6,13.8,10.4,0.0,700.0,31.6,14.6,2024-09-30,0.099395751953125,858.061535354965,2778.7404935402237,2713.1037809617405,0.1761633307253077,0.1026026275140071,0.049939883903116086,0.12693988390311609,-0.0492234468221916,F1,0.20060380193921967,0.12789077128536028,0.16728300744651986,0.093414306640625,-0.040343123543403775,0.19264837379869462,0.119659423828125
