date,Date (aggregated based on UTC),Raw_Moderated_cph,Raw_Mod_Coeff_of_Var,Raw_Mod_sqrt,Corrected_Mod_cph_for_Des,SWC_Des_cm3_cm3,Corrected_Mod_cph_for_UTS,SWC_UTS_cm3_cm3,Rhov_g_cm3,SWC_5,SWC_10,SWC_20,SWC_50,WeightedTDR_SWC,WeightedTDR_SD,WeightedTDR_SE,sT_5,sT_10,sT_20,sT_50,PRISM_ppt_mm,BaroPress,airRH,airT,date,CRNS,Bare
2023-06-22,2023-06-22,,0.0097305813063593,102.7792263204284,2031.3978024351532,0.267816616507544,1975.0351391777813,0.2399673461914062,5.284731408470971e-06,,,,,,,,,,,,,,,,2023-06-22,0.2399673461914062,861.8417006204293
2023-06-23,2023-06-23,,0.009617980959553,103.99768623143534,2076.4877249436668,0.2417865384301215,2018.8740077983748,0.2185516357421875,5.284731408470971e-06,,,,,,,,,,,,,,,,2023-06-23,0.2185516357421875,874.0137411040561
2023-06-24,2023-06-24,,0.009712991173378,102.98211795416628,2097.685712928249,0.2303444765192473,2039.4838416276868,0.2091449239979619,5.284731408470971e-06,,,,,,,,,,,,,,,,2023-06-24,0.2091449239979619,867.8527247358471
2023-06-25,2023-06-25,,0.0097859453324879,102.2133680230504,2084.7823647542405,0.2372331781982168,2026.938506575064,0.2148081461588541,5.284731408470971e-06,,,,,,,,,,,,,,,,2023-06-25,0.2148081461588541,876.1250629248873
2023-06-26,2023-06-26,,0.0096920329461549,103.20291170153772,2112.470083661597,0.2227250120181043,2053.8580088508625,0.2028698211020611,5.284731408470971e-06,,,,,,,,,,,,,,,,2023-06-26,0.2028698211020611,846.8298465496615
2023-06-27,2023-06-27,,0.0096125893176801,104.05519324581702,2119.1151359194646,0.2187568063173689,2060.3186891249225,0.1996027628580729,5.284731408470971e-06,,,,,,,,,,,,,,,,2023-06-27,0.1996027628580729,857.0117023022715
2023-06-28,2023-06-28,,0.0096087457493553,104.10013603808764,2141.445179627612,0.2074740205759685,2082.029168938427,0.1903216044108072,5.284731408470971e-06,,,,,,,,,,,,,,,,2023-06-28,0.1903216044108072,850.0819930454754
2023-06-29,2023-06-29,,0.0095834996892341,104.35458593265892,2136.1481973466684,0.208087585683333,2080.0616784585427,0.1895088527513587,4.995536846344298e-06,,,,,,,,,,,,,,,,2023-06-29,0.1895088527513587,850.3575675954306
2023-06-30,2023-06-30,,0.0096934687934433,103.1682800976528,2138.325917868373,0.2067132803277588,2069.833112901423,0.1934756015209441,6.126262873218935e-06,,,,,,,,,,,,,,,,2023-06-30,0.1934756015209441,845.6639242474625
2023-07-01,2023-07-01,5207.208333333333,0.0097911661490466,102.1396692089136,2143.5848208025623,0.2042583123439159,2073.1139253046967,0.1922116486922554,6.292451131939708e-06,0.1121875,0.1333958333333333,0.1347083333333333,0.088625,0.1226664848164109,0.0,0.0,18.654166666666665,17.685416666666665,16.347916666666666,14.2875,0.0,786.5604166666667,66.8625,12.845833333333331,2023-07-01,0.1922116486922554,848.5593282294566
2023-07-02,2023-07-02,5261.5625,0.0097447598340708,102.62359621852832,2145.429346208914,0.2030101423672509,2072.781206381172,0.1921373450237771,6.49077289062572e-06,0.1076874999999999,0.13075,0.1328541666666667,0.0872083333333333,0.1193323498714079,0.0039430179220498,0.0021049785039558,17.84468085106383,17.416666666666668,16.474999999999998,14.420833333333334,1.0135,786.0520833333334,61.00208333333333,14.24375,2023-07-02,0.1921373450237771,847.9626946568949
2023-07-03,2023-07-03,5280.979166666667,0.0097513973094951,102.55536517618071,2143.983355149367,0.2039365704822015,2074.1596651694117,0.1917495727539062,6.23622932612252e-06,0.10575,0.1297708333333333,0.1313333333333333,0.0863541666666666,0.1178171611070025,0.0057349119371055,0.0030615803905378,19.435416666666665,18.172916666666666,16.54375,14.422916666666667,0.04,785.2229166666666,53.94583333333333,15.779166666666669,2023-07-03,0.1917495727539062,852.1362468711137
2023-07-04,2023-07-04,5279.395833333333,0.0097003247646776,103.0953202588595,2147.2726407251107,0.2023456361084668,2060.18881856304,0.1977571528008643,7.828616134444998e-06,0.1025208333333333,0.1285208333333333,0.1307708333333333,0.0852916666666666,0.1157761792131768,0.008148619935936,0.0043501374178727,19.84375,19.004166666666663,17.575,14.802083333333334,0.0,783.625,61.59583333333333,15.979166666666666,2023-07-04,0.1977571528008643,848.741855262286
2023-07-05,2023-07-05,5306.520833333333,0.0097176088020627,102.9134046130285,2143.806192688836,0.2040967627279957,2067.248261410761,0.1947402954101562,6.858488758098319e-06,0.077125,0.1087291666666666,0.1273541666666666,0.0850625,0.0967669134925858,0.0306293763113297,0.01635148000834,20.122916666666665,18.872916666666665,17.34375,15.014583333333334,0.3013,783.6875,56.458333333333336,16.210416666666667,2023-07-05,0.1947402954101562,846.7354772798354
2023-07-06,2023-07-06,5406.833333333333,0.0095691267375099,104.52060714174998,2166.724862078142,0.1930623071519043,2104.996819910705,0.1792284094769021,5.441143267544912e-06,0.0756666666666666,0.1076874999999999,0.1265,0.0833958333333333,0.0955493747293726,0.0320692631915339,0.0171201630300449,20.754166666666663,19.54583333333333,17.927083333333332,15.272916666666667,0.0,783.3979166666667,55.520833333333336,16.191666666666666,2023-07-06,0.1792284094769021,847.2325393477687
2023-07-07,2023-07-07,5528.875,0.0095177828694222,105.07545255356554,2163.927831606441,0.1944757754296916,2100.674971959821,0.1809493355129076,5.580093840463738e-06,0.07325,0.10575,0.1246875,0.0816458333333333,0.0934166894626406,0.0345914215227133,0.0184666162229195,20.00625,19.133333333333333,17.914583333333333,15.525,0.0,781.6708333333332,48.05416666666667,15.877083333333331,2023-07-07,0.1809493355129076,850.158863416723
2023-07-08,2023-07-08,5559.041666666667,0.0094736286550737,105.56790303227298,2179.8227691848488,0.1873632192340032,2122.599862175396,0.1726820925448803,5.001825496785969e-06,0.0716875,0.1048541666666666,0.1234166666666666,0.0798333333333333,0.0921228030247537,0.0361215987644388,0.0192835007171702,20.870833333333334,19.691666666666663,18.154166666666665,15.63125,0.0,781.0645833333333,45.56458333333333,16.568749999999998,2023-07-08,0.1726820925448803,848.6893844935389
2023-07-09,2023-07-09,5556.708333333333,0.0095076586236655,105.18276928488618,2203.448300844799,0.1767013404740872,2149.675187749902,0.1623398801113696,4.6329647776631726e-06,0.0736875,0.1048541666666666,0.1224791666666666,0.0781041666666666,0.0928402936898593,0.0352730792539568,0.0188305189237668,20.072916666666668,19.27083333333333,18.06458333333333,15.78125,0.0,783.1833333333334,42.56458333333333,15.35625,2023-07-09,0.1623398801113696,852.18799685113
2023-07-10,2023-07-10,5491.166666666667,0.0095645001290975,104.56223325788407,2192.173373477734,0.1818164477962288,2125.422165952821,0.1715081397523271,5.821185014339275e-06,0.0754791666666666,0.1053333333333333,0.1214374999999999,0.0764791666666666,0.0936063452103453,0.0343671306573001,0.0183468786362126,20.67083333333333,19.58125,18.197916666666668,15.839583333333332,0.0,784.3291666666668,44.31458333333333,16.875,2023-07-10,0.1715081397523271,850.4055837926245
2023-07-11,2023-07-11,5428.791666666667,0.009602232943365,104.14778759788476,2200.527276377815,0.1778915062316624,2126.637309681845,0.170729927394701,6.436499591106639e-06,0.0745,0.1050416666666666,0.121,0.0751458333333333,0.0929441259252087,0.0351502850744703,0.018764965301303,21.85625,20.397916666666667,18.635416666666668,15.99375,0.0,785.38125,48.2625,17.614583333333332,2023-07-11,0.170729927394701,850.6195904090134
2023-07-12,2023-07-12,5387.833333333333,0.0096195739446388,103.9631050941714,2199.5275708667277,0.1784279921649188,2110.9239985916674,0.1769158257378472,7.777716148860442e-06,0.0732708333333333,0.1048333333333333,0.1210208333333333,0.0736041666666666,0.092269424237333,0.035948201442948,0.0191909326280573,22.98333333333333,21.479166666666668,19.4875,16.35625,0.0,785.19375,52.11041666666667,18.64583333333333,2023-07-12,0.1769158257378472,858.99906931196
2023-07-13,2023-07-13,5512.354166666667,0.0095233953311399,105.00961324763765,2199.2396779856613,0.178650620736483,2121.2415036638936,0.1729484226392663,6.80972675087658e-06,0.076625,0.1039375,0.1206041666666666,0.0726458333333333,0.0934248476337439,0.0345817734984425,0.0184614656291112,22.27916666666667,21.191666666666663,19.58333333333333,16.724999999999998,0.0,784.4895833333334,52.79791666666667,17.991666666666667,2023-07-13,0.1729484226392663,852.9074229336794
2023-07-14,2023-07-14,5557.3125,0.0094765334325482,105.52872449101592,2197.6377287115324,0.1790262008141844,2130.561986106551,0.1691693245096409,5.832122463929348e-06,0.0753333333333333,0.1032083333333333,0.120125,0.0710208333333333,0.0924563811046805,0.0357271023300562,0.0190728989571277,22.31041666666667,21.245833333333334,19.61875,16.883333333333333,0.0,784.8520833333333,50.47291666666666,17.316666666666666,2023-07-14,0.1691693245096409,848.198995365903
2023-07-15,2023-07-15,5436.375,0.0096275484975212,103.875411831819,2207.020330225207,0.1753673603988817,2144.0611728409453,0.1645059788480718,5.437629600413142e-06,0.072875,0.1018124999999999,0.1191458333333333,0.0697083333333333,0.0906438490354313,0.0378706407744287,0.0202172260783855,21.38,20.71875,19.4375,16.983333333333334,0.0,786.7791666666667,46.19166666666666,15.785416666666668,2023-07-15,0.1645059788480718,852.3342175524316
2023-07-16,2023-07-16,5347.125,0.0097001736842244,103.09959798746416,2201.6010477555174,0.1779813534251011,2140.805104791133,0.165946628736413,5.26028172164828e-06,0.0710625,0.1008958333333333,0.11825,0.0683541666666666,0.0893048029093089,0.0394542248107213,0.0210626217680583,21.64186046511628,20.66875,19.322916666666668,16.962500000000002,0.0,788.2791666666667,47.13541666666666,16.560416666666665,2023-07-16,0.165946628736413,853.1224953515001
2023-07-17,2023-07-17,5244.625,0.0097444625214893,102.63324915758376,2197.1741443669707,0.1797116041211565,2128.4969294122934,0.1704864501953125,5.98306276935065e-06,0.0698541666666666,0.1002916666666666,0.117875,0.0671875,0.0884468361876399,0.0404688742522903,0.0216042919571817,21.92666666666667,20.941666666666663,19.416666666666668,16.975,0.0,787.8145833333333,44.17916666666667,18.58333333333333,2023-07-17,0.1704864501953125,858.7133588211774
2023-07-18,2023-07-18,5326.708333333333,0.009709965411332,102.99376958254054,2207.233332617393,0.174995883976617,2127.616081680636,0.1703880310058593,6.933543756761346e-06,0.0615625,0.0999375,0.1180625,0.0663541666666666,0.0844992961101839,0.0451373179506318,0.0240965387149211,22.197297297297297,22.535416666666663,20.15833333333333,17.175,0.0,786.3479166666666,43.93541666666667,19.277083333333334,2023-07-18,0.1703880310058593,857.4529996757412
2023-07-19,2023-07-19,5221.541666666667,0.0097970822630832,102.07800113664392,2182.7773670674096,0.1857634947599025,2087.8144533977447,0.186124529157366,8.427069235214988e-06,0.0508125,0.0986875,0.1180625,0.0655833333333333,0.0790811749691215,0.0515449016613826,0.02751722465652,21.51891891891892,23.2125,20.87708333333333,17.5625,1.0301,788.3125,53.80625,19.40833333333333,2023-07-19,0.186124529157366,850.9729832048372
2023-07-20,2023-07-20,5186.8125,0.0098102981530757,101.94159445073008,2167.284489110208,0.1929138398943385,2061.443639689085,0.1972535599109738,9.507898961045315e-06,0.0499583333333333,0.0971458333333333,0.117375,0.0647291666666666,0.0780257062606478,0.0527931210953057,0.0281835860904701,19.164864864864864,22.491666666666664,20.86458333333333,17.872916666666665,1.7971,788.43125,64.57708333333333,17.997916666666665,2023-07-20,0.1972535599109738,857.7591338587242
2023-07-21,2023-07-21,5201.0,0.0097667052156275,102.40881782540032,2181.2355547580314,0.1869163861382932,2096.996807480591,0.1830886037726151,7.460602604274181e-06,0.0527083333333333,0.095,0.1158333333333333,0.064375,0.0782993504855274,0.0524695036950613,0.0280108230737942,17.26111111111111,20.745833333333334,19.79375,17.787499999999998,2.6411,788.8000000000001,66.12708333333333,17.191666666666666,2023-07-21,0.1830886037726151,860.7676677351631
2023-07-22,2023-07-22,5333.0625,0.0096829877267345,103.28577107200933,2177.5652040595774,0.1883590789010153,2112.0807850998845,0.1767527262369791,5.753574030053571e-06,0.0503125,0.0947916666666666,0.1151875,0.0636666666666666,0.0769881230676638,0.0540201887434479,0.0288386556522377,17.280555555555555,20.5125,19.36875,17.44375,0.0,788.3000000000001,50.99583333333334,16.943749999999998,2023-07-22,0.1767527262369791,852.153790844084
2023-07-23,2023-07-23,5395.770833333333,0.0096415299377576,103.7238591059148,2207.144879716307,0.1749870243886173,2139.360487480394,0.1659895734089176,5.870554615312197e-06,0.0490416666666666,0.0943958333333333,0.1147916666666666,0.0627083333333333,0.0761727196971241,0.0549845018731719,0.0293534538218834,18.64054054054054,21.0,19.429166666666667,17.266666666666666,0.0,787.975,43.79375,18.20208333333333,2023-07-23,0.1659895734089176,854.4533236579056
2023-07-24,2023-07-24,5348.666666666667,0.0096704900050707,103.41716238262582,2220.746993150629,0.1694673036799488,2143.561604034204,0.1646459670293898,6.671799595139476e-06,0.0481458333333333,0.0945833333333333,0.1150416666666666,0.0622291666666666,0.0758525054254534,0.0553631939875946,0.0295556184521833,21.07027027027027,22.45833333333333,20.254166666666663,17.3875,0.0,788.99375,46.364583333333336,19.56875,2023-07-24,0.1646459670293898,852.2031355823235
2023-07-25,2023-07-25,5269.270833333333,0.009791238798223,102.1414583200997,2197.8401212462786,0.1791365485156947,2097.503270452909,0.1822967529296875,8.875953870473428e-06,0.0472291666666666,0.0938333333333333,0.1152291666666666,0.0617291666666666,0.0751966208205462,0.0561388568790506,0.0299697057693372,21.835714285714285,22.80208333333333,20.839583333333334,17.729166666666668,0.0,788.9625,55.75,18.29583333333333,2023-07-25,0.1822967529296875,880.9005643242913
2023-07-26,2023-07-26,5113.25,0.0098861580578968,101.15986062517246,2159.427519329573,0.1964315684111231,2060.39347820621,0.1976105446039244,8.901747815915235e-06,0.0497083333333333,0.0919166666666666,0.1137916666666666,0.0609375,0.0754289149247551,0.0558641409988626,0.0298230488091298,19.351162790697675,20.625,19.98333333333333,17.849999999999998,5.0794997,789.0416666666666,70.26458333333333,17.072916666666668,2023-07-26,0.1976105446039244,877.2622246723362
2023-07-27,2023-07-27,5156.125,0.0098453583555281,101.57691886635652,2169.33585969741,0.191949255653356,2069.6263146420315,0.1938794453938802,8.930582701548596e-06,0.0521875,0.0918541666666666,0.1132291666666666,0.0609583333333333,0.0764578079957596,0.0546473504712554,0.0291734656839538,20.365116279069767,20.285416666666663,19.38958333333333,17.585416666666667,0.88,787.9708333333333,68.5,16.943749999999998,2023-07-27,0.1938794453938802,870.9893295590937
2023-07-28,2023-07-28,5157.645833333333,0.0098162520749102,101.88162155863598,2165.4544821821128,0.1940426534981728,2074.751768892248,0.19183349609375,8.098992310706116e-06,0.0555416666666666,0.0919375,0.1131041666666666,0.060625,0.0780088968582467,0.0528130002471756,0.02819419856756,19.1275,20.17708333333333,19.04375,17.318749999999998,2.3813999,787.6833333333334,68.21666666666667,17.295833333333334,2023-07-28,0.19183349609375,864.5958024833313
2023-07-29,2023-07-29,5223.208333333333,0.0098175350365055,101.86369311472475,2178.825454798992,0.1875301886881542,2093.836454166209,0.1835339864095052,7.51586618956699e-06,0.05575,0.0924375,0.1130625,0.0603333333333333,0.0782583849463475,0.0525179504009797,0.0280366863279213,20.76428571428572,20.402083333333334,19.15625,17.233333333333334,0.0,788.7875,55.08958333333334,17.852083333333333,2023-07-29,0.1835339864095052,860.751480358087
2023-07-30,2023-07-30,5162.708333333333,0.0098520130296097,101.50863607582814,2175.9222754194125,0.1891131863015962,2076.480646734104,0.1910367925116356,8.877377319142493e-06,0.0551875,0.0938541666666666,0.114,0.06,0.078629578663079,0.0520789689254944,0.0278023362468922,23.14047619047619,22.02083333333333,20.02083333333333,17.304166666666667,0.081999995,788.8979166666667,48.99166666666667,20.75625,2023-07-30,0.1910367925116356,863.0388527493637
2023-07-31,2023-07-31,5162.851063829788,0.0098144323519677,101.9006663021043,2161.9781687523664,0.1955256029695095,2055.0296748219566,0.2002271286984707,9.637075271502504e-06,0.0568958333333333,0.0934375,0.1137083333333333,0.06,0.079229752920345,0.051369190259727,0.0274234211966582,21.558695652173917,21.14375,20.016666666666666,17.633333333333333,2.4081,788.3166666666666,74.39791666666666,17.945833333333333,2023-07-31,0.2002271286984707,857.3175758182958
2023-08-01,2023-08-01,5164.979166666667,0.0098675778622024,101.35383354917607,2153.667041610124,0.1997099471441302,2042.466533858587,0.2061396059782608,1.008458222890662e-05,0.0625833333333333,0.095125,0.1139583333333333,0.0597083333333333,0.0824667807246008,0.047541013279223,0.0253797504823465,23.977777777777774,22.272916666666664,20.354166666666668,17.704166666666666,0.73289996,787.6,65.12916666666666,18.8625,2023-08-01,0.2061396059782608,862.1254188464521
2023-08-02,2023-08-02,5034.0,0.0099830567844024,100.18187063342258,2150.68487732115,0.200540476629769,2046.7656861238877,0.2037747701009114,9.4112228042182e-06,0.0627708333333333,0.0944166666666666,0.1138125,0.0597708333333333,0.0822919360188026,0.0477477882958044,0.0254901372403232,21.331818181818186,21.216666666666665,20.310416666666665,17.952083333333334,4.8203998,787.5208333333334,73.07083333333334,17.777083333333334,2023-08-02,0.2037747701009114,872.5338598243035
2023-08-03,2023-08-03,4881.125,0.0101538482240205,98.49559300774034,2053.630353464712,0.2533952859699478,1957.491021676403,0.2496536918308423,9.10580902354276e-06,0.1348541666666666,0.1259375,0.1201041666666666,0.059,0.1273412362627059,0.0055284591169579,0.0029513656369955,20.027659574468085,19.93958333333333,19.464583333333334,17.797916666666666,13.5484,786.7708333333334,73.94583333333334,16.302083333333332,2023-08-03,0.2496536918308423,887.2633430326281
2023-08-04,2023-08-04,4939.395833333333,0.0100393363882414,99.6193604069678,2091.08946116068,0.2327289870723617,2007.1380097071487,0.2236404418945312,7.742660159434603e-06,0.1474583333333333,0.141875,0.117375,0.0589166666666666,0.1380433298661744,0.0181849794972072,0.009708043862149,18.491304347826087,18.42083333333333,18.34583333333333,17.402083333333334,3.0022,786.4791666666666,67.27499999999999,15.372916666666669,2023-08-04,0.2236404418945312,883.5337468879922
2023-08-05,2023-08-05,4984.416666666667,0.0100245091353367,99.76507732434033,2126.4224498702483,0.2134047636284247,2043.0143124150136,0.2060432434082031,7.559062698478881e-06,0.1399791666666666,0.1407708333333333,0.117625,0.0588125,0.1342500457269032,0.0136989621070021,0.0073131853143479,19.96808510638298,19.289583333333333,18.410416666666663,17.027083333333334,0.0,786.4520833333332,60.69791666666666,16.345833333333335,2023-08-05,0.2060432434082031,878.896271234187
2023-08-06,2023-08-06,5044.979166666667,0.0099280282014206,100.7379587685183,2160.443627979056,0.1960845042893224,2087.6566691523417,0.1863336977751358,6.467091784564565e-06,0.1315,0.13775,0.118625,0.0589791666666666,0.1294894616127686,0.0080689954766497,0.00430762993287,19.411627906976744,19.491666666666667,18.704166666666666,17.008333333333333,0.71,786.0145833333332,61.78333333333333,15.741666666666667,2023-08-06,0.1863336977751358,884.3877676180717
2023-08-07,2023-08-07,5121.875,0.0098685442158163,101.34832067316712,2176.1208292250626,0.1893705419722976,2105.7556800184266,0.1794011542137633,6.193325002940105e-06,0.1234166666666666,0.1341041666666666,0.1192916666666666,0.059,0.1246402009531983,0.0023341581036051,0.0012460893483256,20.02608695652174,19.71875,18.85625,16.997916666666665,0.0,785.8666666666667,50.60833333333333,16.7,2023-08-07,0.1794011542137633,870.7813980302826
2023-08-08,2023-08-08,5264.833333333333,0.009714111310904,102.95896467081717,2200.009350369262,0.1783793338244293,2136.615406466096,0.1672629498420877,5.496852901106326e-06,0.1161041666666666,0.1296041666666666,0.1193333333333333,0.058875,0.1197477590729045,0.0034517462868268,0.0018427133425512,19.76222222222222,19.160416666666663,18.4,16.931250000000002,0.0,784.2083333333334,50.92291666666667,14.947916666666666,2023-08-08,0.1672629498420877,866.9041420717434
2023-08-09,2023-08-09,5296.375,0.0097256576289241,102.83227204387572,2197.100377676735,0.179551840975909,2132.229470013239,0.1688168843587239,5.635842893242889e-06,0.1096875,0.126,0.1195625,0.0587291666666666,0.1156032324662704,0.0083531503865209,0.0044593259152107,19.982222222222223,19.585416666666667,18.75,16.897916666666667,0.0,783.5437499999999,51.97916666666666,14.31875,2023-08-09,0.1688168843587239,867.3922979096238
2023-08-10,2023-08-10,5376.854166666667,0.0096738239339868,103.37904463954398,2198.078534643895,0.1790782967247594,2123.067644776097,0.172332763671875,6.552677362222643e-06,0.1028124999999999,0.1214583333333333,0.1183541666666666,0.0585416666666666,0.1106779167452457,0.0141779320705558,0.0075688832333665,18.31304347826087,18.425,18.22083333333333,16.84375,0.0,783.4770833333333,50.19583333333333,15.3875,2023-08-10,0.172332763671875,857.8992747327227
2023-08-11,2023-08-11,5251.770833333333,0.0097481097275712,102.58909611904502,2184.3555330604,0.184967751472702,2093.039661861112,0.1838489288979388,8.080031868074029e-06,0.0991458333333333,0.1192916666666666,0.1176041666666666,0.058,0.1081070206326627,0.0172183277398542,0.0091919972171007,20.070212765957447,19.1125,17.929166666666667,16.564583333333335,1.2660999,785.375,61.33958333333334,16.652083333333334,2023-08-11,0.1838489288979388,859.6315030924347
2023-08-12,2023-08-12,5314.5,0.0097041666427401,103.05588494991532,2195.981302199876,0.1799263885133697,2098.2410356156693,0.1819483439127604,8.637137140512485e-06,0.09525,0.1177083333333333,0.1182291666666666,0.058,0.1058813661297342,0.0198504334398621,0.010597145767827,20.711111111111112,20.141666666666666,18.93958333333333,16.73333333333333,0.0,786.0395833333333,61.77916666666667,16.245833333333334,2023-08-12,0.1819483439127604,862.6640169766715
2023-08-13,2023-08-13,5310.458333333333,0.0096697346785579,103.42467315662547,2192.3799696323863,0.1816598317479553,2104.133869038944,0.1796439962184175,7.769336058132885e-06,0.0913125,0.115375,0.1176041666666666,0.058,0.1031648652592827,0.0230630243499893,0.0123121861104046,20.326666666666668,19.620833333333334,18.710416666666667,16.910416666666666,0.0,786.3375,74.18333333333334,14.795833333333334,2023-08-13,0.1796439962184175,861.3138231731328
2023-08-14,2023-08-14,5326.104166666667,0.0097178861561618,102.91033868961956,2198.720737421259,0.1789905683463298,2121.06263339251,0.1730379145196143,6.777339318279788e-06,0.0879583333333333,0.1135625,0.1177083333333333,0.058,0.1010215787941978,0.0255977198807094,0.013665332282123,20.61111111111111,19.79375,18.772916666666667,16.920833333333334,0.0,788.4479166666666,57.69583333333333,15.304166666666667,2023-08-14,0.1730379145196143,857.4806069422663
2023-08-15,2023-08-15,5239.25,0.0097689784194278,102.38111518655292,2198.4458550304025,0.1788618484452155,2113.432441562806,0.175923448927859,7.454462402370724e-06,0.0846875,0.1122083333333333,0.1169999999999999,0.05775,0.0989213261453996,0.0280815227176209,0.0149913094100802,21.32,20.275,19.0375,16.962500000000002,0.0,790.2125,56.52291666666667,17.329166666666666,2023-08-15,0.175923448927859,855.8495801036153
2023-08-16,2023-08-16,5311.8125,0.0097457006109078,102.62695621261072,2192.4449773431743,0.1821954862521267,2083.8685975947374,0.1888239434424867,9.674856297105232e-06,0.0805625,0.1101458333333333,0.1169583333333333,0.0576041666666666,0.0963077730013212,0.0311723654871302,0.0166413545576159,20.667391304347827,20.18125,19.28333333333333,17.1375,0.0,788.6166666666667,63.61041666666667,17.308333333333334,2023-08-16,0.1888239434424867,885.8876170060627
2023-08-17,2023-08-17,5028.416666666667,0.009958117304882,100.44005872513684,2077.686103743161,0.2396492795086958,1977.0990252571496,0.2389909460189494,9.427385212762807e-06,0.1641041666666666,0.1129375,0.1203124999999999,0.057,0.1365142328237599,0.0163766372608408,0.008742661099352,19.4375,19.110416666666666,18.5625,17.120833333333334,7.542,787.5166666666668,77.09375,16.827083333333334,2023-08-17,0.2389909460189494,914.8036968550077
2023-08-18,2023-08-18,5071.125,0.0099738918649986,100.2755476198557,2076.121243832069,0.241028067988232,1964.125048887583,0.247085246633976,1.0579205067281217e-05,0.1667499999999999,0.118,0.1203125,0.057,0.1394380063994384,0.0198343532198767,0.0105885613489689,17.962500000000002,18.43958333333333,18.525,17.05,0.0,786.5604166666667,73.17291666666667,16.854166666666668,2023-08-18,0.247085246633976,920.1923330584839
2023-08-19,2023-08-19,4929.0,0.010049042579054,99.5214784830046,2045.0141167189115,0.2593285806199668,1949.585598187973,0.254356052564538,9.061130521916377e-06,0.2143333333333333,0.1401875,0.1236041666666666,0.05675,0.169493695043093,0.0553788410514497,0.0295639716308186,18.039583333333333,17.485416666666666,16.977083333333333,16.554166666666667,5.0952,786.525,74.04375,16.4375,2023-08-19,0.254356052564538,908.7191557082211
2023-08-20,2023-08-20,5061.1875,0.0099098484774758,100.92310718920876,2117.8500187967334,0.2174531554010156,2041.862117895849,0.2065469493036685,6.907790047208867e-06,0.1854583333333333,0.1467083333333333,0.1210416666666666,0.0566875,0.1578542693784881,0.0416138121144271,0.022215516566303,19.3625,18.75208333333333,17.881249999999998,16.400000000000002,0.81409997,786.4666666666667,57.98125,18.172916666666666,2023-08-20,0.2065469493036685,906.7395687506419
2023-08-21,2023-08-21,5090.666666666667,0.009935043686115,100.66017889070986,2134.1390004849227,0.2088749461831728,2056.477921202212,0.1994183858235677,6.993559402544207e-06,0.1634583333333333,0.1425625,0.1199583333333333,0.0569791666666666,0.1460902561442347,0.0277014433042165,0.0147884041707866,19.51875,18.825,17.993750000000002,16.489583333333332,0.0,788.2083333333334,47.72916666666666,18.179166666666667,2023-08-21,0.1994183858235677,896.7011883341544
2023-08-22,2023-08-22,5059.4375,0.0099599104751826,100.40764614187788,2143.296092226861,0.2043780747705322,2044.8373204307995,0.2049060578041888,8.928183756639308e-06,0.1461041666666666,0.1372291666666666,0.1199583333333333,0.0570624999999999,0.1362650905580258,0.0160819963914297,0.0085853671918024,17.95957446808511,18.2625,18.160416666666663,16.6375,0.0,789.1875,65.10416666666667,16.233333333333334,2023-08-22,0.2049060578041888,894.3078366451565
2023-08-23,2023-08-23,5045.6875,0.0099460411436099,100.55456635980008,2140.001762664398,0.2059388568411923,2039.5709848276776,0.2071033234291888,9.119079335104164e-06,0.13725,0.1336458333333333,0.1182916666666666,0.0569791666666666,0.1306665369627835,0.0094610294756538,0.0050507667135306,17.243478260869566,17.147916666666667,16.879166666666666,16.310416666666665,0.45569998,788.6604166666666,71.11874999999999,16.279166666666665,2023-08-23,0.2071033234291888,887.5429281013118
2023-08-24,2023-08-24,5137.208333333333,0.0099519910445782,100.52229228977598,2118.2916684317047,0.2193604051384317,2006.6879379935867,0.2261206585427989,1.0328563108541624e-05,0.1273125,0.1308333333333333,0.1192708333333333,0.0569791666666666,0.1252924664074461,0.0031055409115769,0.001657891744663,19.26875,18.56458333333333,17.587500000000002,16.116666666666667,2.8014998,786.9541666666668,73.60208333333334,16.670833333333334,2023-08-24,0.2261206585427989,904.0695444800984
2023-08-25,2023-08-25,4678.333333333333,0.0103959049656602,96.20796801088149,1963.4776511064297,0.3166845052061847,1842.7151914976737,0.3295447308084239,1.2144730801759774e-05,0.1957083333333333,0.173875,0.1408958333333333,0.0569791666666666,0.1752162115559309,0.0621464091137934,0.0331768350711872,17.677083333333332,17.764583333333334,17.589583333333334,16.272916666666667,10.4846,787.8312500000001,95.40625,14.966666666666669,2023-08-25,0.3295447308084239,899.9519760021824
2023-08-26,2023-08-26,4535.520833333333,0.0104752200474481,95.47196373646152,1939.1341620488488,0.335484906647317,1830.353052261788,0.3385574665475399,1.1008059229242212e-05,0.2400416666666666,0.2315416666666666,0.1492708333333333,0.057,0.2165697548475818,0.1110519768334283,0.0592850523830863,18.163829787234043,17.845833333333335,17.25,16.185416666666665,5.4119997,788.4520833333332,87.31875000000001,15.922916666666666,2023-08-26,0.3385574665475399,900.9470326727202
2023-08-27,2023-08-27,4613.833333333333,0.010425670916896,95.9254392063576,1949.1947931228824,0.3272087648361161,1843.706261362829,0.3273724495096409,1.059739374717985e-05,0.2210416666666666,0.2348125,0.1554375,0.0574166666666666,0.2099621837662428,0.1032377246736631,0.0551134170656781,17.775000000000002,17.70625,17.400000000000002,16.197916666666668,2.1526,788.5041666666666,82.24791666666667,15.4625,2023-08-27,0.3273724495096409,910.6610546294485
2023-08-28,2023-08-28,4579.916666666667,0.0104319416790649,95.8721208125392,1929.9665198674995,0.344206795600136,1838.5355250126916,0.3329889825049867,9.218995451432691e-06,0.2469583333333333,0.2468749999999999,0.1656458333333333,0.0578958333333333,0.2278212826483025,0.1243582696201602,0.0663886113415129,17.933333333333334,17.658333333333335,17.120833333333334,16.09375,2.9041998,788.00625,80.02499999999999,15.595833333333331,2023-08-28,0.3329889825049867,914.8704859046785
2023-08-29,2023-08-29,4625.458333333333,0.010361038170526,96.53351646213048,1961.5694769209467,0.3174144075407316,1888.132508653713,0.2937459742769281,7.204175134761983e-06,0.232,0.245125,0.1695625,0.0578541666666666,0.2209939011916383,0.1162840650998408,0.0620782005628116,16.91063829787234,17.058333333333334,16.964583333333334,16.068749999999998,0.47559997,789.0458333333332,67.96249999999999,14.5875,2023-08-29,0.2937459742769281,901.4352935436649
2023-08-30,2023-08-30,4811.479166666667,0.0101617866552471,98.41877829414392,1991.2972297511217,0.2951805920511606,1914.6523692932144,0.275909423828125,7.413007909553255e-06,0.209875,0.23175,0.1699375,0.057875,0.2063257037452269,0.0989371471227958,0.0528175555002138,15.504166666666668,15.716666666666669,15.991666666666667,15.779166666666669,0.62509996,786.6833333333334,64.33541666666666,15.11875,2023-08-30,0.275909423828125,894.4702067511457
2023-08-31,2023-08-31,4992.958333333333,0.0099721097707968,100.28892530036228,2030.348816720946,0.2683469108691791,1961.7363810493928,0.2472527686585771,6.478803598170891e-06,0.1914166666666666,0.2184791666666666,0.1692708333333333,0.0575624999999999,0.1931990306833068,0.0834132682175304,0.0445301390999835,16.638297872340427,16.2,15.729166666666666,15.3375,0.0,783.93125,56.63958333333333,16.197916666666668,2023-08-31,0.2472527686585771,897.0093065437612
2023-09-01,2023-09-01,5047.020833333333,0.0099674604724071,100.33438735870546,2042.678353166775,0.2603613079439868,1966.0688003639373,0.2447293599446614,7.2173004261973315e-06,0.1714999999999999,0.2029375,0.1683541666666666,0.0573958333333333,0.1785948206054807,0.0661420230447595,0.0353098919329774,17.333333333333332,16.7,16.039583333333333,15.227083333333333,1.1251999,784.3104166666667,57.51041666666666,15.925,2023-09-01,0.2447293599446614,887.5991685141352
2023-09-02,2023-09-02,4949.5,0.0100942644709588,99.07411194198686,2037.1149258834375,0.2639018451597521,1950.159464750791,0.2540117899576823,8.263880725804898e-06,0.1511458333333333,0.1884375,0.1660208333333333,0.05775,0.16390135341298,0.0487652205359365,0.0260332930253206,17.20851063829787,17.058333333333334,16.60625,15.36875,0.0,787.3833333333333,64.77499999999999,15.3375,2023-09-02,0.2540117899576823,875.9388412542102
2023-09-03,2023-09-03,4928.0,0.0100153837404322,99.8622404235207,2055.528756164023,0.2522128406432882,1959.786057506852,0.2482396906072443,9.054683301564571e-06,0.1432708333333333,0.1768541666666666,0.1628958333333333,0.0577708333333333,0.1558186859204783,0.0392064884190289,0.0209303677967426,16.91875,16.650000000000002,16.197916666666668,15.3375,0.2312,786.4145833333333,74.91041666666666,14.9875,2023-09-03,0.2482396906072443,891.7191266820289
2023-09-04,2023-09-04,5279.0625,0.0096882099386189,103.22668717072384,2086.182209825682,0.234383488148448,2009.9951979262269,0.2215037244431515,7.027952988205135e-06,0.1363958333333333,0.1672291666666666,0.1593541666666666,0.0576041666666666,0.1487780659833319,0.0308801035988473,0.016485330668168,16.329166666666666,16.239583333333332,16.002083333333335,15.241666666666667,2.1471999,779.9375,60.21458333333334,15.5875,2023-09-04,0.2215037244431515,884.3939247087341
2023-09-05,2023-09-05,5293.604166666667,0.0097320336265226,102.76286136757857,2108.4440173463554,0.2225765974128852,2045.056612791904,0.2051670804936835,5.750468238048098e-06,0.1281041666666666,0.1551875,0.1564166666666666,0.057,0.1403657737583448,0.0209315503591658,0.0111742995927364,15.525531914893618,15.464583333333332,15.325,14.979166666666666,0.0,783.2208333333333,62.40416666666667,12.270833333333334,2023-09-05,0.2051670804936835,882.9983519737114
2023-09-06,2023-09-06,5294.208333333333,0.0097096987729194,102.9978757303992,2131.510657174228,0.2101121768097275,2071.28763167132,0.1929964106133643,5.38808873010556e-06,0.1186041666666666,0.1445,0.1534166666666666,0.057,0.1318524160362463,0.0108634749426724,0.0057994616521298,14.665217391304347,14.7125,14.683333333333332,14.620833333333332,0.0,785.8770833333333,56.90416666666667,13.283333333333331,2023-09-06,0.1929964106133643,881.5480220463019
2023-09-07,2023-09-07,5377.6875,0.0096458989198875,103.67918410538408,2154.217933001164,0.1993099956509059,2096.626694683732,0.1826658857629654,5.085280110248516e-06,0.1107291666666666,0.1354791666666666,0.1471458333333333,0.057,0.1240752910268716,0.0016660837753034,0.0008894381415796,14.873913043478264,14.825,14.585416666666667,14.289583333333333,0.0,786.1666666666666,45.875,14.370833333333332,2023-09-07,0.1826658857629654,882.0547760917135
2023-09-08,2023-09-08,5353.708333333333,0.0096654613784021,103.46748308077706,2176.154886560635,0.1887985662802739,2121.5227245363308,0.1727288428773271,4.768350207940716e-06,0.1039166666666666,0.1281875,0.1419166666666666,0.05675,0.1175473095092972,0.0060540440969002,0.0032319489634353,14.362222222222222,14.525,14.370833333333332,14.10625,0.0,788.1979166666666,49.40833333333333,13.620833333333332,2023-09-08,0.1727288428773271,877.6986427135445
2023-09-09,2023-09-09,5351.625,0.0096747145776672,103.36640258066085,2175.3032425186266,0.1891373739423865,2120.023258781036,0.1733000382133152,4.830681317151418e-06,0.098375,0.1220208333333333,0.136125,0.056,0.1118736738151507,0.012763804677746,0.0068139519034646,14.367391304347825,14.402083333333332,14.191666666666668,13.939583333333331,0.0,789.2375000000001,47.8625,12.689583333333331,2023-09-09,0.1733000382133152,870.5693950991389
2023-09-10,2023-09-10,5341.520833333333,0.009687905434298,103.22866373727804,2177.0867014273786,0.188448571865332,2097.8009524857816,0.1821174621582031,7.005113698170396e-06,0.0944583333333333,0.1183541666666666,0.1326666666666666,0.056,0.108220984695677,0.017083551448448,0.0091200469490924,14.958333333333334,14.795833333333334,14.489583333333334,13.864583333333334,0.0,787.4916666666667,55.16458333333333,14.179166666666667,2023-09-10,0.1821174621582031,882.7715210595802
2023-09-11,2023-09-11,5301.1875,0.0096988226051372,103.1210108894627,2166.885518469695,0.1932597629744747,2078.7884740400755,0.1901537306765292,7.856903841184694e-06,0.0929791666666666,0.1168958333333333,0.1299791666666666,0.056,0.1065737500022335,0.019031605748951,0.0101600149401498,15.293617021276594,15.11875,14.589583333333332,13.8875,3.4801,786.4791666666666,73.26875,13.31875,2023-09-11,0.1901537306765292,876.4899232358617
2023-09-12,2023-09-12,5400.875,0.0096165774976901,103.99449162551282,2164.8790104342743,0.1941172188490153,2099.3464912437908,0.1814587910970052,5.779340953052051e-06,0.0901458333333333,0.1129375,0.1251458333333333,0.056,0.1030830531836765,0.0231597770266736,0.0123638374872552,12.638297872340424,13.214583333333332,13.720833333333331,13.820833333333333,0.0,784.9895833333334,69.98125,10.533333333333331,2023-09-12,0.1814587910970052,865.216887259227
2023-09-13,2023-09-13,5407.854166666667,0.009627072049074,103.88153163687603,2177.8834187431103,0.1879733707769292,2101.897162588962,0.1803644353693181,6.695250205457207e-06,0.0889166666666666,0.1110833333333333,0.1223333333333333,0.0558541666666666,0.1013931293377815,0.025158316414304,0.0134307569214139,13.204166666666666,13.141666666666666,13.266666666666666,13.4125,0.0,783.2791666666667,63.94583333333333,12.25625,2023-09-13,0.1803644353693181,873.3232389889366
2023-09-14,2023-09-14,5393.3125,0.0096777271026115,103.34576461302004,2169.33892472597,0.1921942160856428,2087.668598431486,0.1866654105808423,7.259357708587702e-06,0.0877916666666666,0.1098333333333333,0.1206041666666666,0.055375,0.1001362876348067,0.0266446837754801,0.014224253528863,12.593617021276597,12.841666666666669,13.04375,13.183333333333332,1.2772,783.7791666666667,77.37083333333334,9.745833333333334,2023-09-14,0.1866654105808423,899.5365712167229
2023-09-15,2023-09-15,5144.708333333333,0.0098774765674279,101.2484473805018,2090.1989299095003,0.2319232496748097,2003.5075177513995,0.2244687287703804,8.014585326506791e-06,0.090875,0.1091249999999999,0.11925,0.055,0.1010790141857126,0.0255297955819517,0.0136290709230301,12.50625,12.583333333333334,12.74375,12.933333333333332,3.8084998,785.7916666666666,87.8875,10.452083333333333,2023-09-15,0.2244687287703804,923.0575209840562
2023-09-16,2023-09-16,5012.270833333333,0.0099748726030489,100.26440555590597,2070.2481827598463,0.2435378127659918,2003.1774114278169,0.2248707646908967,6.203943056729435e-06,0.1324791666666666,0.1088124999999999,0.121875,0.055,0.1207064370698068,0.0023179935786691,0.001237459923304,10.50625,11.189583333333331,12.047916666666666,12.70625,6.7162,788.4104166666666,81.64999999999999,8.564583333333333,2023-09-16,0.2248707646908967,915.9696193826194
2023-09-17,2023-09-17,5095.458333333333,0.0098986838352384,101.03255475836964,2094.306174107519,0.229792531478729,2031.332068661855,0.2109587296195652,5.742559393611275e-06,0.1452708333333333,0.1088333333333333,0.1182916666666666,0.0548958333333333,0.1260051383364152,0.0039483616836271,0.0021078312688869,9.597872340425532,10.070833333333333,10.9375,12.158333333333331,0.0,788.125,70.08333333333333,9.922916666666667,2023-09-17,0.2109587296195652,910.1407338264092
2023-09-18,2023-09-18,5126.854166666667,0.0099172367410757,100.84477753083402,2107.554881041709,0.222845294233558,2034.2162615937489,0.209769870923913,6.67778810757516e-06,0.1372291666666666,0.109875,0.1176666666666666,0.0542708333333333,0.122503962662195,0.000192202108605,0.0001026070170176,10.291489361702128,10.39375,10.789583333333333,11.702083333333334,0.0,785.9541666666668,71.94791666666667,10.066666666666666,2023-09-18,0.209769870923913,911.9848707463996
2023-09-19,2023-09-19,4973.083333333333,0.0100309820080577,99.7024418417194,2067.0347220708795,0.2455695945792413,1993.811409200621,0.2297811305269282,6.804094544709963e-06,0.1339791666666666,0.1128958333333333,0.1192708333333333,0.054,0.1222873803075773,0.0004483369441603,0.0002393444941523,10.035416666666666,10.225,10.691666666666668,11.48125,4.9288,783.975,85.4875,8.841666666666667,2023-09-19,0.2297811305269282,913.5408791898508
2023-09-20,2023-09-20,5091.5,0.0098500721390811,101.53777701026956,2109.631444601722,0.2215147909441432,2050.21075702766,0.2023836771647135,5.3730760012389945e-06,0.1362291666666666,0.1128333333333333,0.1179374999999999,0.054,0.1230739611753833,0.0004818900892562,0.0002572568269297,9.52127659574468,9.833333333333334,10.416666666666666,11.270833333333334,1.6062,782.5666666666666,71.99791666666667,9.383333333333333,2023-09-20,0.2023836771647135,910.1805964877386
2023-09-21,2023-09-21,5236.0625,0.0097670025632701,102.3957588313629,2118.068566710082,0.2168088719541386,2056.2087787678897,0.1994565327962239,5.578241291477224e-06,0.1315208333333333,0.1125208333333333,0.1174791666666666,0.054,0.1207076594365234,0.0023165479821499,0.0012366881921939,9.866666666666667,10.01875,10.341666666666669,11.020833333333334,0.80609995,780.4291666666667,59.4875,11.545833333333334,2023-09-21,0.1994565327962239,932.0883335962834
2023-09-22,2023-09-22,5325.208333333333,0.00967367431095,103.38105290146936,2136.7971996673814,0.2074909950173661,2096.461567709416,0.182520440284242,3.563775864949948e-06,0.128875,0.1116041666666666,0.1167708333333333,0.054,0.1190500089640435,0.0042769202014203,0.002283232099144,8.614893617021275,9.079166666666667,9.891666666666667,10.885416666666666,0.16129999,781.0124999999999,38.77291666666667,12.1,2023-09-22,0.182520440284242,924.8392674521554
2023-09-23,2023-09-23,5320.0,0.0097059504134605,103.03949731813348,2152.099742232474,0.200347378753986,2104.4111755544723,0.1796201070149739,4.197038062182529e-06,0.1221041666666666,0.1102083333333333,0.1156041666666666,0.054,0.1152403369637187,0.0087823182198556,0.004688436987394,7.864583333333333,8.183333333333334,9.083333333333334,10.489583333333334,0.0,783.4020833333334,48.01458333333333,10.020833333333334,2023-09-23,0.1796201070149739,906.9722438288275
2023-09-24,2023-09-24,5357.708333333333,0.0096650965106827,103.47388152106284,2163.229509048991,0.1950693538641882,2120.140619376137,0.1734508757895611,3.761759268160721e-06,0.1145416666666666,0.1091874999999999,0.1150625,0.0537291666666666,0.1112928739201847,0.0134506708162651,0.0071806351104043,6.891666666666667,7.429166666666667,8.483333333333333,10.085416666666664,1.1276,785.2270833333333,56.10833333333333,7.6375,2023-09-24,0.1734508757895611,895.2733506260455
2023-09-25,2023-09-25,5126.8125,0.0099337525069081,100.67261903962591,2179.17015818611,0.1876563796880576,2133.3809988615862,0.1684608459472656,3.974490723479165e-06,0.1097708333333333,0.1082291666666666,0.1147291666666666,0.053,0.1086844498329761,0.0165354478555342,0.0088274420703337,6.3625,6.74375,7.747916666666666,9.583333333333334,0.0,788.4875000000001,56.72083333333333,7.904166666666666,2023-09-25,0.1684608459472656,899.4591929732542
2023-09-26,2023-09-26,5153.458333333333,0.0098319251511803,101.71780055557475,2178.95431297228,0.1874566421628533,2131.834969646828,0.1688368777011303,4.094804725018061e-06,0.106875,0.1087083333333333,0.1153333333333333,0.053,0.1076101996313839,0.0178058786771756,0.009505661044527,7.0375000000000005,7.11875,7.71875,9.202083333333333,0.0,787.9083333333333,52.29166666666666,9.4125,2023-09-26,0.1688368777011303,891.4946912533495
2023-09-27,2023-09-27,5277.8125,0.0096926056510414,103.18344356263832,2194.4585536664918,0.1804018109214505,2146.410860357954,0.1633961995442708,4.147907977591836e-06,0.1050416666666666,0.1094166666666666,0.1144791666666666,0.053,0.106848347526975,0.0187068609562937,0.0099866500654957,7.733333333333333,7.658333333333334,8.002083333333333,9.075,0.0,785.6166666666667,53.0125,10.4375,2023-09-27,0.1633961995442708,887.5219675364484
2023-09-28,2023-09-28,5474.208333333333,0.0095311358579991,104.92976365031814,2196.4377403408807,0.179677212738555,2151.245601758209,0.1617697857795877,3.892554049918924e-06,0.1013541666666666,0.1091458333333333,0.1149791666666666,0.053,0.1051374860008385,0.0207301616837619,0.0110667883307929,8.185416666666667,8.077083333333333,8.289583333333333,9.091666666666669,0.0,782.3520833333333,44.177083333333336,11.627083333333331,2023-09-28,0.1617697857795877,891.9702957286161
2023-10-01,2023-10-01,5802.375,0.0092905380955924,107.64085943056467,2210.2256888461543,0.1738222735193772,2151.2255866662044,0.1618156433105468,5.080428468918983e-06,0.0940833333333333,0.1086666666666666,0.1167916666666666,0.0529583333333333,0.101926888052425,0.0245270821623598,0.0130937727743542,11.0875,10.39375,9.75625,9.472916666666666,1.1142,778.5375,50.77916666666667,13.195833333333333,2023-10-01,0.1618156433105468,880.4691376353209
2023-10-02,2023-10-02,5725.333333333333,0.0094204523551813,106.17965591556472,2168.845507615796,0.193691399353555,2099.8269867981103,0.1828347064079122,6.1033297725130695e-06,0.0923125,0.1083124999999999,0.1185416666666666,0.053,0.1012968494629102,0.0252721790138725,0.0134915424235939,10.983333333333334,10.972916666666668,10.69375,9.947916666666666,0.0007,780.0375,58.65,11.789583333333333,2023-10-02,0.1828347064079122,905.9677648474645
2023-10-03,2023-10-03,5369.333333333333,0.0096813639694336,103.2973959998146,2062.071916837839,0.2481023283500273,1998.1154441477008,0.2271436608355978,5.927277306584899e-06,0.144,0.1061666666666666,0.1183958333333333,0.053,0.1244921335344381,0.0021590504683494,0.0011526082089093,7.204166666666667,7.814583333333334,8.983333333333333,10.020833333333334,10.2746,780.5666666666666,93.23125,4.666666666666667,2023-10-03,0.2271436608355978,937.106173712816
2023-10-04,2023-10-04,5205.833333333333,0.009820990671071,101.82957068680058,2043.396119354624,0.2597606372513226,1990.449891962007,0.2313486735026041,4.926286635383574e-06,0.2096458333333333,0.1079583333333333,0.1151458333333333,0.053,0.1549273457323341,0.0381523708159716,0.0203676275457616,6.752083333333334,7.0062500000000005,7.877083333333334,9.397916666666667,0.89879996,783.5437499999999,80.49166666666666,5.327083333333333,2023-10-04,0.2313486735026041,920.1188972736435
2023-10-05,2023-10-05,5044.3125,0.0099755773296891,100.25327916661428,2062.7347558856472,0.2478133426643847,2012.2035193691013,0.2201531592835771,4.650473470229863e-06,0.1969166666666666,0.1100208333333333,0.1142083333333333,0.0528333333333333,0.1495540987565816,0.031797856234387,0.0169752725370488,5.889583333333333,6.452083333333333,7.5,8.954166666666667,0.0,788.3104166666667,72.47916666666667,5.591666666666666,2023-10-05,0.2201531592835771,916.9560723862421
2023-10-06,2023-10-06,5017.770833333333,0.0099959445055848,100.04722351090356,2069.8500954657693,0.2435221623821044,2019.3738539316585,0.2165794372558593,4.629370810141985e-06,0.1856666666666666,0.1126041666666666,0.1136041666666666,0.052,0.1450824198613352,0.0265095549759049,0.014152115074513,5.6125,5.95625,6.847916666666666,8.502083333333333,0.0,788.9916666666667,69.63333333333334,6.7125,2023-10-06,0.2165794372558593,909.2723022140824
2023-10-07,2023-10-07,5064.0625,0.0098966645899262,101.05172551171466,2106.500281634153,0.2231321372512918,2054.85117218038,0.2001479128573803,4.654666444929398e-06,0.1756875,0.1157083333333333,0.1131249999999999,0.052,0.1414172462756414,0.0221750438135795,0.0118381380644596,5.83125,6.0375000000000005,6.710416666666667,8.1625,0.0,788.3791666666666,67.40625,7.347916666666666,2023-10-07,0.2001479128573803,910.3182691149453
2023-10-08,2023-10-08,5193.229166666667,0.0097762039816049,102.305066938394,2106.0560542866883,0.2237144296799881,2061.8168763679187,0.197341594290226,3.973551688702462e-06,0.1667708333333333,0.1187291666666666,0.1137291666666666,0.052,0.1384068748539903,0.0186149154254388,0.0099375649814787,5.914583333333333,6.1937500000000005,6.804166666666667,8.004166666666666,0.0,786.6750000000001,59.645833333333336,7.633333333333333,2023-10-08,0.197341594290226,909.2960648035249
2023-10-09,2023-10-09,5386.291666666667,0.0095956463304901,104.2269405320217,2125.671457876685,0.2133893411900162,2082.378456633042,0.188501885596742,3.850023457469589e-06,0.1604791666666666,0.1204166666666666,0.1128958333333333,0.052,0.1359121345920193,0.0156645832625029,0.0083625313637564,5.68125,5.9,6.545833333333333,7.84375,1.023,782.8291666666668,56.21041666666667,7.79375,2023-10-09,0.188501885596742,902.7713227744383
2023-10-10,2023-10-10,5631.708333333333,0.0093820421102949,106.59473726109672,2141.5641365169945,0.2053131405937883,2094.8745331850814,0.1834424607297207,4.1343009757308296e-06,0.1624583333333333,0.1227291666666666,0.1130416666666666,0.052,0.1376302645310704,0.0176964797675446,0.0094472584813934,5.8187500000000005,6.016666666666667,6.5687500000000005,7.722916666666666,0.0,778.2291666666666,54.87916666666666,6.820833333333333,2023-10-10,0.1834424607297207,898.4578844586971
2023-10-11,2023-10-11,5874.645833333333,0.0092620883313319,107.9870451496076,2098.501859041898,0.2293341589430199,2036.1999609649936,0.2108497619628906,5.694132551527656e-06,0.1577708333333333,0.1238541666666666,0.1138541666666666,0.052,0.1359794543254958,0.0157441969913962,0.0084050331203432,6.11875,6.30625,6.683333333333334,7.63125,0.0836,771.2208333333333,70.02083333333333,7.122916666666666,2023-10-11,0.2108497619628906,911.6747461308452
2023-10-13,2023-10-13,5007.25,0.0100391784899361,99.61682239888444,1952.6257240489492,0.3242731475207681,1904.0847813441635,0.2826093037923177,4.720724524153253e-06,0.2725208333333334,0.2393333333333333,0.1243333333333333,0.052,0.2297123435151286,0.1265946778677501,0.0675825169692101,5.4625,5.55,5.991666666666667,7.366666666666667,11.2692995,781.1999999999999,83.04375,3.314583333333333,2023-10-13,0.2826093037923177,895.6856840988431
2023-10-14,2023-10-14,4871.604166666667,0.0101687528625692,98.34644157836688,1975.3516757859504,0.3061853986906859,1930.55225321561,0.2652435302734375,4.297409971595002e-06,0.2524583333333333,0.2364166666666666,0.1210416666666666,0.052,0.2188620961071083,0.1137629476905959,0.0607323030656858,3.5812500000000003,4.229166666666667,5.3875,7.16875,0.0,786.49375,81.89166666666667,2.283333333333333,2023-10-14,0.2652435302734375,891.2153919733522
2023-10-15,2023-10-15,4780.583333333333,0.010222350842265,97.8320071627274,1996.921817080122,0.2906499658958812,1954.660928204416,0.2509943644205729,4.003749134691802e-06,0.2436666666666666,0.2326875,0.1219374999999999,0.0518958333333333,0.2136939423876642,0.1076509806959131,0.0574694319869749,3.422916666666667,3.764583333333333,4.604166666666667,6.65,1.1855,790.5625,73.53333333333333,3.6604166666666655,2023-10-15,0.2509943644205729,897.439551221404
2023-10-16,2023-10-16,4805.208333333333,0.0101719116110033,98.320665837408,1981.4246311282288,0.3018108887057153,1935.9220426090965,0.2621005588107639,4.353718728246918e-06,0.2369166666666666,0.2296041666666667,0.1208124999999999,0.051625,0.2093282847242448,0.1024880623700678,0.0547132101517126,4.104166666666667,4.1625000000000005,4.670833333333333,6.325,0.0,790.4916666666667,67.46041666666666,5.872916666666666,2023-10-16,0.2621005588107639,888.1972735582815
2023-10-17,2023-10-17,4984.8125,0.0099775060674847,100.23938069739106,1992.3842513631007,0.2936872372282275,1946.707025146072,0.2555595066236413,4.34774169100605e-06,0.23075,0.2266875,0.1232916666666666,0.0518125,0.2059345611865176,0.0984745737283449,0.0525706108829003,5.18125,5.120833333333334,5.264583333333333,6.304166666666667,0.0,785.9020833333334,62.5875,7.995833333333334,2023-10-17,0.2555595066236413,882.0751682895178
2023-10-18,2023-10-18,5061.25,0.009966151867608,100.34561568868752,2001.649218216373,0.2872854905494393,1958.351431595949,0.2488416035970052,4.093930474368705e-06,0.2243958333333333,0.2227708333333333,0.1256041666666666,0.052,0.2020892035706656,0.0939269731524535,0.0501428761766243,5.585416666666667,5.591666666666666,5.754166666666666,6.49375,0.0,785.5749999999999,55.38958333333333,8.049999999999999,2023-10-18,0.2488416035970052,881.8592785782234
2023-10-19,2023-10-19,4921.458333333333,0.0100907391152432,99.109125400007,2013.154381617556,0.2796323288230982,1968.2250287527877,0.2435465061918218,4.229076654246539e-06,0.2178125,0.2182708333333333,0.1275,0.052,0.1978639357789548,0.0889300828336782,0.0474752883249872,5.5062500000000005,5.570833333333333,5.83125,6.616666666666667,0.0,788.7916666666666,61.4,7.645833333333333,2023-10-19,0.2435465061918218,890.4726108484892
2023-10-20,2023-10-20,4992.416666666667,0.0099642405279965,100.3719158084064,2055.268108100241,0.2522997980738193,2019.1780793996288,0.2166976928710937,3.308687523990144e-06,0.2132916666666666,0.2135625,0.1291875,0.052,0.1944874373490511,0.0849369649657775,0.0453435639854429,5.0687500000000005,5.220833333333333,5.679166666666667,6.633333333333333,0.0,787.7729166666667,51.65625,7.258333333333333,2023-10-20,0.2166976928710937,885.501663552211
2023-10-21,2023-10-21,5234.083333333333,0.0097452566635964,102.62095319981198,2050.4032669379744,0.2554718965132555,2014.1278217094464,0.219329833984375,3.334306900254689e-06,0.2074583333333333,0.20925,0.1326458333333333,0.052,0.1909473956416195,0.0807504373874241,0.0431085879511288,4.960416666666666,5.039583333333334,5.454166666666667,6.529166666666666,0.0,783.1520833333334,49.41041666666666,7.460416666666667,2023-10-21,0.219329833984375,880.6367965740695
2023-10-23,2023-10-23,5503.479166666667,0.0095021263152049,105.2457371048774,2076.159752208815,0.2400468840664922,2036.6656705742864,0.2084761909816576,3.5905957119165474e-06,0.1959583333333333,0.2014375,0.1342083333333333,0.0520624999999999,0.183276531066703,0.0716787120387411,0.0382656510864538,5.177083333333333,5.216666666666667,5.547916666666667,6.420833333333333,0.0,776.5458333333332,49.95625,7.70625,2023-10-23,0.2084761909816576,885.2463094286996
2023-10-24,2023-10-24,5520.270833333333,0.0095377756888985,104.8520432532982,2074.957630749553,0.2407272194003073,2034.21938444838,0.2096595764160156,3.710274884924433e-06,0.1902708333333333,0.1975208333333333,0.1340416666666666,0.052125,0.1793005501365296,0.066976633591407,0.0357554484317302,5.041666666666667,5.133333333333334,5.4750000000000005,6.397916666666667,0.0,777.5,49.97291666666666,7.116666666666667,2023-10-24,0.2096595764160156,868.4749403011225
2023-10-25,2023-10-25,5481.916666666667,0.0095282012242073,104.96239778124205,2077.419069708268,0.2391340225635449,2035.425951808963,0.2089395725980718,3.821455567951555e-06,0.184875,0.1938333333333333,0.1346041666666666,0.0520416666666666,0.175661142468113,0.062672593743314,0.033457738520309,5.075,5.210416666666666,5.508333333333333,6.3500000000000005,0.0,779.2416666666667,57.21041666666667,6.529166666666666,2023-10-25,0.2089395725980718,866.1353363396646
2023-10-26,2023-10-26,5595.25,0.0094974404076065,105.30345637684836,2068.7852702403525,0.2442172451285428,2024.417616005538,0.2142236587849069,4.061353507800606e-06,0.1791249999999999,0.1898333333333333,0.1352916666666666,0.0522083333333333,0.1717812032861803,0.058084096282,0.0310081710284877,4.485416666666667,4.779166666666667,5.289583333333334,6.2875000000000005,0.0,777.3874999999999,47.58958333333334,7.933333333333334,2023-10-26,0.2142236587849069,884.3686497002043
2023-10-27,2023-10-27,5296.020833333333,0.0097250004623248,102.8351607821412,2012.7235643424208,0.2799252306728815,1962.932839635016,0.2464320970618206,4.696532416207758e-06,0.1804166666666666,0.1865208333333333,0.1355416666666666,0.05275,0.1713260154412649,0.0575457815886819,0.030720791949772,4.11875,4.414583333333334,4.966666666666667,6.1375,3.1072,781.2104166666667,86.53333333333335,3.095833333333333,2023-10-27,0.2464320970618206,886.4756721627734
2023-10-28,2023-10-28,5108.375,0.0099853528926933,100.17514037465683,1885.165009921704,0.3893975781464141,1833.0431771909605,0.3406399813565341,5.272028632745985e-06,0.2689375,0.2447083333333333,0.1687291666666666,0.0528333333333333,0.2376888210883029,0.1360278275586444,0.0726184000710571,3.9645833333333336,4.210416666666666,4.7375,5.966666666666666,5.5151997,778.4020833333334,83.55416666666666,3.8791666666666655,2023-10-28,0.3406399813565341,871.9783514213442
2024-06-25,2024-06-25,4582.229166666667,0.0104516704386298,95.68386245758956,1888.9067523024248,0.3817191632483321,1804.407098128752,0.3621016792629076,8.667496178449678e-06,0.2288125,0.2927708333333333,0.2976875,0.1566458333333333,0.2605546606511166,0.1630694490545046,0.0870545586394932,19.066666666666663,18.510416666666668,17.470833333333335,15.254166666666668,0.0,786.1145833333334,62.03333333333333,17.943749999999998,2024-06-25,0.3621016792629076,871.8295644145882
2024-06-26,2024-06-26,4570.270833333333,0.0104534138475385,95.66893314882677,1921.0448607330616,0.3517399411457306,1828.6303689622507,0.3406894259982639,9.360681276118544e-06,0.2313541666666666,0.2781041666666666,0.2887083333333333,0.15475,0.2551837019255559,0.1567176406055946,0.0836636482986013,19.92083333333333,19.060416666666665,17.849999999999998,15.59375,0.0,786.6374999999999,68.075,17.599999999999998,2024-06-26,0.3406894259982639,875.1928977711768
2024-06-27,2024-06-27,4601.0625,0.0104179681926102,95.99744354519584,1919.7230987817595,0.3533379524877093,1814.8326437024864,0.3530817446501358,1.0700152811674084e-05,0.2130833333333333,0.2604791666666666,0.2795416666666667,0.1529791666666666,0.2391505189056826,0.1377564620577332,0.0735412308909299,19.20425531914894,18.810416666666665,18.09583333333333,15.947916666666666,2.0051,783.69375,76.6875,16.945833333333333,2024-06-27,0.3530817446501358,873.7585866786674
2024-06-29,2024-06-29,4462.458333333333,0.0106049707251974,94.30921892069924,1891.3580537864111,0.3798582686915698,1798.0889228745189,0.3696512858072917,9.614398697246163e-06,0.2587291666666667,0.2828958333333333,0.2733125,0.1498541666666666,0.2666373559471217,0.1702629721008537,0.0908948179737455,18.972340425531915,18.447916666666668,17.566666666666666,15.90625,11.8508,785.7229166666666,71.50625000000001,18.13958333333333,2024-06-29,0.3696512858072917,892.6746931419192
2024-06-30,2024-06-30,4438.666666666667,0.0106281438164407,94.1029640407532,1894.210675096378,0.3764805184510411,1788.3243919963688,0.3785677823153409,1.097093301638868e-05,0.2382083333333333,0.2719583333333333,0.2696458333333333,0.1484583333333333,0.2527827124246009,0.1538781800591318,0.0821478034479576,20.258333333333333,19.55208333333333,18.38125,16.158333333333335,0.8039,788.0124999999999,68.33958333333334,19.47083333333333,2024-06-30,0.3785677823153409,881.823617879219
2024-07-03,2024-07-03,4585.5,0.0103950188833358,96.21567877113245,1884.8328282896896,0.3871677994718648,1812.3757628708825,0.356880365416061,7.410472841444618e-06,0.3401666666666667,0.3356874999999999,0.3135208333333333,0.147875,0.3290922111447567,0.2441233938970337,0.1303251739213156,17.864583333333332,17.631249999999998,17.266666666666666,16.164583333333333,0.6459,784.9625,69.88541666666667,15.20625,2024-07-03,0.356880365416061,903.7619144047324
2024-07-04,2024-07-04,4641.833333333333,0.0104080982238002,96.09048990833702,1918.066911759352,0.3547789144397926,1853.4020992624244,0.3202182345920139,6.45418906475637e-06,0.3179791666666666,0.3184583333333333,0.3041458333333333,0.1467291666666666,0.3113568930757825,0.2231492347364909,0.1191281276374022,16.925,16.962500000000002,16.860416666666666,16.010416666666668,0.0,786.6750000000001,60.82083333333333,14.460416666666667,2024-07-04,0.3202182345920139,902.9825537995843
2024-07-05,2024-07-05,4634.916666666667,0.0103500813163549,96.63230827356256,1942.0013830135615,0.3334901474675679,1884.4205777611528,0.2964647081163194,5.655614641192792e-06,0.2977291666666666,0.3014583333333333,0.2946249999999999,0.1456875,0.2945728532323742,0.2033000771593076,0.108531662988344,16.270833333333332,16.329166666666666,16.266666666666666,15.722916666666668,0.0,788.3874999999999,60.10416666666666,13.522916666666667,2024-07-05,0.2964647081163194,897.6007498095978
2024-07-06,2024-07-06,4799.0,0.0101773544042151,98.26724587187432,1965.556734986887,0.3143254173468965,1901.7098372052208,0.284210205078125,6.213021417404886e-06,0.2790833333333333,0.2869791666666666,0.2855833333333333,0.144,0.2794453900846845,0.1854100219304733,0.0989810643261644,16.429166666666667,16.214583333333334,15.94375,15.420833333333334,0.0,786.2770833333334,57.86041666666667,13.947916666666666,2024-07-06,0.284210205078125,889.3181493811912
2024-07-07,2024-07-07,4911.479166666667,0.0100833465101271,99.18308576781466,1987.2598297767572,0.2977453393456638,1926.6594988730712,0.2679914994673295,5.827734774315014e-06,0.2609791666666667,0.2749375,0.2763541666666667,0.1422708333333333,0.2653524514679926,0.1687434171119587,0.0900836041648212,17.01914893617021,16.875,16.308333333333334,15.341666666666669,0.0,784.2958333333332,55.05833333333334,15.245833333333332,2024-07-07,0.2679914994673295,888.1567162646104
2024-07-08,2024-07-08,4877.645833333333,0.0101286333073694,98.73981076935628,1991.7397140191729,0.294736590818721,1926.2987979046377,0.2682889612709603,6.29043701630485e-06,0.2426249999999999,0.2614583333333333,0.2669166666666667,0.140125,0.2506142529892582,0.1513137144457621,0.0807787645298005,17.119148936170212,17.056250000000002,16.516666666666666,15.402083333333332,0.0,785.65,58.99583333333334,14.597916666666668,2024-07-08,0.2682889612709603,892.1017937412602
2024-07-09,2024-07-09,4899.291666666667,0.0100998001951299,99.01982975404805,2021.967742347968,0.2736203617036544,1949.8195243327607,0.2537974481997282,6.849965055556901e-06,0.2288333333333333,0.2515624999999999,0.2585416666666666,0.1386041666666666,0.2393942252902326,0.1380446743400341,0.0736950928998817,17.617021276595743,17.2,16.520833333333332,15.427083333333334,0.0,786.4729166666666,60.36041666666667,15.210416666666667,2024-07-09,0.2537974481997282,888.7015647829381
2024-07-10,2024-07-10,4861.708333333333,0.0101639200255183,98.3938286171297,2029.3058657357856,0.268937203035187,1946.8476476986948,0.255615234375,7.842790920077843e-06,0.2166458333333333,0.2407708333333333,0.2519583333333333,0.1368125,0.2289250908040509,0.125663656298388,0.0670854914854386,17.93777777777778,17.84375,17.110416666666666,15.608333333333334,0.0,788.15,61.68958333333333,15.86875,2024-07-10,0.255615234375,890.1067876313201
2024-07-11,2024-07-11,4870.041666666667,0.0101095300190291,98.9240468391194,2068.370767589278,0.2452246475090204,1983.229392610742,0.2356755682762633,7.951138508242987e-06,0.2068541666666666,0.2310833333333333,0.24525,0.1354166666666666,0.2199241273682211,0.1150189281369246,0.0614028077129323,19.427659574468084,18.485416666666666,17.4375,15.785416666666668,0.0,788.1604166666666,65.89999999999999,17.01875,2024-07-11,0.2356755682762633,904.012873693113
2024-07-12,2024-07-12,4941.95652173913,0.0100108760184715,99.90345521015004,2074.217568201485,0.241408279843473,2000.8168958242736,0.2263086197224069,6.804109429812467e-06,0.1953181818181818,0.2196818181818182,0.2379772727272727,0.1331590909090909,0.2094190453684584,0.1025953978116903,0.0547705111332944,19.272727272727277,18.913636363636364,18.175,16.09090909090909,0.0,787.5833333333334,56.01875,18.539583333333333,2024-07-12,0.2263086197224069,875.7609874994247
2024-07-13,2024-07-13,4991.770833333333,0.0100275455306029,99.73131964132972,2098.1750275720065,0.2280599959091015,2018.2629984180307,0.2174201117621527,7.333182365946755e-06,0.1850416666666666,0.2067916666666666,0.227875,0.1295416666666666,0.1984655260694526,0.089641536130048,0.0478550973760829,20.5375,19.570833333333333,18.441666666666663,16.379166666666666,0.0,788.53125,49.71666666666667,18.241666666666667,2024-07-13,0.2174201117621527,872.738023337774
2024-07-14,2024-07-14,4965.520833333333,0.0100417630470104,99.5907418612416,2086.822345525888,0.2339843491407765,2007.404598817924,0.2226685868932846,7.329567120455621e-06,0.177,0.19825,0.22075,0.1275,0.1905697968340918,0.0803038811172114,0.0428701940690346,21.58125,20.560416666666665,19.1375,16.73125,0.0,789.1895833333333,47.35833333333333,20.008333333333333,2024-07-14,0.2226685868932846,872.4824698433916
2024-07-15,2024-07-15,5011.854166666667,0.0099716202864414,100.29056869098638,2099.1173490610945,0.2271113333126725,2004.8511165686184,0.2238334493434175,8.709841624282062e-06,0.1675416666666666,0.18875,0.2127083333333333,0.1252083333333333,0.1815287617193438,0.0696117633477245,0.0371622113736798,20.285416666666663,19.83125,19.15625,17.1125,0.1496,788.15,55.60833333333333,18.316666666666663,2024-07-15,0.2238334493434175,868.4654533203185
2024-07-16,2024-07-16,5010.875,0.0100048418671758,99.95767451398268,2089.5418685506525,0.232842417170457,1990.0683902676544,0.2316615327875665,9.250950071257909e-06,0.162875,0.1830416666666666,0.2070833333333333,0.1233333333333333,0.1764149216708373,0.0635640288395643,0.033933630781611,19.7125,19.25,18.641666666666666,17.056250000000002,1.5867,787.2291666666666,70.84166666666667,16.133333333333333,2024-07-16,0.2316615327875665,867.3836956837388
2024-07-17,2024-07-17,5004.979166666667,0.0099674349813807,100.33830662603742,2096.5202695244125,0.2287322157114201,2010.5868124650672,0.2211206314411569,7.91480286013491e-06,0.1592916666666666,0.17775,0.20325,0.12125,0.172252612353432,0.058641594533106,0.0313057912416773,19.664583333333333,18.897916666666667,18.152083333333334,16.900000000000002,0.31,788.63125,66.21666666666667,15.708333333333334,2024-07-17,0.2211206314411569,869.0507795217892
2024-07-18,2024-07-18,5088.854166666667,0.0099032496626367,100.9866078941216,2117.206624567292,0.2176491594684627,2025.7470378259811,0.2135523015802556,8.35572401734289e-06,0.1544166666666666,0.1714583333333333,0.1995416666666667,0.118625,0.1671648039041085,0.0526246455401727,0.0280936454843131,20.065217391304348,19.37708333333333,18.51875,16.86875,0.0,788.4499999999999,59.39166666666667,17.258333333333333,2024-07-18,0.2135523015802556,865.0082375200757
2024-07-19,2024-07-19,5043.375,0.0100266511517223,99.74615419386838,2088.456167355635,0.2336375634161972,1981.9785921163984,0.2371456065076462,9.981240217384163e-06,0.1505,0.1664166666666666,0.19275,0.115625,0.162388133853269,0.046975655343658,0.0250779343798251,19.625,19.39375,18.829166666666666,17.03125,0.77129996,788.9604166666667,68.51666666666667,16.908333333333335,2024-07-19,0.2371456065076462,885.6469108146372
2024-07-20,2024-07-20,4800.25,0.0101726426881118,98.31717819207996,2012.891611793637,0.2796331282846974,1925.0882731960892,0.2689553118766622,8.451573266799397e-06,0.1717499999999999,0.1663333333333333,0.188875,0.2437916666666666,0.1747757564903722,0.061625517714374,0.0328987574107886,18.216666666666665,18.022916666666667,17.65625,16.402083333333334,5.5271,788.8333333333334,75.53333333333333,15.95,2024-07-20,0.2689553118766622,885.1405204103604
2024-07-21,2024-07-21,4898.979166666667,0.0101210732829077,98.81238371692788,2009.963196426098,0.2816824929799256,1932.3791122578436,0.2644513448079427,7.438794962740599e-06,0.1730416666666666,0.1682916666666667,0.1858333333333333,0.3712083333333333,0.1787314988299881,0.0663036615799945,0.03539618259886,18.316666666666663,17.84375,17.091666666666665,15.3375,0.0,787.7333333333332,58.60833333333333,16.675,2024-07-21,0.2644513448079427,880.0853937751292
2024-07-22,2024-07-22,4932.520833333333,0.0100485384431589,99.53084772411344,2016.2926500706983,0.2775367512170855,1945.5745569619628,0.2567210095994016,6.738790685831954e-06,0.164875,0.1662916666666666,0.2067916666666666,0.38875,0.1784112431347945,0.0659249204772449,0.0351939918161617,17.726086956521737,17.239583333333332,16.412499999999998,14.7125,0.0,787.3333333333334,57.525,15.458333333333334,2024-07-22,0.2567210095994016,885.2008746753594
2024-07-23,2024-07-23,4942.25,0.010079930663217,99.21377840782588,2033.6830106965097,0.2657563965976303,1961.74509320468,0.2469268149517952,6.7951858793244855e-06,0.157375,0.1638333333333333,0.2725416666666667,0.347375,0.1846314468406233,0.0732810638533979,0.0391210659469254,17.849999999999998,17.077083333333334,16.099999999999998,14.4,0.0,787.6395833333332,57.75,15.566666666666668,2024-07-23,0.2469268149517952,888.0534180234289
2024-07-24,2024-07-24,4833.333333333333,0.0101951500149046,98.09135868539744,2061.386164399986,0.2488075050726707,1976.2600556503064,0.2390571756565824,7.984271733117629e-06,0.152375,0.1622916666666666,0.277875,0.2144166666666666,0.1793603563602856,0.0670473616861032,0.0357932065961374,18.18958333333333,17.3625,16.3,14.61875,0.0,789.5708333333333,58.68333333333334,16.358333333333334,2024-07-24,0.2390571756565824,899.257101444162
2024-07-25,2024-07-25,4800.083333333333,0.0101859691569211,98.18367516276597,2033.948970963388,0.2658940881415773,1950.328054674824,0.2536861338513962,7.940615845133067e-06,0.1505,0.1615833333333333,0.2708333333333333,0.1995,0.17663640025594,0.0638259540599934,0.0340734594533408,18.78333333333333,17.837500000000002,16.695833333333333,14.9625,0.91429996,789.7020833333332,59.49166666666667,17.775000000000002,2024-07-25,0.2536861338513962,877.6964131448824
2024-07-26,2024-07-26,4894.833333333333,0.0100909280933492,99.10632284822,2035.2394786588704,0.2645395627816223,1936.6318226602136,0.2614401112432065,9.433859881221485e-06,0.1480416666666666,0.161375,0.262375,0.1927083333333333,0.1737670390698739,0.0604325873342556,0.0322619120155844,18.67872340425532,18.21875,17.325,15.33125,0.46089998,786.84375,59.775,18.466666666666665,2024-07-26,0.2614401112432065,898.1979943165011
2024-07-27,2024-07-27,4880.9375,0.0100962604227671,99.0698599311126,1988.5446586574117,0.2971029681904942,1895.4866703330165,0.289105733235677,9.105212669987955e-06,0.15825,0.1628333333333333,0.2691666666666666,0.189125,0.1800886547393212,0.067908662625779,0.0362530117502849,17.74468085106383,17.439583333333335,16.820833333333333,15.5125,4.2560997,783.4958333333334,70.74166666666666,17.016666666666666,2024-07-27,0.289105733235677,902.2748356365995
2024-07-28,2024-07-28,5130.083333333333,0.0098563909227336,101.46516724701652,2053.781318594029,0.2533399457504815,1988.4902960434908,0.2326507568359375,6.098144642806151e-06,0.168625,0.1662083333333333,0.2619583333333333,0.1849999999999999,0.1846532169924475,0.0733068096915912,0.0391348103521081,17.928260869565218,17.510416666666668,16.76875,15.5,0.1489,781.9458333333333,51.625,17.724999999999998,2024-07-28,0.2326507568359375,904.1918268356076
2024-07-29,2024-07-29,5157.0,0.009840364539268,101.6321859497564,2092.9824574042887,0.2306159891968544,2037.1476669467936,0.2083295186360677,5.0776816644338665e-06,0.1634583333333333,0.16525,0.2541666666666666,0.1805833333333333,0.1804554264037322,0.0683424144894341,0.0364845700051787,17.227272727272727,16.945833333333333,16.439583333333335,15.4625,0.0,784.8000000000001,43.54166666666666,16.541666666666668,2024-07-29,0.2083295186360677,901.3626418775268
2024-07-30,2024-07-30,5147.666666666667,0.0098752582502495,101.269524428272,2101.260187454889,0.2261954713434751,2044.4240810315705,0.2050555685292119,5.149165311500306e-06,0.1565833333333333,0.163375,0.24525,0.1765,0.1749693673851557,0.061854486019685,0.0330209920468707,17.49772727272727,17.15625,16.458333333333332,15.33125,0.0,784.8208333333333,41.29166666666666,16.5,2024-07-30,0.2050555685292119,891.5199415218788
2024-07-31,2024-07-31,5079.979166666667,0.009961297342269,100.39463705727508,2090.690791370459,0.2316890971353398,2036.693147478268,0.208358101222826,4.910010388557086e-06,0.1509583333333333,0.1609583333333333,0.2374583333333333,0.1719583333333333,0.1700668971505164,0.0560567218870514,0.0299258580374732,17.7,17.245833333333334,16.547916666666666,15.325,0.0,785.4916666666667,43.125,16.141666666666666,2024-07-31,0.208358101222826,884.6975457676454
2024-08-01,2024-08-01,4879.729166666667,0.0101384368892845,98.64087818046607,2133.5613877615824,0.2091142169012243,2078.948129166686,0.1897074381510416,4.864614233220803e-06,0.146375,0.1589166666666666,0.2282499999999999,0.1688333333333333,0.1655594045290103,0.0507260665646736,0.0270800898752606,17.884444444444444,17.335416666666667,16.572916666666668,15.34375,0.0,788.9708333333333,41.30833333333333,16.566666666666666,2024-08-01,0.1897074381510416,887.6790465609098
2024-08-02,2024-08-02,4811.708333333333,0.0101898782556906,98.14729512066587,2143.556169888106,0.2041134376387238,2075.7918861862354,0.1911250986951462,6.051913605914734e-06,0.1433333333333333,0.1569583333333333,0.2202916666666666,0.1647083333333333,0.1619884981055595,0.0465030377257442,0.0248256276579266,18.88888888888889,18.1,17.039583333333333,15.5125,0.0,790.7583333333333,43.09166666666667,18.1,2024-08-02,0.1911250986951462,891.8194151815411
2024-08-03,2024-08-03,4913.083333333333,0.0100662131464354,99.35495958076226,2151.1807832211152,0.2004649407520226,2079.483870086128,0.1896163277004076,6.391192148284762e-06,0.14075,0.155,0.2122916666666666,0.161,0.1586331335212335,0.0425349131869227,0.0227072459968824,19.71489361702128,18.772916666666667,17.641666666666666,15.775,0.0,789.0104166666666,42.71666666666667,18.941666666666663,2024-08-03,0.1896163277004076,892.7401387638392
2024-08-04,2024-08-04,5000.6875,0.0100913420759055,99.1292289222588,2114.6187715426063,0.2203543527712062,2017.2951249988807,0.2203191121419271,8.983384731723405e-06,0.13895,0.15335,0.20415,0.15675,0.1557053459886906,0.039072450238303,0.0208588115688189,21.29,19.74,18.2775,16.31,0.0,786.7083333333334,45.74166666666667,20.625,2024-08-04,0.2203191121419271,898.4983557305569
2024-08-05,2024-08-05,4604.666666666667,0.0104008346357232,96.16076143220914,2022.210419353144,0.2743022944018939,1917.5821233259032,0.2748921712239583,1.0118438579904428e-05,0.147,0.1520833333333333,0.1986666666666666,0.1534583333333333,0.1579606081637616,0.0417395705924307,0.0222826526783169,20.116666666666667,19.69375,18.72083333333333,16.65625,5.325,788.5166666666668,77.55833333333334,17.466666666666665,2024-08-05,0.2748921712239583,911.9210336825985
2024-08-06,2024-08-06,4706.416666666667,0.010285560066749,97.23406343882348,2057.500056509945,0.2513688432053537,1957.7955966852733,0.2493464152018229,9.427155887407202e-06,0.1540833333333333,0.153,0.1952916666666666,0.151,0.1608926960036199,0.0452071191746839,0.0241338020698143,20.77446808510638,19.947916666666668,18.8125,16.8875,0.599,789.2520833333333,60.025,19.141666666666666,2024-08-06,0.2493464152018229,910.0941424981439
2024-08-07,2024-08-07,4834.5,0.0101494672444405,98.54760076917036,2078.609255399257,0.239426308843569,1979.9138505873048,0.2375144146858377,9.228949548876375e-06,0.15125,0.1536249999999999,0.192375,0.1473333333333333,0.1591836703006449,0.0431859895301943,0.0230548228362766,21.28085106382979,20.5625,19.335416666666667,17.181250000000002,1.392,787.6479166666667,59.05,19.383333333333333,2024-08-07,0.2375144146858377,898.5954518718949
2024-08-08,2024-08-08,4925.208333333333,0.0100827422307567,99.18594785295453,2092.6627891532708,0.2310059539007048,1992.5273302067703,0.2301966890375665,9.302897923982184e-06,0.1446666666666666,0.1516666666666666,0.1884166666666666,0.1435833333333333,0.1546856919983149,0.0378665860412444,0.0202150614607345,19.17659574468085,19.13958333333333,18.85625,17.40625,1.2890999,786.63125,70.89999999999999,15.441666666666668,2024-08-08,0.2301966890375665,901.5805085100976
2024-08-09,2024-08-09,4846.5,0.0101953043721117,98.0914261356534,2071.2845809257683,0.2430058407036381,1968.7071784175437,0.2431131998697916,9.647589769175744e-06,0.1446666666666666,0.1505416666666666,0.1852916666666666,0.1416666666666666,0.1537097459523296,0.0367124117760302,0.0195989060016104,17.985416666666666,18.054166666666667,18.0625,17.1875,0.0,786.9416666666666,73.575,15.975,2024-08-09,0.2431131998697916,905.9951740302575
2024-08-10,2024-08-10,4785.104166666667,0.0102334900730882,97.73425141476058,2066.8706201374653,0.2458359403106906,1969.5819567882645,0.2429982060971467,9.15043775797747e-06,0.1468333333333333,0.1501249999999999,0.1831666666666666,0.1394583333333333,0.1541435360597988,0.0372254210562103,0.019872775795879,17.25744680851064,17.129166666666666,17.060416666666665,16.80625,6.3339,788.5479166666668,78.38333333333334,14.666666666666666,2024-08-10,0.2429982060971467,908.2442576469401
2024-08-11,2024-08-11,4437.479166666667,0.0106796889681322,93.64418332957162,1925.912372174612,0.3463834498114848,1827.9909992913456,0.340296319190492,9.92415925401396e-06,0.1865,0.16125,0.213375,0.1380833333333333,0.1815290543633188,0.0696121094346278,0.0371623961320315,16.517021276595745,16.608333333333334,16.697916666666668,16.50208333333333,8.0432,788.30625,78.09166666666667,15.458333333333334,2024-08-11,0.340296319190492,897.0208480299734
2024-08-12,2024-08-12,4490.4375,0.0105152787231639,95.1145148669386,1964.2935702873976,0.3155521296445095,1872.3800919584887,0.305534031080163,9.092922169651044e-06,0.2214583333333333,0.1810833333333333,0.2107083333333333,0.138,0.2039031197307309,0.0960721484516575,0.0512880771321639,17.902083333333334,17.40625,16.933333333333334,16.266666666666666,2.0823998,787.525,66.47500000000001,16.775000000000002,2024-08-12,0.305534031080163,896.2064416805143
2024-08-13,2024-08-13,4561.583333333333,0.0105008263267738,95.2362475365828,2027.3586398534496,0.2782099648075877,1917.8996639871311,0.2814178466796875,1.056952697929649e-05,0.2110833333333333,0.1842916666666666,0.2053749999999999,0.1376666666666667,0.1992269352442389,0.0905419945913035,0.0483358067571,16.583333333333332,16.756249999999998,16.941666666666666,16.391666666666666,0.8707,786.1895833333333,84.22500000000001,14.458333333333334,2024-08-13,0.2814178466796875,916.4212531631423
2024-08-16,2024-08-16,4774.625,0.010212914353446,97.923246667107,2101.257051686183,0.2388844236692509,2022.8187389301252,0.225836435953776,7.160309722796299e-06,0.21325,0.1994583333333333,0.1965,0.1316666666666666,0.2036042859346586,0.0957187413361496,0.0510994108881864,17.317021276595746,17.014583333333334,16.587500000000002,15.9625,0.0343,786.4770833333333,59.458333333333336,16.541666666666668,2024-08-16,0.225836435953776,912.3482949320622
2024-08-17,2024-08-17,4797.229166666667,0.0102655088153838,97.42395852104032,2038.7917706216876,0.2629456966152262,1955.8818283807836,0.2508328755696614,7.862711362432264e-06,0.1958333333333333,0.1914166666666666,0.192875,0.1296666666666666,0.1921508666522143,0.0821736874482997,0.043868389413644,16.37608695652174,16.479166666666668,16.400000000000002,16.022916666666667,0.0,787.7604166666666,57.44166666666666,15.9,2024-08-17,0.2508328755696614,910.3418458956204
2024-08-18,2024-08-18,4535.958333333333,0.0105155952119471,95.10495866672528,2002.563628709079,0.2870749687394875,1900.861881480553,0.2849660021193484,9.908075837479004e-06,0.1932083333333333,0.1859166666666666,0.1909166666666666,0.1275833333333333,0.1886924815334646,0.0780837286645323,0.0416849665907976,18.516666666666666,17.945833333333333,17.016666666666666,15.975,3.8693998,789.5229166666667,74.77499999999999,16.583333333333332,2024-08-18,0.2849660021193484,920.837156129912
2024-08-19,2024-08-19,4625.625,0.0103617992884054,96.5191969839998,2034.1439828545824,0.2659519430147016,1938.7081083337468,0.2608121236165364,9.117623590992113e-06,0.194125,0.1817083333333333,0.188875,0.1255833333333333,0.1872952929526972,0.076431384141793,0.0408028631435763,18.08125,17.837500000000002,17.49375,16.460416666666664,2.1538,789.6395833333332,69.70833333333333,16.733333333333334,2024-08-19,0.2608121236165364,917.9463117986392
2024-08-20,2024-08-20,4713.291666666667,0.0102771806384079,97.31288174963672,2043.325954357376,0.260128279974898,1945.906325097009,0.256256103515625,9.267312279780744e-06,0.1853333333333333,0.1785,0.186875,0.1234583333333333,0.1817409841246373,0.0698627420157557,0.037296196232892,17.96808510638298,17.835416666666667,17.279166666666665,16.5625,2.3813,789.8958333333334,73.44166666666666,15.408333333333331,2024-08-20,0.256256103515625,912.3880733409392
2024-08-21,2024-08-21,4678.770833333333,0.0103609641355706,96.5439921415816,1996.260593632292,0.2927498997959711,1892.3015735023343,0.2926597595214844,1.0190970889463502e-05,0.1885,0.1761249999999999,0.1865833333333333,0.1217499999999999,0.1823163079516022,0.0705431320413917,0.0376594221696195,17.71063829787234,17.645833333333332,17.347916666666666,16.61875,2.5569,789.0229166666667,75.16666666666667,16.033333333333335,2024-08-21,0.2926597595214844,929.6155664689063
2024-08-22,2024-08-22,4609.354166666667,0.010469632882042,95.5230806894008,1936.9619302130936,0.3377131596553069,1831.262823512383,0.338293711344401,1.069220316206568e-05,0.2282083333333333,0.1836666666666666,0.1922083333333333,0.12,0.20418381686401,0.0964041067693154,0.0514652929441875,17.01875,17.10625,17.24375,16.68125,11.0227995,788.03125,85.175,14.933333333333332,2024-08-22,0.338293711344401,913.3017342383264
2024-08-23,2024-08-23,4521.5,0.0105341590216486,94.93747158315313,1913.330850314356,0.3578497758549079,1812.5211955066115,0.3545160708220108,1.0308194561323028e-05,0.2575833333333333,0.2245,0.1955,0.12,0.2320669950328825,0.1293793381433039,0.0690691067176568,15.964583333333332,16.114583333333332,16.45,16.58125,2.6562998,786.5812500000001,87.64166666666667,13.95,2024-08-23,0.3545160708220108,923.2360742904078
2024-08-27,2024-08-27,4406.895833333333,0.0106438911030811,93.9587787114781,1895.7681733699496,0.3744087286319114,1825.9191516814851,0.3423945109049479,7.083885559387299e-06,0.2978333333333333,0.3095833333333333,0.2480416666666667,0.1179583333333333,0.2884456643025732,0.1960539350083427,0.1046633129666277,14.9625,15.0125,15.064583333333331,15.33125,0.1617,790.0604166666667,69.375,13.408333333333331,2024-08-27,0.3423945109049479,882.9070525895676
2024-08-28,2024-08-28,4551.291666666667,0.010428248670314,95.91302249751398,1909.4710911185207,0.3624800031737979,1837.8429885841044,0.3330612182617187,7.216575072568202e-06,0.2864583333333333,0.2964166666666666,0.2492083333333333,0.11725,0.2789473606299919,0.1848210418507964,0.0986666375516765,15.0625,15.1,15.135416666666666,15.2875,0.0,787.4125,65.325,14.008333333333333,2024-08-28,0.3330612182617187,895.440031859624
2024-08-29,2024-08-29,4656.9375,0.0103794308864369,96.35162568991583,1963.1608902857072,0.3167784327118441,1887.290063878603,0.2947433147024601,7.441160597653653e-06,0.2751666666666666,0.284375,0.2483333333333333,0.116,0.2694920381409204,0.1736389791424326,0.0926970979512184,15.995833333333332,15.9125,15.610416666666666,15.35625,0.0,786.0770833333332,63.91666666666666,14.433333333333332,2024-08-29,0.2947433147024601,908.0180640711569
2024-08-30,2024-08-30,4614.958333333333,0.0103976159736893,96.18650535330158,1972.9824228802568,0.3085263872196787,1909.8380733750512,0.2788543701171875,6.121451592728162e-06,0.26475,0.27225,0.2449166666666666,0.116,0.2599985542672262,0.1624117859801493,0.0867034654764056,15.008333333333333,15.260416666666666,15.408333333333331,15.45,0.0,789.4395833333333,68.125,12.325,2024-08-30,0.2788543701171875,897.1326500751137
2024-08-31,2024-08-31,4622.791666666667,0.0104215866012002,95.96137698414265,1962.8565490524284,0.3165689160596432,1906.3068878416236,0.2813601286514945,5.491702218496345e-06,0.2525416666666666,0.2599166666666667,0.24125,0.1144583333333333,0.2495221718652033,0.1500221964011987,0.0800892881502806,14.63125,14.997916666666669,15.208333333333334,15.3,0.8142,789.8625000000001,56.59166666666667,13.15,2024-08-31,0.2813601286514945,890.5833007313664
2024-09-01,2024-09-01,4680.63829787234,0.0102945929640639,97.14994732129276,2012.5791296913776,0.2802211587235072,1945.173877435736,0.2568425717561141,6.415369930749649e-06,0.2435416666666666,0.2485833333333333,0.2376666666666666,0.114,0.2409094708193903,0.1398366354862767,0.0746517306244203,15.26875,15.295833333333334,15.170833333333334,15.20625,0.0,789.3957446808511,54.77446808510639,14.753191489361702,2024-09-01,0.2568425717561141,901.4445195657079
2024-09-02,2024-09-02,4759.104166666667,0.0102604546544458,97.46955477970344,2014.3848871830996,0.2786020261923433,1939.8876465395535,0.2598425823709239,7.116150534813669e-06,0.233,0.2384583333333333,0.2329583333333333,0.1135416666666666,0.2317900867155244,0.1290518605588276,0.0688942829432085,15.395833333333334,15.516666666666666,15.402083333333332,15.2375,0.0,789.49375,61.583333333333336,13.858333333333334,2024-09-02,0.2598425823709239,890.326117973484
2024-09-03,2024-09-03,4750.6875,0.0102349256758699,97.71555194118952,2023.3341432391844,0.2729401716557098,1948.9064917727728,0.254547119140625,7.069243655214584e-06,0.2229583333333333,0.2284583333333333,0.2282499999999999,0.112,0.2229167156294393,0.1185580257865216,0.0632921535447487,15.172916666666666,15.245833333333332,15.15,15.21875,0.0,788.2937499999999,68.14166666666667,13.35,2024-09-03,0.254547119140625,895.1089251930048
2024-09-04,2024-09-04,4777.125,0.010285845412717,97.2331085556175,2032.0302133077944,0.2673038938448412,1956.0647490152,0.2505917756453804,7.1945642138002464e-06,0.2123499999999999,0.2189,0.22395,0.112,0.2140400370830048,0.1080602795422299,0.0576879360085703,13.645,14.095,14.78,15.2275,0.0,788.85,67.43333333333334,12.516666666666666,2024-09-04,0.2505917756453804,895.3741949974522
2024-09-05,2024-09-05,4541.0,0.0105122824130807,95.13144720451766,2039.1056955094828,0.2625557683438343,1962.3177508460249,0.246795654296875,7.248585682683985e-06,0.2075416666666666,0.2129583333333333,0.2209583333333333,0.1100833333333333,0.2092446124198482,0.1023891097477964,0.0546603843348106,13.747916666666669,14.08125,14.329166666666666,14.95,1.5774,791.3625000000001,70.18333333333334,12.9,2024-09-05,0.246795654296875,895.9145201415755
2024-09-06,2024-09-06,4525.541666666667,0.0104884601665823,95.35273893366129,2059.071856090972,0.2502847158806929,1989.2352332572648,0.2320200602213541,6.498447352487917e-06,0.200375,0.2053749999999999,0.2165416666666666,0.1096666666666666,0.2025934804376988,0.0945233415530088,0.0504612472031893,12.952083333333334,13.422916666666666,13.83125,14.6625,0.0,792.0604166666667,65.8,12.375,2024-09-06,0.2320200602213541,897.7833877081314
2024-09-07,2024-09-07,4613.125,0.0103778536467962,96.3729877864148,2079.2083105637307,0.2388069110193191,2002.2355746424728,0.2256443189538043,7.118786408251867e-06,0.194,0.1983333333333333,0.212125,0.1081249999999999,0.1964621736051688,0.0872723294839005,0.0465902973776651,13.052083333333334,13.314583333333331,13.61875,14.375,0.0,789.3583333333332,65.85000000000001,13.075,2024-09-07,0.2256443189538043,899.4732708696869
2024-09-08,2024-09-08,4734.4375,0.0102831986506204,97.25328990527466,2090.6024005277222,0.2318941233463145,2018.1984268446809,0.217310479346742,6.645935293524602e-06,0.1885833333333333,0.192875,0.2093749999999999,0.108,0.1916351415093957,0.0815637800766639,0.0435427906129086,13.058333333333332,13.3875,13.5875,14.141666666666666,0.0,787.1520833333334,65.97500000000001,12.491666666666667,2024-09-08,0.217310479346742,910.5245611270335
2024-09-09,2024-09-09,4730.375,0.0102914117776173,97.1730275022136,2122.4812746986554,0.2147126216084756,2051.5157168779847,0.2015838623046875,6.404994190125182e-06,0.1904166666666666,0.188375,0.207,0.1075416666666666,0.1905451917256345,0.0802747825998384,0.042854659837444,13.066666666666668,13.314583333333331,13.529166666666669,14.058333333333332,0.2528,787.3000000000001,62.40833333333333,13.075,2024-09-09,0.2015838623046875,914.5766784018466
2024-09-10,2024-09-10,4759.708333333333,0.0102356617889984,97.70562019279411,2115.688350239081,0.2182909315249588,2040.4875801291205,0.2067738408627717,6.829928590596064e-06,0.1886666666666666,0.1844583333333333,0.2035833333333333,0.106,0.187780382571829,0.0770050613005126,0.0411091204599741,13.272916666666667,13.529166666666669,13.695833333333333,14.041666666666666,0.0,786.225,62.74166666666667,13.1,2024-09-10,0.2067738408627717,901.3567419172788
2024-09-11,2024-09-11,4883.1875,0.0100449321178072,99.57913696540643,2090.3653735349767,0.2321160885252153,2018.8403703891388,0.2170867919921875,6.561657929883192e-06,0.1855833333333333,0.1810833333333333,0.200625,0.105875,0.1846963284956223,0.0733577942595432,0.0391620284428432,13.083333333333334,13.297916666666666,13.577083333333334,14.033333333333331,2.1608,782.63125,63.39166666666667,13.175,2024-09-11,0.2170867919921875,910.0906942708974
2024-09-12,2024-09-12,5245.0,0.0097266606406798,102.819725907121,2104.556313831835,0.2255116124250335,2050.5136833584424,0.2031178575880984,4.879628616386163e-06,0.1809583333333333,0.1766666666666666,0.1976666666666666,0.104,0.1805043212281551,0.0684002385344039,0.0365154393479206,12.570833333333333,12.916666666666666,13.295833333333334,13.825,0.3557,776.3312500000001,44.55833333333334,15.625,2024-09-12,0.2031178575880984,891.1538262166755
2024-09-13,2024-09-13,5182.125,0.0098810928109614,101.215462600573,2157.039383601971,0.1981481697365419,2106.045054421208,0.1791648053108377,4.486980453174837e-06,0.1746666666666666,0.1713333333333333,0.1935,0.1034583333333333,0.1750540763062682,0.0619546645666285,0.0330744723231571,11.854166666666666,12.364583333333334,12.8625,13.71875,0.0,779.9666666666667,42.31666666666667,13.775,2024-09-13,0.1791648053108377,903.0832015167236
2024-09-14,2024-09-14,5030.458333333333,0.0099876543995282,100.13073727272004,2143.439162791367,0.2043460231632362,2092.7167228821704,0.1841536812160326,4.489182974606038e-06,0.168375,0.1665416666666666,0.1896666666666666,0.1017083333333333,0.1698135073322367,0.055757057772904,0.029765882472777,10.277083333333334,10.9875,11.870833333333332,13.34375,0.0,784.2062500000001,52.15833333333333,10.883333333333333,2024-09-14,0.1841536812160326,902.6235841445125
2024-09-15,2024-09-15,5029.666666666667,0.009976031620855,100.2486519021507,2153.980935107828,0.1993065551633158,2088.233069277232,0.1862968282496675,5.844930818304868e-06,0.1641666666666666,0.1635,0.1866666666666666,0.1000416666666666,0.1662737098975655,0.0515708190766409,0.0275310606580486,10.104166666666666,10.5625,11.375,12.8375,0.0,784.125,59.88333333333333,9.866666666666667,2024-09-15,0.1862968282496675,899.1409588574411
2024-09-16,2024-09-16,4997.020833333333,0.0100136740678312,99.86979019824616,2136.8324082795702,0.2076126345201889,2052.5895724076577,0.2013958870096409,7.609247385007971e-06,0.1626666666666666,0.162625,0.18525,0.1,0.1650350703077832,0.0501059779163297,0.0267490558041214,10.922916666666666,11.025,11.370833333333332,12.55625,1.7155,782.4625,75.13333333333334,10.658333333333331,2024-09-16,0.2013958870096409,908.8535002641837
2024-09-17,2024-09-17,4748.041666666667,0.0103275609142026,96.84477751793244,1997.949112773256,0.2909888783068644,1914.519903526448,0.2766703287760416,8.075613787854487e-06,0.1894583333333333,0.1683333333333333,0.1913333333333333,0.1,0.1804298744687943,0.0683121962352047,0.0364684380025255,11.1625,11.466666666666669,11.829166666666666,12.58125,1.7513,779.9666666666667,95.05,9.366666666666667,2024-09-17,0.2766703287760416,924.6449675927607
2024-09-18,2024-09-18,4684.354166666667,0.0103296215952264,96.81611563149605,2002.4970868432729,0.2871472238563895,1953.0421717649783,0.252166748046875,4.687066786567293e-06,0.2750416666666667,0.2083333333333333,0.2010833333333333,0.1,0.2352046817589551,0.1330900322809916,0.0710500592644124,9.03125,9.741666666666667,10.858333333333334,12.4625,10.4794,779.7395833333334,59.98333333333333,9.358333333333333,2024-09-18,0.252166748046875,918.6928747595299
2024-09-19,2024-09-19,4642.854166666667,0.0103795724094489,96.35038290467604,2007.857633095136,0.2830872903365058,1954.5381344082405,0.2510299682617187,5.049679034251008e-06,0.26,0.2145416666666666,0.1937083333333333,0.1,0.2290225663811507,0.1257789329604927,0.0671470318843248,8.429166666666667,8.964583333333334,9.947916666666666,11.875,0.0,782.5895833333334,63.875,9.008333333333333,2024-09-19,0.2510299682617187,911.3513634438501
2024-09-20,2024-09-20,4710.041666666667,0.0102888047608855,97.20444811919056,2026.4541038563127,0.2705717328549222,1968.7842803540543,0.2430836070667613,5.427439811855216e-06,0.2505416666666666,0.215125,0.191125,0.0997083333333333,0.2243753354827253,0.1202830202207104,0.0642130411174645,9.452083333333333,9.647916666666667,10.1375,11.525,1.1310999,781.975,60.975,11.383333333333333,2024-09-20,0.2430836070667613,914.2927076472018
2024-09-21,2024-09-21,4715.886363636364,0.010363235053526,96.56027660204091,2006.318596488981,0.2894936391099447,1944.9368837815705,0.2622778060588431,5.872925974390997e-06,0.2467555555555555,0.2138222222222222,0.1939111111111111,0.0992444444444444,0.2226631096000746,0.11825810597661,0.0631320414769735,8.58,9.155555555555557,10.035555555555556,11.426666666666668,0.0,781.2355555555555,70.35555555555555,8.04888888888889,2024-09-21,0.2622778060588431,914.8557244269945
2024-09-22,2024-09-22,4317.166666666667,0.0107368953818879,93.1480945347464,1901.9243086265292,0.3690385371024214,1835.52396692932,0.334509531656901,6.696305145608866e-06,0.318,0.2928333333333333,0.244125,0.0997916666666666,0.2910170440129916,0.1990949025905849,0.1062867322658529,9.408333333333331,9.329166666666667,9.758333333333333,11.16875,20.355299,784.2791666666667,86.00833333333333,7.508333333333333,2024-09-22,0.334509531656901,892.3529692951637
2024-09-23,2024-09-23,4427.0,0.010610966736653,94.25423111556968,1934.094040905862,0.3402630715549457,1873.1792432884768,0.3046455383300781,6.016426559158737e-06,0.3045416666666666,0.2915,0.2360833333333333,0.1025833333333333,0.2829919589857348,0.1896042687049133,0.1012201612501501,9.260416666666666,9.654166666666669,10.141666666666667,11.15625,1.3776,784.7666666666668,77.8,8.208333333333334,2024-09-23,0.3046455383300781,897.1698443944488
2024-09-24,2024-09-24,4493.8125,0.0105400023047086,94.88420344633585,1935.018488898124,0.3382524637575638,1874.707778835167,0.3027763366699219,5.958600401481387e-06,0.298125,0.2871249999999999,0.2382916666666666,0.104,0.2789767850553892,0.1848558397934715,0.0986852144191321,9.479166666666666,9.758333333333333,10.15,11.08125,0.0,785.2354166666668,70.78333333333333,9.925,2024-09-24,0.3027763366699219,891.9273813878577
2024-09-25,2024-09-25,4511.520833333333,0.0105059955433637,95.19204984337752,1950.365948646291,0.3261598158857023,1887.533585501173,0.2939839680989583,6.163083741054808e-06,0.2925416666666666,0.2821666666666666,0.2401666666666666,0.1050416666666666,0.2750837351164905,0.1802518372759613,0.0962273695594061,9.5875,9.775,10.120833333333334,11.0,0.0,786.2104166666667,68.075,11.358333333333334,2024-09-25,0.2939839680989583,893.4036172681306
2024-09-26,2024-09-26,4578.666666666667,0.0104581470063341,95.62511847369674,1986.4827756485815,0.2984972310168772,1922.1605670106828,0.2709629789311835,6.19749266700024e-06,0.287875,0.277875,0.2420416666666666,0.106,0.2718367938263786,0.1764119363991408,0.0941774400478439,10.464583333333334,10.447916666666666,10.50625,11.125,0.0,785.3479166666666,61.958333333333336,12.716666666666669,2024-09-26,0.2709629789311835,904.6955344716156
2024-09-27,2024-09-27,4557.0625,0.0104765436142629,95.4572748158674,1976.655823225895,0.3057645605514369,1915.2151246799904,0.2753808853474069,5.940020310935817e-06,0.2815416666666666,0.2723333333333333,0.2429583333333333,0.106,0.2672055884430265,0.1709349757696318,0.0912535668572966,10.93125,11.01875,11.035416666666668,11.25625,0.0,786.9375,60.725,12.516666666666666,2024-09-27,0.2753808853474069,892.4705194192915
2024-09-28,2024-09-28,4549.0625,0.0104801713306491,95.4253421048498,1998.3210528646996,0.2896751084942364,1933.3288723301905,0.2637125651041667,6.22539115826925e-06,0.276375,0.266375,0.2426666666666666,0.10625,0.262768717076047,0.1656878386241933,0.0884523848396621,11.054166666666667,11.135416666666666,11.195833333333333,11.49375,0.0,788.2166666666667,62.89166666666667,12.591666666666669,2024-09-28,0.2637125651041667,896.6061058909077
2024-09-29,2024-09-29,4645.208333333333,0.0103541849958814,96.59088070220444,2016.264109107564,0.2775350512471187,1952.819070537265,0.2523212838680186,6.018407604435161e-06,0.2706666666666666,0.2608333333333333,0.2425,0.1075416666666666,0.2582691781097346,0.1603665894612816,0.0856116381518309,11.289583333333333,11.310416666666669,11.31875,11.575,0.0,787.5166666666668,58.425,13.491666666666667,2024-09-29,0.2523212838680186,891.4889386550244
2024-09-30,2024-09-30,4647.0,0.0103313750894604,96.7925364572375,2031.385082108454,0.2665508738863338,1971.3529433867693,0.240936279296875,5.639306124015968e-06,0.27,0.26,0.242,0.108,0.257604497598808,0.1595805243468661,0.0851919976122073,14.2,13.5,12.3,11.6,0.0,784.7,38.0,18.2,2024-09-30,0.240936279296875,896.7702944439708
2024-06-24,,,,,,,,,,,,,,,,,,,,,,,,,,,877.4925299122522
2024-06-28,,,,,,,,,,,,,,,,,,,,,,,,,,,882.2131702912874
2024-07-01,,,,,,,,,,,,,,,,,,,,,,,,,,,886.4307646666384
2024-07-02,,,,,,,,,,,,,,,,,,,,,,,,,,,887.4482203924066
2024-08-15,,,,,,,,,,,,,,,,,,,,,,,,,,,899.044498279079
2024-08-24,,,,,,,,,,,,,,,,,,,,,,,,,,,908.5645171569396
2024-08-25,,,,,,,,,,,,,,,,,,,,,,,,,,,901.3110371207839
2024-08-26,,,,,,,,,,,,,,,,,,,,,,,,,,,889.2220234380802
