date,Date (aggregated based on UTC),Raw_Moderated_cph,Raw_Mod_Coeff_of_Var,Raw_Mod_sqrt,Corrected_Mod_cph_for_Des,SWC_Des_cm3_cm3,Corrected_Mod_cph_for_UTS,SWC_UTS_cm3_cm3,Rhov_g_cm3,BaroPress_mb,SWC_5,SWC_10,SWC_20,SWC_50,WeightedTDR_SWC,WeightedTDR_SD,WeightedTDR_SE,sT_5,sT_10,sT_20,sT_50,PRISM_ppt_mm,BaroPress,airRH,airT,date,CRNS,Bare
2023-07-01,2023-07-01,5882.977777777778,0.0092198392330208,108.46792619758966,2079.590057795406,0.136813942141669,2012.3533400649592,0.1191019694010416,6.187224962572662e-06,764.3088888888889,0.0530666666666666,0.0512444444444444,0.0561111111111111,0.056,0.0535297621720278,0.0,0.0,11.262222222222222,10.488888888888887,9.748888888888889,8.913333333333334,,764.3088888888889,68.71333333333334,11.18,2023-07-01,0.1191019694010416,1034.6064014577155
2023-07-02,2023-07-02,5932.729166666667,0.0091810085155614,108.92595030094787,2090.6394354275994,0.1325081658241172,2020.8894760059584,0.1162859598795573,6.392622663610339e-06,763.9520833333332,0.0519166666666666,0.0503125,0.0546666666666666,0.0557916666666666,0.0524764598224112,0.0011953227091121,0.0005651110857267,12.897916666666667,11.735416666666666,10.297916666666667,8.94375,0.0,763.9520833333332,58.08125,14.004166666666668,2023-07-02,0.1162859598795573,1042.9079609302007
2023-07-03,2023-07-03,6007.541666666667,0.0091240321841505,109.6091208315684,2109.542607485538,0.1260203559287078,2046.5087136517443,0.1089121500651041,5.704125399703765e-06,763.2770833333334,0.050531914893617,0.0487872340425531,0.0532127659574468,0.0546170212765957,0.0510542510722065,0.0028092927309547,0.0013281454900937,14.046808510638298,12.53404255319149,10.76808510638298,9.12127659574468,0.0,763.2770833333334,46.18958333333333,16.045833333333334,2023-07-03,0.1089121500651041,1046.114059196649
2023-07-04,2023-07-04,6042.270833333333,0.0090975421999621,109.92641541615546,2103.88095642485,0.1278785197014723,2034.4450185623125,0.1123085021972656,6.321262995113167e-06,761.8270833333332,0.0492127659574468,0.0473404255319148,0.0515744680851063,0.0539148936170212,0.0496855127005197,0.0043625827802039,0.002062492306638,14.408510638297871,13.06808510638298,11.22340425531915,9.336170212765955,0.0,761.8270833333332,49.177083333333336,15.739583333333334,2023-07-04,0.1123085021972656,1045.0106290645385
2023-07-05,2023-07-05,6084.416666666667,0.0090661423428965,110.3084489768022,2119.4867736694137,0.1225570192538031,2046.6200896688931,0.108807881673177,6.592225034560932e-06,761.6604166666666,0.048,0.0458723404255319,0.0502978723404255,0.0529787234042553,0.0484081857764924,0.0058121360635569,0.0027477956339569,13.970212765957449,12.651063829787237,11.144680851063828,9.519148936170213,0.0,761.6604166666666,55.88541666666666,15.2625,2023-07-05,0.108807881673177,1054.0169505917124
2023-07-06,2023-07-06,6227.8125,0.008961418624118,111.5996528813908,2147.093154203172,0.1135861490378725,2082.248151623072,0.0991388956705729,5.768394253722181e-06,761.4520833333332,0.0464347826086956,0.0440217391304347,0.0487391304347826,0.0523478260869565,0.0468547251542971,0.0075750550963467,0.0035812484589334,13.991304347826087,12.963043478260868,11.384782608695652,9.63695652173913,0.0,761.4520833333332,51.69166666666666,15.020833333333334,2023-07-06,0.0991388956705729,1058.3269673002676
2023-07-07,2023-07-07,6323.702127659574,0.0088930724777217,112.45614019966582,2144.333302144829,0.1145419259686336,2085.923699079378,0.0983036122423537,5.190835013769679e-06,759.8787234042554,0.0449090909090909,0.0426818181818181,0.04725,0.0509090909090909,0.0454039346751482,0.0092214606194346,0.004359617350954,13.02727272727273,12.43409090909091,11.231818181818182,9.713636363636365,0.0,759.8787234042554,49.47659574468085,14.168085106382978,2023-07-07,0.0983036122423537,1055.2535714572275
2023-07-08,2023-07-08,6387.9375,0.008848449575819,113.02499330614644,2156.656553972693,0.1106878040765552,2101.100135073441,0.094464619954427,4.902797704715258e-06,759.2354166666668,0.0437727272727272,0.0416363636363636,0.0460454545454545,0.050090909090909,0.0443129109468044,0.010459590809825,0.0049449664711779,14.125,12.836363636363636,11.288636363636364,9.727272727272728,0.0,759.2354166666668,44.7,14.972916666666668,2023-07-08,0.094464619954427,1061.948768679792
2023-07-09,2023-07-09,6354.0625,0.0088716386003779,112.72645039161485,2178.131394676156,0.1039098495750928,2126.1502746197284,0.0881220499674479,4.5314611703535e-06,761.3895833333332,0.0425833333333333,0.040375,0.0448125,0.0491666666666666,0.0431189519919164,0.0118145353355302,0.0055855417452722,13.020833333333334,12.295833333333334,11.152083333333332,9.779166666666669,0.0,761.3895833333332,40.3625,14.464583333333332,2023-07-09,0.0881220499674479,1067.2877667673047
2023-07-10,2023-07-10,6300.5625,0.0089094596502086,112.249915007566,2190.525108674883,0.1003253488102448,2120.3109826984287,0.0896199544270833,6.148925647318598e-06,762.7166666666667,0.0416874999999999,0.0393541666666666,0.0437083333333333,0.048,0.0421072210837958,0.0129626813834597,0.0061283491852816,13.475,12.604166666666666,11.25625,9.772916666666667,0.0,762.7166666666667,46.37708333333333,15.641666666666666,2023-07-10,0.0896199544270833,1071.3116006591792
2023-07-11,2023-07-11,6232.125,0.0089576827413268,111.64094073233991,2183.4756412458314,0.102350774480961,2113.368743890458,0.0911483764648437,6.142210930635736e-06,763.61875,0.041375,0.0387291666666666,0.0428333333333333,0.0471041666666666,0.0415050174136266,0.0136460822348162,0.0064514396730241,13.54375,12.31875,11.13125,9.783333333333331,0.0,763.61875,49.14791666666667,16.120833333333334,2023-07-11,0.0911483764648437,1065.9348195179764
2023-07-12,2023-07-12,6230.020833333333,0.0089593335738707,111.62151585636828,2192.211893957324,0.0999325248586914,2109.543276045773,0.0922050476074218,7.262026294518863e-06,763.4791666666666,0.0408958333333333,0.0382916666666666,0.0424583333333333,0.0464583333333333,0.0410456806638983,0.0141673529300537,0.0066978801081447,14.616666666666667,13.175,11.570833333333333,9.88125,0.0,763.4791666666666,52.98333333333333,16.7625,2023-07-12,0.0922050476074218,1075.7803207125246
2023-07-13,2023-07-13,6357.145833333333,0.0088691144005674,112.7553920718238,2201.896987712266,0.0971207674464347,2123.8768384482223,0.0886370340983073,6.802775166136789e-06,762.8395833333334,0.0404166666666666,0.0376458333333333,0.0417708333333333,0.0450208333333333,0.040365631938703,0.0149390949515393,0.0070627355303148,14.483333333333334,13.129166666666668,11.685416666666669,10.025,0.0,762.8395833333334,50.92291666666667,16.681250000000002,2023-07-13,0.0886370340983073,1071.2790434270744
2023-07-14,2023-07-14,6415.3125,0.0088289575768201,113.26945469091798,2196.4300386556365,0.0985693909873875,2126.4002564311736,0.0880457560221354,6.104772246300631e-06,763.1708333333332,0.0399148936170212,0.037127659574468,0.041,0.0445106382978723,0.0397946454127827,0.0155870695442838,0.0073690775941254,14.680851063829786,13.22340425531915,11.740425531914893,10.117021276595745,0.0,763.1708333333332,49.58958333333334,16.368750000000002,2023-07-14,0.0880457560221354,1060.3740547470632
2023-07-15,2023-07-15,6292.270833333333,0.0089154229612362,112.1756200126448,2214.4379175288154,0.0937452000064229,2156.268580220573,0.0813077290852864,4.99667590887399e-06,764.9875000000001,0.0386458333333333,0.0359583333333333,0.0400416666666666,0.0437708333333333,0.0386849132777208,0.0168464306598777,0.0079644640298804,13.89375,12.908333333333331,11.679166666666667,10.191666666666666,0.0,764.9875000000001,42.083333333333336,15.202083333333334,2023-07-15,0.0813077290852864,1076.295684729616
2023-07-16,2023-07-16,6244.6875,0.0089493873468815,111.75040780101035,2229.972651311773,0.08959384779136,2171.27144336921,0.0781300862630208,5.013211815655924e-06,766.4916666666667,0.0380625,0.0351041666666666,0.0396041666666666,0.0424374999999999,0.0379738035650006,0.0176534217281061,0.0083459840957688,13.872916666666669,12.795833333333334,11.56875,10.183333333333334,0.0,766.4916666666667,43.84375,15.777083333333332,2023-07-16,0.0781300862630208,1073.6152732922471
2023-07-17,2023-07-17,6178.75,0.0089966855731153,111.16020607602096,2231.6724428249377,0.0890130849586983,2163.612535000653,0.0796178181966145,5.82696982219768e-06,766.1479166666667,0.0373829787234042,0.0344255319148936,0.0389787234042553,0.0416382978723404,0.0372947122387523,0.0184240772612691,0.0087103258603375,14.548936170212764,13.117021276595745,11.670212765957446,10.182978723404254,0.0,766.1479166666667,43.03125,17.772916666666667,2023-07-17,0.0796178181966145,1081.877090897077
2023-07-18,2023-07-18,6282.395833333333,0.0089215466922687,112.0912477567917,2249.398408662584,0.0844256402035168,2173.297621493943,0.0774459838867187,6.482587501886963e-06,764.8645833333334,0.036875,0.034125,0.0387083333333333,0.0408958333333333,0.036881847917099,0.0188926094919567,0.0089318332035541,14.972916666666668,13.579166666666666,12.025,10.297916666666667,0.0,764.8645833333334,43.53958333333333,17.84375,2023-07-18,0.0774459838867187,1079.7460541013195
2023-07-19,2023-07-19,6137.520833333333,0.0090265228941282,110.79006613782713,2221.263406295669,0.091921112254553,2126.230221792043,0.0881538391113281,8.273370477833831e-06,766.5124999999999,0.0365416666666666,0.0335833333333333,0.038,0.04,0.0363371564227551,0.0195107436040533,0.0092240676240572,15.383333333333333,13.666666666666666,12.110416666666666,10.410416666666666,0.0,766.5124999999999,57.08958333333334,17.73333333333333,2023-07-19,0.0881538391113281,1076.828477209424
2023-07-20,2023-07-20,6125.085106382979,0.0090359838395037,110.67655391907756,2211.48049468078,0.0946500978745152,2108.7586952389,0.0923961882895611,9.014355509254902e-06,766.772340425532,0.0360212765957446,0.0323617021276595,0.0379574468085106,0.0392978723404255,0.0356942534077695,0.0202403314321338,0.0095689938657462,14.474468085106382,13.236170212765956,12.038297872340424,10.504255319148935,3.3286998,766.772340425532,69.2531914893617,15.761702127659571,2023-07-20,0.0923961882895611,1080.1992535336021
2023-07-21,2023-07-21,6152.645833333333,0.0090158672143788,110.92466928987577,2223.446950767467,0.0913009303850041,2131.1064014205463,0.0871620178222656,8.035380747040377e-06,767.025,0.0360416666666666,0.0316458333333333,0.0378125,0.038125,0.0353239107968737,0.0206606086043215,0.0097676877308176,14.502083333333331,12.989583333333334,11.89375,10.5125,0.0053,767.025,66.46041666666666,15.916666666666666,2023-07-21,0.0871620178222656,1088.5822536415458
2023-07-22,2023-07-22,6310.208333333333,0.00890232682729,112.33714655780597,2235.870027538243,0.0879714422977686,2166.2279435803243,0.079132080078125,5.957003060867769e-06,766.5395833333333,0.0353125,0.0314166666666666,0.0375625,0.0378333333333333,0.034907248711887,0.0211334506637662,0.0099912326258932,14.5375,13.2,12.0375,10.583333333333334,0.0,766.5395833333333,49.75625,16.241666666666667,2023-07-22,0.079132080078125,1080.5756052869665
2023-07-23,2023-07-23,6360.895833333333,0.0088666517812326,112.78799275191363,2255.944753771001,0.0828000244263337,2188.242281070255,0.0743662516276041,5.728028260870306e-06,766.4145833333333,0.0349166666666666,0.03075,0.037,0.037,0.0343429406431396,0.0217738463201079,0.010293991606285,14.954166666666666,13.33125,12.079166666666666,10.63125,0.0,766.4145833333333,40.68958333333333,17.933333333333334,2023-07-23,0.0743662516276041,1084.8825839551414
2023-07-24,2023-07-24,6286.333333333333,0.0089189645476551,112.12547634188216,2260.8309345926955,0.0815268621334687,2183.3624710486524,0.0753631591796875,6.5697487353643184e-06,767.4291666666667,0.0342916666666666,0.0303125,0.0368333333333333,0.03675,0.0339228063428591,0.0222506287655139,0.0105193993922535,15.975,13.960416666666667,12.40625,10.71875,0.0,767.4291666666667,44.77291666666667,18.72083333333333,2023-07-24,0.0753631591796875,1088.448023067377
2023-07-25,2023-07-25,6268.395833333333,0.0089318054681116,111.96502365549668,2257.040449233375,0.0824330264016473,2176.4498598419573,0.0768229166666666,6.859628126053114e-06,767.18125,0.033625,0.029625,0.036625,0.0370208333333333,0.0334559266130916,0.0227804594865964,0.0107698867391096,15.814583333333331,13.94375,12.51875,10.841666666666669,0.0,767.18125,47.22291666666666,18.29375,2023-07-25,0.0768229166666666,1083.0861817579487
2023-07-26,2023-07-26,6206.297872340426,0.0089766512976783,111.407923844754,2253.341502306299,0.0836892920682739,2167.0345939044514,0.0790918228474069,7.375341163799707e-06,767.1208333333334,0.0331666666666666,0.0293541666666666,0.0359166666666666,0.0369583333333333,0.0330380487441272,0.023254681258332,0.0109940839188819,16.235416666666666,14.1125,12.625,10.9375,0.0,767.1208333333334,54.03125,17.5,2023-07-26,0.0790918228474069,1076.8717878407242
2023-07-27,2023-07-27,6250.9375,0.0089446506734109,111.80740941402304,2254.8841408664275,0.0830854718481522,2169.4808064466997,0.078412373860677,7.292480409813615e-06,766.0604166666667,0.0323958333333333,0.0287916666666666,0.0357916666666666,0.036,0.0324635517090834,0.0239066396941557,0.0113023094187476,15.716666666666669,14.03125,12.716666666666669,11.0375,0.0,766.0604166666667,55.86041666666667,16.664583333333333,2023-07-27,0.078412373860677,1071.5392207728141
2023-07-28,2023-07-28,6228.104166666667,0.008960927899286,111.60345364930686,2237.245815844381,0.0876373314231964,2154.5894911124124,0.0817146301269531,7.108997467695949e-06,766.1125000000001,0.0321666666666666,0.0283541666666666,0.0352916666666666,0.0355833333333333,0.0320868867713599,0.0243340916541281,0.0115043952984474,15.820833333333333,13.95,12.645833333333334,11.077083333333333,0.0,766.1125000000001,46.01666666666667,19.14583333333333,2023-07-28,0.0817146301269531,1069.989756304122
2023-07-29,2023-07-29,6248.212765957447,0.0089463630850837,111.784025129653,2261.660430978266,0.0814395685867001,2180.1088243032627,0.076141357421875,6.926285859456048e-06,767.1489361702128,0.0317021276595744,0.028,0.035127659574468,0.0347659574468085,0.0316899670573414,0.0247845294111817,0.0117173481420606,15.54255319148936,13.887234042553192,12.672340425531916,11.134042553191488,0.0,767.1489361702128,44.97446808510639,18.97659574468085,2023-07-29,0.076141357421875,1077.5754688234827
2023-07-30,2023-07-30,6186.645833333333,0.0089907149965242,111.23216456126367,2255.478373650463,0.0828764437382042,2160.9764778502263,0.0801607767740885,8.09828114978917e-06,767.6208333333334,0.0314375,0.0275625,0.0346875,0.0340208333333333,0.031280416349962,0.0252493012416458,0.0119370776859959,15.472916666666668,13.975,12.741666666666667,11.177083333333334,1.1146,767.6208333333334,54.22291666666666,18.06458333333333,2023-07-30,0.0801607767740885,1080.9146093815866
2023-07-31,2023-07-31,6158.520833333333,0.0090110755215248,110.9796224918011,2234.06102444814,0.0884499327088917,2121.329263244332,0.0893058776855468,9.8441857271432e-06,766.7833333333333,0.0314166666666666,0.0271458333333333,0.0340625,0.0338125,0.030975978845249,0.0255947870967009,0.012100412562147,14.03125,13.152083333333332,12.422916666666666,11.185416666666669,2.3827,766.7833333333333,78.58125,15.083333333333334,2023-07-31,0.0893058776855468,1090.8475460176303
2023-08-01,2023-08-01,5980.6,0.0091492202499885,109.34544932043345,2174.885891986766,0.1082387956041324,2062.57195091931,0.1074198404947916,1.008203175102906e-05,766.2466666666667,0.0327021276595744,0.027127659574468,0.0340212765957446,0.0329361702127659,0.0313212829338119,0.0252029244764773,0.0119151522060255,14.55531914893617,13.291489361702128,12.353191489361702,11.123404255319148,6.4535,766.2466666666667,79.97111111111111,15.34,2023-08-01,0.1074198404947916,1104.3278002957268
2023-08-02,2023-08-02,5819.854166666667,0.0092710602068482,107.87917065219568,2164.656398220621,0.1084661437987061,2053.1103835993067,0.1073036193847656,1.005764046957508e-05,765.7854166666666,0.0340833333333333,0.0276041666666666,0.0345625,0.033,0.0320882140812089,0.0243325853785509,0.0115036831785987,15.354166666666666,13.845833333333331,12.664583333333333,11.2125,4.5009,765.7854166666666,78.48125,16.037499999999998,2023-08-02,0.1073036193847656,1111.9737786722048
2023-08-03,2023-08-03,5771.104166666667,0.0093102542640262,107.42590271078598,2103.795291268571,0.1283110947263121,2007.9655969862345,0.1207110087076823,8.840997486057115e-06,765.0229166666667,0.0475833333333333,0.0277083333333333,0.0347083333333333,0.0325833333333333,0.0368637965689744,0.0189130947651085,0.0089415179981823,14.86875,13.98125,12.927083333333334,11.366666666666667,9.4929,765.0229166666667,74.95208333333333,14.70625,2023-08-03,0.1207110087076823,1100.5232669510935
2023-08-04,2023-08-04,5864.0,0.0092349357751627,108.29207361357594,2128.3105431659974,0.1197721956954076,2045.933585407303,0.1091219584147135,7.453363517939689e-06,764.65625,0.0481041666666666,0.0276458333333333,0.0347291666666666,0.032,0.0369716037577653,0.0187907515642088,0.0088836779700755,13.102083333333333,13.01875,12.575,11.4375,0.23369999,764.65625,67.34166666666667,13.708333333333334,2023-08-04,0.1091219584147135,1097.2082332146458
2023-08-05,2023-08-05,5874.875,0.0092260148767788,108.3938949301306,2158.6191317426124,0.1098027243387368,2077.459593234417,0.100262959798177,7.2340997071862784e-06,764.7875,0.0446041666666666,0.0277291666666666,0.0346666666666666,0.032,0.0357503035779312,0.020176723825763,0.0095389221844984,13.641666666666666,13.13125,12.429166666666667,11.35,0.0,764.7875,60.28541666666666,14.820833333333333,2023-08-05,0.100262959798177,1099.7343450618075
2023-08-06,2023-08-06,5966.0625,0.0091557829751219,109.22970349940476,2188.761398684879,0.1009403852122261,2112.995661148169,0.0913937886555989,6.645797287500285e-06,764.2520833333333,0.0356041666666666,0.0266875,0.0347083333333333,0.0319583333333333,0.0322664955091836,0.0241302656556826,0.0114080327593583,13.033333333333331,12.916666666666666,12.35625,11.33125,0.0,764.2520833333333,63.39791666666667,13.925,2023-08-06,0.0913937886555989,1109.614393163385
2023-08-07,2023-08-07,6060.5625,0.0090839410808203,110.09210981491286,2210.8963059660514,0.0946390328640381,2141.126673955177,0.0847040812174479,6.038972006059516e-06,764.0812500000001,0.0298333333333333,0.0260833333333333,0.0346041666666666,0.0317916666666666,0.030006814067552,0.026694627677209,0.0126203826922543,13.339583333333332,12.995833333333332,12.297916666666666,11.28125,0.0,764.0812500000001,51.41875,15.070833333333333,2023-08-07,0.0847040812174479,1096.1726083325307
2023-08-08,2023-08-08,6220.145833333333,0.008967274750367,111.52957253140896,2226.293741138531,0.0905056725172267,2167.07212947498,0.0789540608723958,5.064400804174799e-06,762.5416666666666,0.0281458333333333,0.0258541666666666,0.0341666666666666,0.031,0.0291561710580651,0.0276599657939968,0.0130767642761669,12.266666666666666,12.454166666666666,12.066666666666668,11.2375,0.0,762.5416666666666,47.59791666666666,14.297916666666666,2023-08-08,0.0789540608723958,1093.308076936343
2023-08-09,2023-08-09,6243.854166666667,0.0089498514533017,111.74351067402266,2227.2695021984464,0.0904131376865402,2165.4245855624,0.0793838500976562,5.287340934569907e-06,761.7958333333332,0.0268125,0.0253749999999999,0.034,0.030625,0.028460709231501,0.0284491991180422,0.0134498890375748,11.533333333333331,11.845833333333331,11.641666666666666,11.097916666666665,0.0,761.7958333333332,54.645833333333336,12.197916666666666,2023-08-09,0.0793838500976562,1090.5643746362994
2023-08-10,2023-08-10,6341.708333333333,0.0088798479532725,112.61863455415735,2238.6959048308718,0.0871748205548664,2169.497013886024,0.0783526102701823,5.909019612076135e-06,761.7145833333334,0.0261041666666666,0.0250833333333333,0.034,0.0305833333333333,0.0281171853157328,0.0288390415386826,0.0136341943066967,12.1375,11.897916666666667,11.472916666666668,10.927083333333334,0.0,761.7145833333334,50.645833333333336,14.395833333333334,2023-08-10,0.0783526102701823,1087.833210087941
2023-08-11,2023-08-11,6217.145833333333,0.0089685875355263,111.50620394200138,2220.0217813573568,0.0920601617798234,2134.329632173224,0.0861905415852864,7.438131891781648e-06,763.5291666666667,0.0252083333333333,0.0250208333333333,0.0337916666666666,0.0299166666666666,0.0276635796445182,0.0293538084144825,0.0138775599399787,13.283333333333331,12.46875,11.702083333333334,10.858333333333334,0.0009,763.5291666666667,64.47500000000001,14.479166666666666,2023-08-11,0.0861905415852864,1084.1603066995704
2023-08-12,2023-08-12,6255.8125,0.0089406614410865,111.85310058668983,2230.9646724686654,0.0890963938332528,2138.8086898995084,0.0850995381673177,7.980374487305411e-06,764.3458333333333,0.0247499999999999,0.0249375,0.0337291666666666,0.029,0.0273656522035026,0.0296919064316788,0.0140374020781087,14.40625,13.160416666666668,12.0375,10.916666666666666,0.0,764.3458333333333,64.53333333333333,15.125,2023-08-12,0.0850995381673177,1082.0045668192201
2023-08-13,2023-08-13,6322.0,0.0088937479337018,112.44320736798528,2240.165543715498,0.0867769461873511,2155.8016095611288,0.0813191731770833,7.24753327595737e-06,764.6687499999999,0.0238125,0.0244999999999999,0.0335,0.029,0.0268470362460402,0.030280449153043,0.0143156466172037,12.933333333333332,12.570833333333333,12.010416666666666,11.022916666666667,0.5114,764.6687499999999,66.64791666666666,13.752083333333331,2023-08-13,0.0813191731770833,1088.0814482550147
2023-08-14,2023-08-14,6288.625,0.0089175330573546,112.14509544771728,2247.365780541276,0.0849660435075883,2173.9171078382647,0.0773785909016927,6.253968674439208e-06,766.7395833333334,0.0235,0.02425,0.033,0.028875,0.0265293530155028,0.0306409667004536,0.0144860880060334,12.983333333333334,12.339583333333332,11.75625,10.964583333333332,0.0,766.7395833333334,56.20208333333333,14.479166666666666,2023-08-14,0.0773785909016927,1080.7272617578037
2023-08-15,2023-08-15,6240.25,0.00895220840982,111.71219331069236,2257.7919561917192,0.0823063110005104,2181.401045228327,0.0758260091145833,6.486839630751468e-06,768.5083333333333,0.0229791666666666,0.0239166666666666,0.033,0.028,0.0261515511104467,0.031069708928954,0.014688783884224,13.522916666666667,12.75,11.920833333333334,10.964583333333332,0.0,768.5083333333333,54.41041666666666,15.670833333333334,2023-08-15,0.0758260091145833,1080.5979841009507
2023-08-16,2023-08-16,6312.479166666667,0.0089010009439003,112.3561836997168,2252.238356267273,0.0836832903627133,2168.5078351015395,0.0785509745279948,7.152702629602167e-06,766.9083333333333,0.0226041666666666,0.0236875,0.033,0.028,0.0259489933170088,0.0312995782826985,0.014797458904852,14.291666666666666,13.16875,12.135416666666666,11.029166666666669,0.0,766.9083333333333,55.958333333333336,16.537499999999998,2023-08-16,0.0785509745279948,1079.949769836391
2023-08-17,2023-08-17,6378.9375,0.0088538893926069,112.94874449213349,2266.9539016283607,0.0799493228058201,2172.392554570228,0.0776265462239583,8.061870601928148e-06,765.53125,0.0220833333333333,0.0235416666666666,0.0329791666666666,0.028,0.0257158396514716,0.0315641688546561,0.0149225490284246,14.260416666666666,13.310416666666669,12.3625,11.133333333333333,0.415,765.53125,58.83541666666667,16.760416666666668,2023-08-17,0.0776265462239583,1081.7954530324848
2023-08-18,2023-08-18,6412.270833333333,0.0088311342324444,113.24223834258474,2269.7256480964197,0.0793863295428048,2170.817961776539,0.078100840250651,8.440903248916456e-06,764.6104166666668,0.0220416666666666,0.0234166666666666,0.0329583333333333,0.0270833333333333,0.0255615843837508,0.0317392228878821,0.0150053090847869,14.7,13.33125,12.329166666666666,11.170833333333333,0.0,764.6104166666668,62.6875,16.070833333333333,2023-08-18,0.078100840250651,1086.1303084582016
2023-08-19,2023-08-19,6360.75,0.0088666743796305,112.7870355001926,2263.420381179278,0.0809289946852397,2172.9364447168878,0.0776379903157552,7.715931362344838e-06,764.8312500000001,0.0217291666666666,0.0233125,0.0326666666666666,0.027,0.0253421571129084,0.0319882362883856,0.015123034810272,13.464583333333332,12.75,12.160416666666668,11.21875,0.8341,764.8312500000001,65.73125,15.5125,2023-08-19,0.0776379903157552,1092.2742743541241
2023-08-20,2023-08-20,6320.625,0.008895034758391,112.42962766751158,2272.6189191356007,0.0786848195860717,2190.7704384592826,0.0739351908365885,6.9357122680247736e-06,765.1791666666667,0.0219166666666666,0.0233125,0.0325416666666666,0.027,0.0253787709506588,0.0319466856816233,0.0151033909866241,14.122916666666669,13.260416666666666,12.345833333333331,11.21875,0.0985,765.1791666666667,55.35208333333333,17.533333333333335,2023-08-20,0.0739351908365885,1099.5558271540751
2023-08-21,2023-08-21,6295.270833333333,0.0089134363322529,112.20174401691352,2277.268849957504,0.0776486909104539,2210.18838432018,0.0700352986653645,5.621312409918827e-06,766.9895833333334,0.0218333333333333,0.0232708333333333,0.032375,0.027,0.0252974085777707,0.0320390184216155,0.0151470430100881,13.475,13.041666666666666,12.35625,11.30625,0.0,766.9895833333334,39.27291666666667,18.329166666666666,2023-08-21,0.0700352986653645,1086.1644542402175
2023-08-22,2023-08-22,6256.1875,0.008940677510258,111.85526540756015,2279.924336638003,0.0768969914430165,2196.9768429114115,0.0726242065429687,7.002005666603161e-06,767.5854166666667,0.0218958333333333,0.0232083333333333,0.032,0.0266875,0.0251791785705729,0.0321731897851879,0.0152104750225177,14.677083333333334,13.702083333333334,12.625,11.366666666666667,0.0,767.5854166666667,47.0,17.710416666666667,2023-08-22,0.0726242065429687,1099.566108480077
2023-08-23,2023-08-23,6235.604166666667,0.0089553964653777,111.67120866940988,2278.4460396599143,0.0772219825723122,2178.7673415007016,0.0763206481933593,8.471412281080083e-06,766.9499999999999,0.0218125,0.023,0.032,0.026,0.0250135594233289,0.0323611399286928,0.015299331955335,14.070833333333333,13.26875,12.529166666666669,11.44375,2.0061998,766.9499999999999,67.16875,15.508333333333333,2023-08-23,0.0763206481933593,1096.1772210849317
2023-08-24,2023-08-24,6278.020833333333,0.0089251161912077,112.05027454067654,2271.086635010104,0.0789670352087643,2160.6537225480547,0.0801798502604166,9.463517150398469e-06,765.2958333333332,0.0219166666666666,0.023,0.032,0.026,0.0250502334757776,0.0323195209882783,0.0152796558256797,14.36875,13.458333333333334,12.59375,11.46875,2.1131,765.2958333333332,77.63958333333333,14.847916666666668,2023-08-24,0.0801798502604166,1100.684660454618
2023-08-25,2023-08-25,6102.833333333333,0.0090528442633143,110.4736906793858,2224.462829377412,0.0910285209537257,2101.2176458779745,0.0943717956542968,1.0868309558172668e-05,765.9583333333334,0.0285833333333333,0.0243749999999999,0.032,0.026,0.0278205600602312,0.0291756617922369,0.0137933378045266,14.595833333333331,13.627083333333331,12.710416666666667,11.520833333333334,4.6433,765.9583333333334,94.53333333333336,13.2375,2023-08-25,0.0943717956542968,1117.6627460454336
2023-08-26,2023-08-26,5809.958333333333,0.0092775403196611,107.79287071895008,2130.9153830596656,0.1186908429027517,2022.6833285824807,0.11578369140625,9.910552030567467e-06,766.65625,0.0562291666666666,0.0320625,0.0329791666666666,0.026,0.0401501506426394,0.0151836303279841,0.0071783441864776,14.125,13.48125,12.739583333333334,11.59375,6.8936,766.65625,83.89166666666667,14.489583333333334,2023-08-26,0.11578369140625,1117.5375808489705
2023-08-27,2023-08-27,5943.520833333333,0.0091733554870524,109.02223985027592,2166.904121608229,0.1074671728872096,2065.033303648202,0.1038220723470052,9.139273061966e-06,766.7291666666666,0.047625,0.0299375,0.033,0.026,0.0364717571951361,0.0193579941490182,0.0091518524726834,14.227083333333333,13.791666666666666,12.991666666666667,11.720833333333331,5.6264,766.7291666666666,74.21875,15.379166666666668,2023-08-27,0.1038220723470052,1114.2527562537587
2023-08-28,2023-08-28,6061.395833333333,0.0090838659861788,110.09749062383406,2192.141821928387,0.1002319810560418,2098.0754156693483,0.0954640706380208,8.318864156633223e-06,766.2687500000001,0.0422916666666666,0.0282291666666666,0.033,0.0264166666666666,0.0341120013530939,0.0220359239447503,0.0104178936871853,13.295833333333334,13.2125,12.720833333333331,11.760416666666666,2.8144,766.2687500000001,71.75625000000001,14.904166666666669,2023-08-28,0.0954640706380208,1115.0437093636965
2023-08-29,2023-08-29,6060.895833333333,0.009083559576671,110.0956620558808,2199.671773358839,0.0977278017865642,2127.1487550656043,0.0878804524739583,6.315658007411376e-06,767.2979166666668,0.0382291666666666,0.0270625,0.033,0.027,0.0323838725566049,0.0239970622593717,0.0113450583714898,11.283333333333331,12.170833333333334,12.30625,11.73125,0.76119995,767.2979166666668,61.28333333333333,13.629166666666668,2023-08-29,0.0878804524739583,1114.1086610286175
2023-08-30,2023-08-30,6258.208333333333,0.0089389047632443,111.87470664906031,2224.5708575070903,0.0909179294322176,2154.711511530296,0.0816243489583333,6.006880270405544e-06,765.0375,0.0354166666666666,0.0261875,0.0329791666666666,0.027,0.0311194722679423,0.0254319459648874,0.0120234263825165,10.95,11.504166666666668,11.68125,11.51875,0.0,765.0375,50.802083333333336,15.16875,2023-08-30,0.0816243489583333,1105.7593560788491
2023-08-31,2023-08-31,6449.25,0.008805432390059,113.56979561833047,2249.526966631561,0.0842925575887327,2182.832003759508,0.0754280090332031,5.658696055402578e-06,762.3375,0.0330625,0.0257708333333333,0.0329791666666666,0.026375,0.0300967995575097,0.0265925091357701,0.0125721042487967,11.15,11.677083333333334,11.6625,11.339583333333335,0.0,762.3375,46.208333333333336,16.064583333333335,2023-08-31,0.0754280090332031,1107.6680925145247
2023-09-01,2023-09-01,6458.333333333333,0.008799575082761,113.64829437880924,2250.187888535664,0.084207349441593,2182.813095629581,0.07550048828125,5.716411999213948e-06,762.8208333333333,0.0312291666666666,0.0254583333333333,0.0327291666666666,0.026,0.0292569980629637,0.0275455439390652,0.0130226692119818,11.539583333333333,11.65625,11.5,11.225,0.0,762.8208333333333,44.625,16.21875,2023-09-01,0.07550048828125,1100.6603862878458
2023-09-02,2023-09-02,6327.75,0.0088903216906203,112.49172430514705,2251.8335524412782,0.0838175825408196,2170.0305285525224,0.0782661437988281,6.984118442897456e-06,765.55625,0.0297916666666666,0.0249583333333333,0.0327291666666666,0.026,0.0285970098745403,0.0282945205929721,0.0133767618823935,12.26875,12.2125,11.816666666666668,11.2125,0.0,765.55625,60.40208333333333,14.322916666666666,2023-09-02,0.0782661437988281,1087.2746240434992
2023-09-03,2023-09-03,6265.041666666667,0.008934316098805,111.93457092611852,2246.903351766648,0.0850619121425119,2151.2645969858327,0.0824165344238281,8.2424560208936e-06,764.6729166666668,0.0287291666666666,0.0244166666666666,0.0324583333333333,0.026,0.0279925255967889,0.0289805095540339,0.0137010759472289,11.8875,11.889583333333334,11.622916666666669,11.175,0.0,764.6729166666668,76.85000000000001,12.470833333333331,2023-09-03,0.0824165344238281,1098.0939178951369
2023-09-04,2023-09-04,6629.625,0.0086861310039489,115.14124572835657,2254.5058194252224,0.0830487319249414,2173.5402132165195,0.077490488688151,6.914083907725764e-06,758.225,0.0282916666666666,0.0242291666666666,0.03225,0.026,0.0277317881328388,0.0292764031423178,0.0138409651551055,10.81875,11.297916666666666,11.375,11.08125,0.9285,758.225,66.84375,13.1125,2023-09-04,0.077490488688151,1103.5358437760094
2023-09-05,2023-09-05,6573.666666666667,0.0087219565308592,114.65893385391972,2256.5893384221968,0.0826068841798926,2189.1945223758994,0.0741984049479166,5.702649409422832e-06,761.1729166666668,0.0275833333333333,0.0237708333333333,0.032,0.026,0.0272825432536278,0.0297862212456086,0.0140819911639628,9.745833333333334,10.727083333333333,11.04375,10.966666666666669,0.0,761.1729166666668,62.83958333333334,11.308333333333332,2023-09-05,0.0741984049479166,1095.9580972814242
2023-09-06,2023-09-06,6596.145833333333,0.0087077601368721,114.8518300666192,2283.4206164080856,0.0762161161129025,2229.153954157809,0.0664520263671875,4.51603536098043e-06,763.90625,0.0267291666666666,0.0234166666666666,0.032,0.026,0.026872813252768,0.0302511965443065,0.0143018169012973,8.575000000000001,9.8,10.439583333333331,10.747916666666669,0.0,763.90625,48.22291666666666,12.5125,2023-09-06,0.0664520263671875,1096.0046284228076
2023-09-07,2023-09-07,6606.104166666667,0.0087005787042478,114.94120688447718,2282.592071274385,0.076281101658848,2230.491527432193,0.066022237141927,4.324895941945578e-06,764.3979166666667,0.0263541666666666,0.0232083333333333,0.031875,0.02575,0.0266210277018728,0.0305369312024708,0.014436903285647,8.541666666666666,9.639583333333333,10.175,10.508333333333333,0.0,764.3979166666667,42.18333333333333,13.066666666666668,2023-09-07,0.066022237141927,1097.6075124590307
2023-09-09,2023-09-09,6526.75,0.0087532244597874,114.2491547113035,2298.8994068021448,0.0724566702311923,2250.375351508666,0.0623334248860677,3.994181315741641e-06,767.4375,0.0213333333333333,0.0222083333333333,0.0314166666666666,0.025,0.0243590471513599,0.0331039023295949,0.0156504867218352,8.283333333333333,9.239583333333334,9.764583333333333,10.15625,0.0,767.4375,38.9375,13.0125,2023-09-09,0.0623334248860677,1093.4652901089237
2023-09-10,2023-09-10,6505.791666666667,0.0087671241909103,114.06638104207816,2298.075369783236,0.0725707227202807,2230.030092221988,0.0661036173502604,5.659206056128346e-06,765.8041666666667,0.0212708333333333,0.0220625,0.031,0.025,0.0241941610371822,0.0332910206026773,0.0157389503724083,10.55625,10.214583333333334,9.983333333333333,10.041666666666666,0.0,765.8041666666667,48.87916666666666,13.341666666666669,2023-09-10,0.0661036173502604,1095.654353287851
2023-09-11,2023-09-11,6337.895833333333,0.0088836867942352,112.5798127783873,2235.861893210204,0.0882854803862567,2151.5518832544108,0.0825742085774739,7.2579820765950944e-06,764.5291666666667,0.028,0.0223749999999999,0.031875,0.025,0.0268652799373659,0.0302597456023983,0.014305858627823,10.810416666666669,10.86875,10.545833333333333,10.139583333333333,4.0731,764.5291666666667,75.3,11.60625,2023-09-11,0.0825742085774739,1110.7582898293454
2023-09-12,2023-09-12,6427.6875,0.0088205224447393,113.37834991296457,2235.9002548491926,0.0878712301023587,2170.553831975892,0.0780792236328125,5.5753886404810574e-06,763.0583333333334,0.02775,0.02225,0.0317083333333333,0.025,0.0266995913697881,0.0304477745264181,0.0143947528055968,7.675,9.102083333333333,9.925,10.16875,0.40359998,763.0583333333334,68.25833333333334,9.627083333333331,2023-09-12,0.0780792236328125,1091.6327706838863
2023-09-13,2023-09-13,6488.583333333333,0.008778895898067,113.91475615976674,2253.17356551253,0.0833845760329769,2185.3408321867587,0.0749295552571614,5.749461396215395e-06,761.24375,0.0257916666666666,0.0223125,0.032,0.025,0.0260979536990313,0.031130533062725,0.0147175396269299,8.862499999999999,9.28125,9.64375,9.98125,0.0,761.24375,63.825,10.4625,2023-09-13,0.0749295552571614,1099.783576635036
2023-09-14,2023-09-14,6448.979166666667,0.0088062218620617,113.5648220947988,2252.9983513882667,0.083540054391225,2173.816874550618,0.0775159200032552,6.753267880455801e-06,761.8520833333333,0.0256458333333333,0.0224583333333333,0.032,0.0249583333333333,0.0260871201480383,0.0311428273384636,0.0147233519748908,9.36875,9.833333333333334,9.920833333333333,9.941666666666666,1.3827,761.8520833333333,78.02499999999999,8.872916666666667,2023-09-14,0.0775159200032552,1110.8669791751001
2023-09-15,2023-09-15,5984.041666666667,0.009141718081311,109.39536454404764,2109.4935950457766,0.1261474804942433,2023.3067183535768,0.1158307393391927,7.8896581456268e-06,763.8229166666666,0.0839583333333333,0.0578124999999999,0.0325208333333333,0.024,0.0575202061972938,0.0045284892458249,0.0021409276799489,9.939583333333331,9.920833333333333,9.891666666666667,9.9,11.663099,763.8229166666666,94.91875,8.13125,2023-09-15,0.1158307393391927,1118.694179173359
2023-09-16,2023-09-16,5899.6875,0.009207240668637,108.619992810621,2093.474660914433,0.1316267166920155,2029.9862739367345,0.1137161254882812,5.797455910549887e-06,766.0083333333333,0.1186041666666666,0.0589791666666666,0.033,0.024,0.070189761909733,0.0189063245017242,0.0089383172300026,7.241666666666667,8.745833333333334,9.591666666666669,9.89375,5.6008997,766.0083333333333,79.41250000000001,7.504166666666666,2023-09-16,0.1137161254882812,1106.197752825739
2023-09-17,2023-09-17,5990.666666666667,0.0091366267268228,109.45604455881518,2128.595086181784,0.1195855655531673,2066.6348679136577,0.103302001953125,5.550880364044959e-06,765.9375,0.105625,0.0543541666666666,0.0336041666666666,0.024,0.0643388244006297,0.0122664850702709,0.0057992094045129,6.24375,7.60625,8.683333333333334,9.622916666666669,0.0,765.9375,67.83749999999999,9.289583333333336,2023-09-17,0.103302001953125,1108.9770465886738
2023-09-18,2023-09-18,6012.020833333333,0.0091206409983922,109.64993721861826,2145.2783294774576,0.1141387283662618,2081.635202649081,0.0992724100748698,5.66123564214308e-06,763.8937500000001,0.0929791666666666,0.0508958333333333,0.034,0.024,0.0589153127157388,0.006111702749274,0.0028894213670937,7.089583333333334,7.89375,8.560416666666667,9.366666666666667,0.0,763.8937500000001,67.05,9.379166666666666,2023-09-18,0.0992724100748698,1111.9807686671843
2023-09-19,2023-09-19,5848.0,0.0092474664851937,108.14460289907278,2096.375481575599,0.1308101016463144,2024.3500783807256,0.1154975891113281,6.587903508355765e-06,761.8979166666667,0.1096458333333333,0.0489583333333333,0.0342083333333333,0.024,0.0642358509265198,0.0121496273303404,0.0057439627303016,7.683333333333334,8.160416666666666,8.643749999999999,9.241666666666667,4.63,761.8979166666667,83.13333333333334,8.114583333333334,2023-09-19,0.1154975891113281,1107.7424011780383
2023-09-20,2023-09-20,5919.479166666667,0.0091928774491295,108.79788883138286,2100.945628064874,0.1293414232766031,2039.7254387647629,0.1111068725585937,5.5599806194323386e-06,760.5520833333334,0.115875,0.0472083333333333,0.0340833333333333,0.024,0.0658609578800885,0.0139938530144885,0.0066158547898678,6.7,7.658333333333334,8.456249999999999,9.15,0.43629998,760.5520833333334,74.80833333333334,8.304166666666665,2023-09-20,0.1111068725585937,1111.6679630808833
2023-09-21,2023-09-21,6089.520833333333,0.0090625327113087,110.35394541483716,2128.0579482892376,0.1197965664623439,2067.3551543815047,0.1031786600748698,5.440940997589531e-06,758.9,0.1027916666666666,0.0457916666666666,0.0342083333333333,0.024,0.0608480852660646,0.0083050776352161,0.0039263802182488,7.962499999999999,8.341666666666667,8.591666666666667,9.045833333333333,0.9224,758.9,59.67916666666667,10.6625,2023-09-21,0.1031786600748698,1124.549917298352
2023-09-22,2023-09-22,6230.645833333333,0.008958834683182,111.62731989234176,2149.640321766089,0.1125461178470853,2105.3064539296142,0.0931345621744791,3.904754460516339e-06,759.05625,0.0925624999999999,0.0439375,0.03425,0.024,0.0566858315698124,0.0035816130326479,0.0016932743050083,5.520833333333333,7.195833333333333,8.291666666666666,9.041666666666666,0.4155,759.05625,53.29791666666667,8.404166666666667,2023-09-22,0.0931345621744791,1109.4085115887135
2023-09-23,2023-09-23,6193.25,0.0089862816143873,111.29000583469438,2151.941966723685,0.112049081648261,2108.90268031643,0.0924034118652343,3.781226305700052e-06,761.3000000000001,0.0842083333333333,0.04225,0.0342916666666666,0.024,0.0532350062391809,0.0003344988837304,0.0001581405807137,4.360416666666667,6.083333333333333,7.44375,8.793750000000001,0.0,761.3000000000001,55.49583333333334,6.804166666666667,2023-09-23,0.0924034118652343,1110.3960675572005
2023-09-24,2023-09-24,6277.020833333333,0.008925708140679,112.0418454665999,2174.589032441268,0.1050446232928613,2138.156637083628,0.0853716532389323,3.1580600744842607e-06,763.0770833333332,0.0773124999999999,0.0404583333333333,0.034,0.024,0.0501871594532806,0.0037932972794683,0.0017933519774561,3.8395833333333336,5.597916666666666,6.99375,8.472916666666666,0.0,763.0770833333332,49.65625,6.595833333333334,2023-09-24,0.0853716532389323,1100.534781505391
2023-09-25,2023-09-25,5957.416666666667,0.009163340168054,109.14684313273254,2186.746450415187,0.1014815080535965,2147.8571689692403,0.0831375122070312,3.3528502399013093e-06,766.3479166666666,0.0716666666666666,0.0392083333333333,0.0337708333333333,0.024,0.0477608111451105,0.0065467984313712,0.0030951209588697,3.5354166666666664,5.120833333333334,6.53125,8.1875,0.0,766.3479166666666,47.76875,7.6,2023-09-25,0.0831375122070312,1102.1834829882885
2023-09-26,2023-09-26,6010.625,0.009121596692159,109.63761441663704,2180.9240290868142,0.103103894274711,2136.5180705479816,0.0856704711914062,3.848970103079246e-06,765.8166666666666,0.0664583333333333,0.0374791666666666,0.0337083333333333,0.024,0.0453802187958303,0.0092483741919008,0.0043723412438753,4.3375,5.48125,6.522916666666667,7.975,0.0,765.8166666666666,49.6375,9.1875,2023-09-26,0.0856704711914062,1100.5461799787208
2023-09-27,2023-09-27,6128.708333333333,0.0090360997788553,110.6986255516436,2187.818225707444,0.1028935941430389,2140.0609557871376,0.0862134297688802,4.132322251744274e-06,763.6374999999999,0.0607916666666666,0.036375,0.0335,0.02275,0.0428651179379995,0.0121025947033871,0.0057217271794504,5.020833333333333,5.902083333333334,6.675,7.820833333333333,0.0,763.6374999999999,46.864583333333336,10.835416666666667,2023-09-27,0.0862134297688802,1097.8312987114496
2023-09-28,2023-09-28,6360.6875,0.0088674265094998,112.78345633681788,2197.265553423312,0.0984383513434669,2154.349689223842,0.0816752115885416,3.690211674653687e-06,760.4499999999999,0.0558333333333333,0.0344166666666666,0.0329166666666666,0.022,0.0403007936884227,0.0150126755649381,0.0070975221364834,5.060416666666667,6.0,6.752083333333334,7.76875,0.0,760.4499999999999,40.99166666666667,11.408333333333331,2023-09-28,0.0816752115885416,1100.895219431628
2023-09-29,2023-09-29,6569.020833333333,0.008724974847038,114.6187036795065,2228.641572930368,0.0896837683389901,2187.4461822461067,0.0744501749674479,3.487947103048556e-06,759.25625,0.0508333333333333,0.033125,0.0327083333333333,0.02275,0.0381726212449704,0.0174277967801247,0.0082393156970604,5.2875000000000005,6.1875,6.854166666666667,7.79375,0.0,759.25625,38.04166666666666,11.516666666666666,2023-09-29,0.0744501749674479,1105.578953477281
2023-09-30,2023-09-30,6638.458333333333,0.0086796725971622,115.22089317615426,2222.78197132785,0.0913929678946129,2181.16356734757,0.0758641560872395,3.5333671364520256e-06,758.8375,0.0467083333333333,0.032,0.0329583333333333,0.0226249999999999,0.0364197634716496,0.0194169983641302,0.0091797478149288,5.770833333333333,6.4,6.95,7.81875,0.0,758.8375,36.49166666666667,12.408333333333331,2023-09-30,0.0758641560872395,1096.7703990400987
2023-10-01,2023-10-01,6693.333333333333,0.0086440431253851,115.69602692459794,2224.565131095196,0.0909499348129462,2165.976650850238,0.0792427062988281,5.019963719387795e-06,757.4583333333334,0.043625,0.032,0.0330833333333333,0.0235416666666666,0.0354598251469652,0.0205063684573992,0.0096947678270749,7.431249999999999,7.5125,7.56875,7.868749999999999,0.4799,757.4583333333334,46.625,13.583333333333334,2023-10-01,0.0792427062988281,1095.2308638002014
2023-10-02,2023-10-02,6667.145833333333,0.0086608642389339,115.47012641808656,2224.859573645548,0.090931810159611,2159.714521033959,0.0806325276692708,5.59308553916634e-06,758.3979166666667,0.0404166666666666,0.0303333333333333,0.0325416666666666,0.024,0.0337380195561632,0.0224603309868769,0.010618540025231,6.9125000000000005,7.431249999999999,7.725,8.025,1.1164,758.3979166666667,59.40833333333333,10.558333333333334,2023-10-02,0.0806325276692708,1100.8092528109262
2023-10-03,2023-10-03,6178.854166666667,0.0089965998788268,111.16119230784383,2050.430737695101,0.1481911647745337,1996.055510740608,0.1243464152018229,5.044261114948847e-06,758.1854166666667,0.0782916666666666,0.032,0.0467083333333333,0.0220416666666666,0.0507120492065966,0.0031976348448908,0.0015117414612627,4.979166666666667,6.247916666666666,7.191666666666666,8.05625,9.8405,758.1854166666667,87.74166666666667,2.85,2023-10-03,0.1243464152018229,1094.9246873394975
2023-10-04,2023-10-04,6041.145833333333,0.0090986010557166,109.91532450900483,2041.7836994327215,0.1515902711975426,1993.9862973261213,0.1249287923177083,4.438262059118061e-06,761.0749999999999,0.09775,0.032,0.048,0.022,0.0578621832180631,0.0049165761983214,0.0023244030187924,4.2225,5.5525,6.6125,7.840000000000001,1.8723999,761.0749999999999,74.45,4.108333333333333,2023-10-04,0.1249287923177083,1084.7798671460866
2023-10-05,2023-10-05,5908.416666666667,0.0092002128301518,108.70120779570016,2078.9546734404817,0.1368802912430134,2032.171751745416,0.1129849751790364,4.26360099841928e-06,765.8249999999999,0.094,0.032,0.048,0.022,0.0565419173299088,0.0034182943433998,0.0016160623512013,3.49375,5.095833333333333,6.20625,7.587499999999999,0.0,765.8249999999999,72.04166666666667,4.066666666666666,2023-10-05,0.1129849751790364,1086.1206124255411
2023-10-06,2023-10-06,5804.708333333333,0.0092816421649068,107.74452334155058,2069.268928116851,0.1404523376068478,2021.377577216344,0.1161410013834635,4.38691471193639e-06,766.65625,0.0897083333333333,0.032,0.048,0.022,0.0550309463690212,0.0017035939983229,0.0008054058094025,3.06875,4.6625000000000005,5.86875,7.3,0.0,766.65625,68.59166666666667,5.625,2023-10-06,0.1161410013834635,1085.4226478005844
2024-05-20,2024-05-20,5249.958333333333,0.0097609585161516,102.4623587084828,1784.1151945798813,0.3095370132261671,1750.305992855346,0.2416547139485677,3.5826893001434774e-06,755.0645833333333,0.1825833333333333,0.1773333333333333,0.1371666666666667,0.1294166666666666,0.1647053030430452,0.1261657194150527,0.0596471949680332,9.041666666666666,8.50625,7.679166666666667,6.40625,0.0,755.0645833333333,38.86666666666667,11.341666666666669,2024-05-20,0.2416547139485677,966.6776018749048
2024-05-30,2024-05-30,5049.770833333333,0.0099519894488436,100.49178379854698,1767.533144011613,0.3259251291665771,1729.1600539975364,0.2579549153645833,4.11284125497221e-06,760.2083333333334,,,,,,,,,,,,0.0,760.2083333333334,43.425,11.65,2024-05-30,0.2579549153645833,979.4084362313288
2024-05-31,2024-05-31,5123.083333333333,0.009880025021808,101.2203491801092,1804.901302118644,0.2912896021297303,1765.577210546472,0.231054941813151,4.126770850860855e-06,760.96875,,,,,,,,,,,,0.0,760.96875,45.79166666666666,10.566666666666666,2024-05-31,0.231054941813151,981.5614658537908
2024-06-01,2024-06-01,5106.1875,0.0098968521850229,101.05160207793864,1794.276503002957,0.3005687732378522,1749.4248887464648,0.2422014872233072,4.747435694733376e-06,760.6208333333334,,,,,,,,,,,,0.0,760.6208333333334,51.28333333333333,11.558333333333332,2024-06-01,0.2422014872233072,973.8331252162027
2024-06-02,2024-06-02,5304.416666666667,0.0097097428028669,102.99590943916772,1810.274919120131,0.2867665011282395,1771.326984951703,0.2273432413736979,4.076925389534279e-06,757.1604166666666,,,,,,,,,,,,0.0,757.1604166666666,38.075,13.766666666666666,2024-06-02,0.2273432413736979,984.988709312879
2024-06-03,2024-06-03,5369.8125,0.0096508185640758,103.62748423213384,1846.9867823036795,0.2583378442022385,1798.1050329705747,0.2105280558268229,5.0333255622459495e-06,757.0958333333333,,,,,,,,,,,,0.0,757.0958333333333,45.19166666666666,13.65,2024-06-03,0.2105280558268229,988.2152776130637
2024-06-04,2024-06-04,5279.541666666667,0.0097335513561974,102.75074271244485,1832.3021343037308,0.2692732708110497,1768.5070035960678,0.2298355102539062,6.697933024041481e-06,757.7083333333334,,,,,,,,,,,,2.1322,757.7083333333334,63.725,13.116666666666667,2024-06-04,0.2298355102539062,983.1726594962565
2024-06-05,2024-06-05,5127.479166666667,0.0098762457960383,101.26219448387693,1831.899844141176,0.2699295677304477,1776.6601148446225,0.2240180969238281,5.755457301936149e-06,762.7208333333333,,,,,,,,,,,,0.0,762.7208333333333,58.89166666666667,12.5,2024-06-05,0.2240180969238281,979.5295988788243
2024-06-06,2024-06-06,5141.770833333333,0.009862299919689,101.4039361628384,1866.5698878204587,0.2439319668566958,1810.816926459609,0.2029380798339843,5.704356781054242e-06,763.8375,,,,,,,,,,,,0.0,763.8375,51.21666666666667,14.875,2024-06-06,0.2029380798339843,992.5336864068355
2024-06-07,2024-06-07,5290.979166666667,0.0097224059128036,102.86416843225275,1891.3083194275296,0.2285069720977452,1831.032120785302,0.1926066080729166,6.099002255510175e-06,761.9854166666668,,,,,,,,,,,,0.0,761.9854166666668,48.69166666666666,15.266666666666666,2024-06-07,0.1926066080729166,992.0723424905785
2024-06-08,2024-06-08,5377.3125,0.0096439658781836,103.70025119281486,1896.365734771157,0.2248874229167429,1831.5008159814647,0.1919530232747396,6.560250013186295e-06,760.9104166666666,,,,,,,,,,,,0.0,760.9104166666666,55.65833333333333,15.083333333333334,2024-06-08,0.1919530232747396,996.4192676711789
2024-06-09,2024-06-09,5398.479166666667,0.0096249115577266,103.90462237912816,1905.4175159741164,0.2194982424024597,1835.3620930122363,0.1899795532226562,7.067999390216412e-06,761.7041666666668,,,,,,,,,,,,1.0964999,761.7041666666668,64.95833333333333,13.75,2024-06-09,0.1899795532226562,989.3572452592233
2024-06-10,2024-06-10,5467.270833333333,0.0095642784140897,104.56413851896916,1919.921924003774,0.210844987630221,1851.8937976333848,0.1817296346028646,6.806203047764688e-06,761.5666666666666,,,,,,,,,,,,0.0,761.5666666666666,52.458333333333336,15.933333333333332,2024-06-10,0.1817296346028646,997.5734805505208
2024-06-11,2024-06-11,5463.229166666667,0.0095676971803445,104.52592396971552,1930.534788800848,0.2047168242414377,1859.4421833473368,0.1780039469401041,7.0850880245500885e-06,762.7958333333332,,,,,,,,,,,,0.7407,762.7958333333332,61.80833333333334,14.725,2024-06-11,0.1780039469401041,992.3144275608804
2024-06-12,2024-06-12,5542.166666666667,0.0094988374810609,105.2801186672619,1958.616892858568,0.1893339584282348,1895.059222735861,0.161529541015625,6.212580954496874e-06,763.4541666666668,,,,,,,,,,,,0.0,763.4541666666668,48.925,16.216666666666665,2024-06-12,0.161529541015625,1004.3419396204373
2024-06-13,2024-06-13,5629.354166666667,0.0094252025664807,106.10421087053096,1983.3888302863456,0.1772441481957586,1929.7238105341896,0.1476376851399739,5.154360309400933e-06,764.03125,,,,,,,,,,,,0.0,764.03125,40.11666666666667,16.875,2024-06-13,0.1476376851399739,1011.0797269657633
2024-06-14,2024-06-14,5603.6875,0.0094469679682898,105.86128402155224,1995.7338359294472,0.1714659165081375,1925.2985852669065,0.1494483947753906,6.78457047293799e-06,764.18125,,,,,,,,,,,,0.0,764.18125,54.083333333333336,15.225,2024-06-14,0.1494483947753906,1009.3244126915527
2024-06-15,2024-06-15,5707.75,0.0093607158485785,106.83870502687408,2010.746901013108,0.1647656496297509,1937.00231650231,0.1449063618977864,7.051947865329451e-06,761.5208333333334,,,,,,,,,,,,0.61079997,761.5208333333334,69.60000000000001,12.183333333333332,2024-06-15,0.1449063618977864,1017.604797563114
2024-06-16,2024-06-16,5885.604166666667,0.0092180512347287,108.49105549401098,2014.309379116157,0.1629824861847675,1958.907870729112,0.1366513570149739,5.238744964754197e-06,757.4125,,,,,,,,,,,,0.0,757.4125,44.925,15.666666666666666,2024-06-16,0.1366513570149739,1019.8943435820423
2024-06-17,2024-06-17,6193.3125,0.008986434086324,111.28974488721296,2047.0366601355188,0.1491964546384097,1997.27851074558,0.1236902872721354,4.614276899704625e-06,753.1395833333332,,,,,,,,,,,,0.0,753.1395833333332,38.1,15.566666666666668,2024-06-17,0.1236902872721354,1030.5849149631515
2024-06-18,2024-06-18,6227.5,0.008961737556023,111.59648569903432,2064.7387342265006,0.1423171024354209,2015.800510623367,0.1178970336914062,4.4933459232166326e-06,753.8770833333333,,,,,,,,,,,,0.0,753.8770833333333,43.43333333333334,12.808333333333332,2024-06-18,0.1178970336914062,1033.7460267521035
2024-06-19,2024-06-19,6046.625,0.0090941518364057,109.96646185066376,2076.2160031501467,0.1379620916428215,2016.7407377249256,0.1178156534830729,5.474055959686835e-06,759.5270833333334,,,,,,,,,,,,0.0,759.5270833333334,50.06666666666666,12.816666666666668,2024-06-19,0.1178156534830729,1025.1274758076047
2024-06-20,2024-06-20,5844.333333333333,0.0092509572460143,108.10839491339232,2057.0327869515854,0.145201657913838,1973.176747210827,0.1318066914876302,7.880306592067015e-06,762.9166666666666,,,,,,,,,,,,0.87109995,762.9166666666666,63.30833333333334,14.883333333333333,2024-06-20,0.1318066914876302,1046.0657509111065
2024-06-21,2024-06-21,5592.270833333333,0.0094569259605368,105.75218612916592,2007.4199471126049,0.1665099356209858,1918.35396633868,0.1523017883300781,8.59488906925663e-06,764.8791666666666,,,,,,,,,,,,10.5486,764.8791666666666,75.79166666666667,13.225,2024-06-21,0.1523017883300781,1052.5063467349441
2024-06-22,2024-06-22,5332.229166666667,0.0096869437592063,103.25634545797942,1910.7363958034264,0.2189419156618501,1828.6000669415932,0.1952857971191406,8.298285262662242e-06,765.3791666666666,,,,,,,,,,,,11.763599,765.3791666666666,81.29166666666667,11.966666666666669,2024-06-22,0.1952857971191406,1045.7885470661702
2024-06-23,2024-06-23,5382.958333333333,0.0096391131207082,103.7539316995704,1882.6621492998672,0.2340158259468779,1812.6186491647984,0.2026532491048177,7.160373135978772e-06,766.36875,,,,,,,,,,,,0.0,766.36875,66.26666666666667,13.833333333333334,2024-06-23,0.2026532491048177,1031.9988211904958
2024-06-24,2024-06-24,5487.958333333333,0.0095459719422189,104.76274396980436,1940.4481451977956,0.1991886668444385,1864.014585920972,0.1756490071614583,7.594647076150927e-06,764.3083333333334,,,,,,,,,,,,0.0,764.3083333333334,60.15,15.933333333333332,2024-06-24,0.1756490071614583,1043.511443538233
2024-06-25,2024-06-25,5599.0625,0.0094506138322987,105.81853955417428,1968.467300070237,0.184830775350251,1894.574859393035,0.1620941162109375,7.222797085977212e-06,764.50625,,,,,,,,,,,,0.0,764.50625,54.51666666666667,16.958333333333332,2024-06-25,0.1620941162109375,1042.191732485213
2024-06-26,2024-06-26,5553.5625,0.0094892656513355,105.3876376916906,1990.452424644768,0.1739586497107704,1904.6458591955543,0.1576334635416666,8.346392287721719e-06,764.8791666666666,,,,,,,,,,,,0.0,764.8791666666666,65.075,15.5,2024-06-26,0.1576334635416666,1047.0722104460324
2024-06-27,2024-06-27,5597.458333333333,0.0094533383051229,105.798234097334,1994.046338992476,0.1726969155374589,1896.9429496830016,0.1612841288248697,9.481141408922886e-06,761.96875,0.062,0.048,0.052,0.054,0.0544995407459743,0.0011005371370058,0.0005202994401719,17.337500000000002,13.575,11.15,9.8,2.5751998,761.96875,80.85000000000001,14.133333333333333,2024-06-27,0.1612841288248697,1054.4701689855085
2024-06-28,2024-06-28,5621.25,0.0094333238592687,106.02280363216435,1933.9947257449685,0.2028361460984193,1843.517505253042,0.1859118143717447,9.097226162459582e-06,760.30625,0.0692083333333333,0.048,0.052,0.0537916666666666,0.057015518318349,0.0039557525734574,0.0018701557450649,12.54375,12.0125,11.270833333333334,9.91875,7.1956,760.30625,83.85833333333333,12.6,2024-06-28,0.1859118143717447,1056.418625634494
2024-06-29,2024-06-29,5315.604166666667,0.0097011061480926,103.09882132637462,1922.300325566647,0.2104840796950956,1830.126621504096,0.1935640970865885,9.32625058120298e-06,764.1791666666667,0.0969166666666666,0.048,0.052,0.0529166666666666,0.0666789754699858,0.0149221667147412,0.0070547323909086,13.514583333333334,12.402083333333332,11.279166666666669,9.9125,4.8334,764.1791666666667,75.375,15.3,2024-06-29,0.1935640970865885,1067.2198049125527
2024-06-30,2024-06-30,5264.1875,0.0097469028278527,102.60413974887248,1920.2182434413487,0.2107509601275141,1826.2557163202364,0.1948699951171875,9.530478085302912e-06,766.36875,0.0980416666666666,0.048,0.052,0.052,0.0669788410652914,0.0152624642142015,0.0072156143752666,14.7875,13.60625,12.145833333333334,10.2125,1.0346,766.36875,68.66666666666667,16.766666666666666,2024-06-30,0.1948699951171875,1058.4805874455287
2024-07-01,2024-07-01,5265.0,0.0097469096485266,102.60938406826932,1876.249909164933,0.2389814150949289,1775.4867472332603,0.2257016499837239,1.0509389883668592e-05,764.0395833333333,0.1035833333333333,0.048,0.052,0.0516666666666666,0.06889491368424,0.0174368874598827,0.008243613485322,14.36875,13.558333333333332,12.40625,10.4,8.3206,764.0395833333333,86.52499999999999,14.466666666666669,2024-07-01,0.2257016499837239,1053.262347612714
2024-07-02,2024-07-02,5065.416666666667,0.0099411204633039,100.6319054708598,1769.81658974149,0.3315221094438532,1687.018718842795,0.3032951354980469,9.079986409293674e-06,762.3833333333333,0.2185416666666666,0.074,0.052,0.05,0.1171955488708432,0.0722500625411873,0.0341575634556452,13.433333333333332,12.997916666666669,12.264583333333334,10.64375,19.6477,762.3833333333333,83.43333333333334,12.808333333333332,2024-07-02,0.3032951354980469,1004.0453891894057
2024-07-03,2024-07-03,5097.125,0.0099056276964463,100.96195358088669,1778.53232789095,0.3158912338687283,1713.473180212375,0.2714487711588542,7.037052703068619e-06,763.0604166666667,0.2115833333333333,0.1159166666666666,0.053875,0.05,0.1280875125353491,0.0846106269315985,0.0400012506119348,12.029166666666669,11.920833333333334,11.672916666666666,10.63125,1.6919,763.0604166666667,68.61666666666666,12.825,2024-07-03,0.2714487711588542,1019.4655008376017
2024-07-04,2024-07-04,5171.3125,0.0098342893731927,101.6941378271283,1820.815907612944,0.2784301682784793,1766.942255232965,0.2302818298339843,5.646729954451224e-06,764.6666666666666,0.17355,0.1143,0.054,0.04985,0.1142131722358575,0.068865561860807,0.0325574776883856,10.7725,11.085,11.165,10.46,0.0,764.6666666666666,57.375,12.125,2024-07-04,0.2302818298339843,1019.5230034446093
2024-07-05,2024-07-05,5212.958333333333,0.0097953932649056,102.10115775843737,1851.957145249601,0.2552809506932208,1802.8405710936267,0.2082964579264322,5.044452077993954e-06,766.34375,0.144375,0.1055,0.054,0.0489166666666666,0.1011351418488073,0.0540241758923916,0.0255409359006622,10.479166666666666,10.804166666666667,10.8375,10.31875,0.0,766.34375,54.333333333333336,11.358333333333334,2024-07-05,0.2082964579264322,1024.751283667162
2024-07-06,2024-07-06,5365.520833333333,0.0096543295020286,103.58731562092356,1871.965867668675,0.240457292249791,1820.324478434917,0.1977361043294271,5.254155148130105e-06,764.2604166666666,0.12,0.09675,0.054,0.0477916666666666,0.0897423229165465,0.0410952242048821,0.0194285330576983,10.341666666666669,10.4875,10.49375,10.0625,0.0,764.2604166666666,52.65,12.208333333333334,2024-07-06,0.1977361043294271,1034.8254558192946
2024-07-07,2024-07-07,5512.166666666667,0.0095247727548443,104.9943436238371,1901.8359614676465,0.2213785576463511,1849.5011738482635,0.1826591491699218,5.240858609939738e-06,762.3458333333333,0.1002916666666666,0.088625,0.0535833333333333,0.046,0.0800168872332717,0.0300584747544904,0.0142107040837662,10.858333333333334,10.754166666666668,10.55,9.98125,0.0,762.3458333333333,50.725,13.125,2024-07-07,0.1826591491699218,1032.8132954540192
2024-07-08,2024-07-08,5532.020833333333,0.0095080070991212,105.18200728886622,1927.5513289369856,0.2064033119330072,1873.0470854534944,0.1715672810872396,5.390931395984091e-06,763.8041666666667,0.0854583333333333,0.08125,0.0527083333333333,0.045875,0.0723057634504194,0.0213076337696844,0.0100735809351409,10.589583333333334,10.629166666666666,10.50625,9.93125,0.0,763.8041666666667,56.13333333333333,12.291666666666666,2024-07-08,0.1715672810872396,1040.5809002046537
2024-07-09,2024-07-09,5559.416666666667,0.0094844126019124,105.44262598313529,1952.4375706962408,0.1927840365254906,1892.143678186245,0.1629918416341146,5.903247113547057e-06,764.75,0.0754583333333333,0.0749583333333333,0.052,0.045125,0.0666033346455327,0.0148363269791346,0.007014150056266,10.814583333333331,10.635416666666666,10.40625,9.8,0.0,764.75,56.825,13.375,2024-07-09,0.1629918416341146,1044.2110486116635
2024-07-10,2024-07-10,5503.0,0.0094875453716891,105.4061982508762,1979.4687541102132,0.1790602042658935,1914.0408678770332,0.1536650962017952,6.329340799601905e-06,766.4458333333333,0.0671666666666666,0.0685,0.051875,0.043625,0.0615095416581837,0.0090557204557462,0.0042812605999808,11.733333333333334,11.252083333333331,10.7125,9.812500000000002,0.0,766.4458333333333,56.075,14.241666666666667,2024-07-10,0.1536650962017952,1045.7429124338043
2024-07-11,2024-07-11,5601.145833333333,0.0094491841615061,105.83699838632946,2020.0562248315705,0.1609851343168445,1948.9086407254476,0.1406911214192708,6.761165149161983e-06,766.5187500000001,0.0611666666666666,0.0626666666666666,0.0511666666666666,0.042,0.0572646180768479,0.0042384393046476,0.002003801165139,12.50625,11.722916666666668,10.99375,10.01875,0.0,766.5187500000001,51.95,16.508333333333333,2024-07-11,0.1406911214192708,1063.019234498298
2024-07-12,2024-07-12,5723.479166666667,0.0093476063899447,106.98672455688238,2042.932322841291,0.1510500524816411,1971.0272811787615,0.1326344807942708,6.760527498347864e-06,766.1374999999999,0.0572916666666666,0.0575,0.05,0.04175,0.054009550100608,0.0005444793765042,0.0002574127716862,13.110416666666666,12.208333333333334,11.360416666666666,10.1,0.0,766.1374999999999,48.13333333333333,18.10833333333333,2024-07-12,0.1326344807942708,1064.2219804999365
2024-07-13,2024-07-13,5757.3125,0.0093202101032417,107.30205075555588,2070.531238060318,0.1401204868445085,2004.8053957138752,0.1214383443196614,6.077427822674585e-06,767.36875,0.05425,0.0524166666666666,0.0491666666666666,0.04,0.0509944794348586,0.0028771235826648,0.0013602137892764,13.120833333333332,12.385416666666666,11.583333333333334,10.30625,0.0,767.36875,43.81666666666666,17.741666666666667,2024-07-13,0.1214383443196614,1065.3500980610524
2024-07-14,2024-07-14,5771.895833333333,0.0093084592868591,107.4377505788356,2094.562540930026,0.1314254066340254,2013.766596824954,0.11865234375,7.429331038491092e-06,768.1666666666666,0.0510833333333333,0.0482499999999999,0.048,0.0394166666666666,0.0482615805732079,0.0059785085479851,0.0028264513263432,13.666666666666666,12.7125,11.835416666666667,10.4,0.0,768.1666666666666,50.86666666666667,17.825,2024-07-14,0.11865234375,1060.363317610107
2024-07-15,2024-07-15,5783.104166666667,0.0092992456937025,107.5427407032122,2088.9112804666297,0.1332361398406261,1994.6552317200333,0.1245969136555989,8.751857381677216e-06,767.0104166666666,0.049125,0.0453333333333333,0.0474166666666666,0.038,0.046388546417631,0.0081040903070296,0.0038313597134236,13.6,12.747916666666669,11.86875,10.525,2.2456,767.0104166666666,68.21666666666667,16.208333333333332,2024-07-15,0.1245969136555989,1066.4172030763737
2024-07-16,2024-07-16,5828.854166666667,0.0092627913283827,107.96684856260391,2091.850115317201,0.1323549984932938,1993.6500312826477,0.1250292460123697,9.119715391878453e-06,765.9812499999999,0.047625,0.0431666666666666,0.046,0.0376666666666666,0.0448254187688616,0.0098779798046606,0.0046699990300898,13.164583333333333,12.552083333333334,11.866666666666667,10.6625,2.9993,765.9812499999999,77.18333333333334,14.475,2024-07-16,0.1250292460123697,1074.0422768231977
2024-07-17,2024-07-17,5882.5,0.0092204006017091,108.46275766831388,2105.735164004796,0.1272182655495607,2026.17974988468,0.1147422790527343,7.272351427189363e-06,767.1833333333334,0.0468333333333333,0.0414583333333333,0.0455416666666666,0.036,0.0437381850350662,0.0111118089825709,0.0052533147665139,12.375,11.96875,11.552083333333334,10.65,1.04,767.1833333333334,67.85000000000001,13.666666666666666,2024-07-17,0.1147422790527343,1076.1580132370148
2024-07-18,2024-07-18,5939.25,0.0091764486099992,108.98389121181368,2113.2569108140474,0.1247528422138527,2031.5649716931557,0.1133168538411458,7.451953432471578e-06,767.0958333333333,0.0457083333333333,0.0397083333333333,0.044,0.0355833333333333,0.042397176329483,0.0126336304799634,0.0059727842387474,12.779166666666669,12.054166666666667,11.472916666666668,10.475,0.0,767.0958333333333,59.06666666666666,16.216666666666665,2024-07-18,0.1133168538411458,1076.4048187247026
2024-07-19,2024-07-19,5919.0,0.0091923257829449,108.79716148290964,2128.9042582297648,0.1195380551939572,2031.9517467117955,0.1132888793945312,8.843601816502931e-06,767.75,0.0442499999999999,0.038,0.044,0.034,0.0411917734105902,0.0140015619984936,0.0066194993557141,13.804166666666667,12.85625,11.925,10.6125,2.0967,767.75,69.81666666666666,15.75,2024-07-19,0.1132888793945312,1072.7573243139666
2024-07-20,2024-07-20,5976.583333333333,0.0091472475980658,109.32785315561408,2141.272390198124,0.1151810355644591,2054.5431524122205,0.1064834594726562,7.822328515957925e-06,767.3958333333334,0.0436666666666666,0.037,0.0435416666666666,0.0337916666666666,0.0405489613227946,0.0147310466393601,0.0069643768137248,12.885416666666666,12.314583333333331,11.75625,10.699999999999998,0.6045,767.3958333333334,66.15833333333333,15.15,2024-07-20,0.1064834594726562,1068.87652924271
2024-07-21,2024-07-21,6044.020833333333,0.0090963245110207,109.94191927647748,2144.113736265244,0.1144289162362801,2061.7856545772725,0.10455322265625,7.395198726752986e-06,766.34375,0.0425,0.0359583333333333,0.042,0.032,0.0392669672810813,0.0161858963238443,0.0076521841133775,12.979166666666666,12.320833333333333,11.714583333333335,10.699999999999998,0.0,766.34375,63.06666666666666,14.841666666666669,2024-07-21,0.10455322265625,1075.0267411912303
2024-07-22,2024-07-22,6173.708333333333,0.009000327705485,111.114969893895,2165.8882682177477,0.1076303326549266,2093.080152973389,0.0963007609049479,6.445292334534839e-06,765.8333333333334,0.0409166666666666,0.034,0.04175,0.0318333333333333,0.0380305080817464,0.0175890715473625,0.0083155613486483,12.279166666666669,11.95,11.5625,10.66875,0.0744,765.8333333333334,57.94166666666666,14.1,2024-07-22,0.0963007609049479,1069.9435022040282
2024-07-23,2024-07-23,6168.5,0.0090040036331587,111.06859795233888,2181.729679677514,0.1028847816847754,2109.521864847311,0.0921605428059895,6.341875088835908e-06,766.2083333333334,0.0395833333333333,0.0329583333333333,0.0404166666666666,0.0308333333333333,0.0368219287074383,0.0189606078136595,0.0089639806772966,12.49375,11.941666666666668,11.427083333333334,10.55625,0.0,766.2083333333334,54.583333333333336,15.083333333333334,2024-07-23,0.0921605428059895,1081.1886878544674
2024-07-24,2024-07-24,6012.291666666667,0.009120299367014,109.6529371194694,2189.9296435387164,0.1005766669303542,2116.3418345633013,0.0905125935872395,6.439924460644677e-06,768.225,0.038625,0.032,0.04,0.0298333333333333,0.0359866196482047,0.0199085444512189,0.0094121353876252,12.66875,11.954166666666666,11.366666666666667,10.45625,0.0,768.225,52.125,16.016666666666666,2024-07-24,0.0905125935872395,1078.8987032196942
2024-07-25,2024-07-25,6007.729166666667,0.0091237623165739,109.61133947411273,2185.504217965693,0.1018564041788202,2102.164202972516,0.094031016031901,7.344490758935209e-06,768.6625,0.03725,0.0304166666666666,0.03925,0.028,0.0346463905689916,0.0214294812025504,0.010131186579671,13.733333333333334,12.75,11.7875,10.58125,0.0,768.6625,49.79166666666666,18.308333333333334,2024-07-25,0.094031016031901,1072.8923607412798
2024-07-26,2024-07-26,6080.583333333333,0.0090691498790846,110.27310529557006,2179.400002427598,0.1037566161713147,2083.462838206651,0.098828633626302,8.527815270826616e-06,765.8083333333334,0.0366666666666666,0.03,0.038,0.028,0.0340187827548461,0.0221417115255316,0.010467906737365,13.945833333333333,13.029166666666669,12.008333333333333,10.69375,0.40269998,765.8083333333334,61.28333333333333,16.616666666666667,2024-07-26,0.098828633626302,1088.9994064595342
2024-07-27,2024-07-27,5944.104166666667,0.0091740799766513,109.02291311914122,2094.910879846044,0.1322210984633339,1994.460145708805,0.1256001790364583,9.323888450962058e-06,762.6104166666668,0.0554583333333333,0.03,0.038,0.028,0.0406347818165969,0.014633654674758,0.0069183329475472,13.45,12.697916666666666,11.9375,10.699999999999998,7.7538996,762.6104166666668,78.16666666666667,14.95,2024-07-27,0.1256001790364583,1110.274419625114
2024-07-28,2024-07-28,6156.1875,0.0090128006335637,110.95852984390436,2111.1196207582734,0.1252712508400618,2039.8517843707837,0.1107686360677083,6.483290386947553e-06,760.7458333333334,0.0577916666666666,0.03,0.038,0.028,0.0414562805914484,0.0137013904094735,0.0064775876432683,13.254166666666668,12.858333333333334,12.152083333333332,10.85,0.6896,760.7458333333334,52.45,16.308333333333334,2024-07-28,0.1107686360677083,1106.5194507602228
2024-07-29,2024-07-29,6180.083333333333,0.008995498174457,111.1731009583379,2154.2861439106623,0.1112416522143898,2093.83975334304,0.0960884094238281,5.34640270890378e-06,763.50625,0.0504583333333333,0.03,0.038,0.028,0.0388744272990579,0.0166313638146534,0.0078627871710021,11.714583333333332,11.797916666666666,11.6375,10.8375,0.0,763.50625,44.88333333333333,15.216666666666669,2024-07-29,0.0960884094238281,1103.994311746586
2024-07-30,2024-07-30,6187.5,0.0089902237456432,111.2392896038694,2179.910553652964,0.1035868470425698,2121.9251683363177,0.0892753601074218,5.062993373423506e-06,763.5708333333333,0.044875,0.03,0.038,0.0278333333333333,0.036891204602144,0.0188819912130547,0.0089268132143301,11.535416666666668,11.533333333333331,11.347916666666668,10.699999999999998,0.0,763.5708333333333,40.88333333333333,15.866666666666667,2024-07-30,0.0892753601074218,1094.1423906983566
2024-07-31,2024-07-31,6127.0625,0.0090342110574615,110.69568504073756,2170.088778351222,0.1063717196642109,2115.662091450401,0.0906855265299479,4.767970292193727e-06,764.2416666666667,0.0410833333333333,0.0291249999999999,0.0375833333333333,0.0261666666666666,0.035014035084429,0.0210122659192627,0.0099339402796358,11.447916666666666,11.44375,11.2125,10.65625,0.0,764.2416666666667,41.74166666666667,15.283333333333331,2024-07-31,0.0906855265299479,1082.1082742416816
2024-08-01,2024-08-01,5865.979166666667,0.0092331707088306,108.31116317666698,2188.862090785065,0.1007242614767298,2131.72280385717,0.0867322285970052,4.9640470433128354e-06,767.6520833333334,0.0385,0.0283333333333333,0.0370833333333333,0.026,0.033725774019077,0.0224742276316245,0.0106251099230012,11.458333333333334,11.329166666666666,11.04375,10.44375,0.0,767.6520833333334,41.55,16.016666666666666,2024-08-01,0.0867322285970052,1087.1323135696096
2024-08-02,2024-08-02,5795.3125,0.0092898708259617,107.65454945239009,2206.6750538844813,0.0959006217538383,2135.8806551410285,0.0859451293945312,6.142335294615956e-06,769.525,0.0369166666666666,0.028,0.036,0.026,0.0328109422877387,0.023512409255242,0.0111159296322158,12.452083333333334,11.864583333333334,11.2125,10.4,0.0,769.525,46.45,17.675,2024-08-02,0.0859451293945312,1090.1617852671718
2024-08-03,2024-08-03,5905.020833333333,0.0092026177117787,108.67091182585278,2210.413903594254,0.0946885519262415,2138.618186074176,0.0851834615071614,6.2189881185878624e-06,767.9416666666666,0.036,0.028,0.036,0.026,0.0324882106261898,0.0238786559308895,0.0112890795731825,12.897916666666667,12.247916666666669,11.51875,10.53125,0.0,767.9416666666666,45.88333333333333,17.683333333333334,2024-08-03,0.0851834615071614,1089.9370493203733
2024-08-04,2024-08-04,6024.604166666667,0.0091109047230335,109.76545100705532,2210.7768646954687,0.0947864022825511,2120.213063718866,0.089636484781901,7.913668475845902e-06,765.9812499999999,0.0347,0.02795,0.036,0.026,0.0320151298251666,0.024415523834881,0.0115428938793976,13.8875,12.9125,12.0,10.685,0.0,765.9812499999999,48.39166666666667,19.383333333333333,2024-08-04,0.089636484781901,1101.2862971885888
2024-08-05,2024-08-05,5761.208333333333,0.0093172320896165,107.33768350149086,2161.395835128756,0.1093302939603663,2049.951992501966,0.1080322265625,1.0063081050291748e-05,767.4208333333332,0.0459166666666666,0.0275833333333333,0.036,0.026,0.0358513418654498,0.0200620622002527,0.0094847137643041,13.397916666666667,12.7875,12.083333333333334,10.83125,7.0046,767.4208333333332,85.09166666666667,14.358333333333334,2024-08-05,0.1080322265625,1113.2684488729635
2024-08-06,2024-08-06,5788.479166666667,0.0092956183354259,107.58999731173218,2160.457209461349,0.1096654877878431,2063.347221510715,0.1043777465820312,8.712681976118195e-06,768.25,0.0425,0.028,0.036,0.0259583333333333,0.0347722981275751,0.0212865970970716,0.0100636354561421,13.99375,13.083333333333334,12.197916666666666,10.9375,3.6711998,768.25,64.35000000000001,17.133333333333333,2024-08-06,0.1043777465820312,1106.0189032119133
2024-08-07,2024-08-07,5957.791666666667,0.0091627256838176,109.1515890850876,2195.1839370568337,0.0993770378259358,2091.726147891043,0.0967547098795573,9.149342691118914e-06,766.6437500000001,0.0385833333333333,0.028,0.036,0.0254583333333333,0.033340873298517,0.0229110258332106,0.0108316144125923,14.347916666666668,13.583333333333334,12.61875,11.0,1.2742,766.6437500000001,64.41666666666667,17.316666666666666,2024-08-07,0.0967547098795573,1100.4410442137494
2024-08-08,2024-08-08,5992.395833333333,0.0091357758819391,109.46995729116048,2179.430887426263,0.1037525862418816,2085.718874428847,0.0983225504557291,8.326818278120308e-06,765.30625,0.0369583333333333,0.0272083333333333,0.0357916666666666,0.0241666666666666,0.0323405312196757,0.0240462474570441,0.0113683115902619,13.133333333333333,12.85,12.33125,11.15,2.3192,765.30625,75.10833333333333,14.15,2024-08-08,0.0983225504557291,1107.466108424807
2024-08-09,2024-08-09,6046.3125,0.00909448087119,109.96323391559169,2209.852401966996,0.0950413406278952,2113.806592186587,0.0911827087402343,8.413315400464325e-06,765.5166666666668,0.0361666666666666,0.0274166666666666,0.036,0.024,0.0321574333067619,0.0242540330879948,0.0114665461194061,13.916666666666666,13.222916666666668,12.4125,11.09375,0.0,765.5166666666668,63.375,15.841666666666669,2024-08-09,0.0911827087402343,1113.8148956346686
2024-08-10,2024-08-10,5896.541666666667,0.0092097300580435,108.59090932680886,2181.669996256168,0.1031632147183008,2082.4561810001624,0.0991795857747395,8.821326099635472e-06,766.7958333333332,0.036375,0.0267916666666666,0.0350833333333333,0.024,0.0318228275653835,0.0246337548662804,0.0116460666662553,12.554166666666667,12.410416666666668,12.11875,11.125,4.5111,766.7958333333332,82.64999999999999,12.7,2024-08-10,0.0991795857747395,1109.7386863599834
2024-08-11,2024-08-11,5251.395833333333,0.0097679262692758,102.4462123043678,1969.1531085525687,0.1892997694976782,1877.209457892586,0.1744283040364583,9.089723718584057e-06,766.7541666666666,0.1042083333333333,0.0341666666666666,0.035875,0.024,0.0581609894821312,0.0052556715332891,0.002484716657484,12.675,12.29375,11.947916666666666,11.0,13.1966,766.7541666666666,80.48333333333333,13.525,2024-08-11,0.1744283040364583,1060.0766779837345
2024-08-12,2024-08-12,5251.583333333333,0.0097585084155086,102.48152505620952,1949.138754131313,0.1945675504515679,1861.440610910476,0.1769027709960937,8.725134958195878e-06,765.7687500000001,0.12725,0.0415,0.0379583333333333,0.024,0.0690202793759987,0.0175791566367789,0.0083108738899042,13.225,12.8625,12.370833333333332,11.0,1.9016999,765.7687500000001,70.69166666666666,14.916666666666666,2024-08-12,0.1769027709960937,1079.1689467038257
2024-08-13,2024-08-13,5355.0625,0.009663656159046,103.48665807043848,2027.6967879331175,0.1622240849114602,1928.411218140557,0.1521962483723958,9.519400709754796e-06,764.6291666666666,0.109,0.04,0.038,0.024,0.0621431264119745,0.0097747336095943,0.004621187467366,12.520833333333334,12.508333333333333,12.275,11.20625,1.173,764.6291666666666,86.26666666666667,12.641666666666666,2024-08-13,0.1521962483723958,1112.1950090924392
2024-08-16,2024-08-16,5583.708333333333,0.0094634800307612,105.6737882614704,2091.424435947114,0.1398851168168458,2016.310904773387,0.1235860188802083,6.869733878464601e-06,765.1416666666668,0.1140833333333333,0.0399583333333333,0.038,0.024,0.0639199963160866,0.0117911849621391,0.0055745024211144,11.927083333333334,11.685416666666669,11.464583333333332,10.8875,0.0,765.1416666666668,58.65833333333333,15.241666666666667,2024-08-16,0.1235860188802083,1109.2820883597747
2024-08-17,2024-08-17,5608.25,0.0094427398138925,105.90580761899524,2049.5171216878584,0.148231180774338,1976.6282063758608,0.1305198669433593,6.829872398945583e-06,766.4291666666667,0.094625,0.0387916666666666,0.038,0.024,0.0567102153678586,0.0036092845816098,0.0017063565454429,12.05,11.875,11.654166666666669,10.875,0.0,766.4291666666667,54.575,15.266666666666666,2024-08-17,0.1305198669433593,1104.8140181851727
2024-08-18,2024-08-18,5473.416666666667,0.0095588027301307,104.62329295988393,2056.566655063914,0.1455202697785081,1965.8791008134333,0.1343714396158854,8.546814167428646e-06,768.0354166666666,0.0812916666666666,0.038,0.038,0.0243749999999999,0.0518116437448284,0.0019497782129916,0.000921793984562,13.085416666666667,12.55625,12.002083333333331,10.9375,1.4384999,768.0354166666666,69.81666666666666,14.841666666666669,2024-08-18,0.1343714396158854,1113.702529728831
2024-08-19,2024-08-19,5470.604166666667,0.0095613737750319,104.5959735312493,2050.551828406226,0.1478061853529092,1952.7624735501784,0.139007568359375,9.281255124379543e-06,768.2020833333332,0.0737083333333333,0.0368333333333333,0.038,0.0252083333333333,0.0488701722040653,0.0052878584253455,0.0024999336105106,12.7875,12.414583333333333,12.04375,11.0,1.559,768.2020833333332,82.46666666666667,13.75,2024-08-19,0.139007568359375,1116.1157333081837
2024-08-20,2024-08-20,5633.333333333333,0.0094220784770801,106.1409325533907,2079.125598521729,0.1368188640810258,1990.039422521066,0.1261024475097656,8.291649307630863e-06,768.3104166666667,0.068375,0.0361666666666666,0.038,0.0257916666666666,0.0468485062323326,0.0075821125368366,0.0035845849954413,12.870833333333332,12.535416666666668,12.141666666666666,11.025,0.0,768.3104166666667,67.75,15.408333333333331,2024-08-20,0.1261024475097656,1108.1077940716702
2024-08-21,2024-08-21,5617.479166666667,0.0094372749994167,105.98438508926102,2061.5277153308643,0.1442589440134516,1963.278658784508,0.1363741556803385,9.30064656367124e-06,767.6270833333333,0.071125,0.036,0.038,0.026,0.0477872726525129,0.0065167690283922,0.0030809239990096,13.172916666666666,12.816666666666668,12.354166666666666,11.18125,3.5323,767.6270833333333,74.75833333333334,14.808333333333332,2024-08-21,0.1363741556803385,1126.096683269164
2024-08-22,2024-08-22,5354.979166666667,0.0096649566354589,103.4814566135562,1953.578490499856,0.1937218987481508,1852.5548078634172,0.1825243631998697,1.0097958540188654e-05,766.5645833333333,0.1419583333333333,0.0386666666666666,0.0387916666666666,0.026,0.0737325516211767,0.0229268006710204,0.010839072261133,13.064583333333331,12.85,12.4375,11.26875,11.768399,766.5645833333333,92.43333333333334,12.491666666666667,2024-08-22,0.1825243631998697,1096.1138101331871
2024-08-23,2024-08-23,5284.270833333333,0.0097281067442174,102.80056998818296,1924.036165882874,0.2084347295805091,1824.8175812053728,0.1953989664713541,1.0068113795447646e-05,764.9291666666667,0.1705833333333333,0.0435,0.04,0.026,0.0855823432065403,0.0363743401979056,0.0171966471691135,12.658333333333331,12.558333333333332,12.35625,11.300000000000002,4.6122,764.9291666666667,92.41666666666669,12.441666666666668,2024-08-23,0.1953989664713541,1102.8994691309897
2024-08-24,2024-08-24,5327.375,0.0096891257432291,103.2173855400017,1938.376791913767,0.2004522869468793,1842.115004528476,0.1865870157877604,9.681096798024524e-06,765.56875,0.170375,0.0459166666666666,0.04,0.026,0.0862527787140254,0.0371351728186471,0.0175563449687838,12.860416666666666,12.5875,12.2875,11.300000000000002,3.3026,765.56875,85.52499999999999,13.225,2024-08-24,0.1865870157877604,1101.5549121097522
2024-08-25,2024-08-25,5309.833333333333,0.0097050798151131,103.04745630287886,1945.5966223254416,0.1966065484544266,1857.4085386630293,0.1789105733235677,8.792076295537965e-06,766.6687499999999,0.1700833333333333,0.0493333333333333,0.04,0.026,0.0872016475088132,0.0382119808394309,0.0180654260270667,12.672916666666666,12.595833333333331,12.39375,11.300000000000002,1.7741,766.6687499999999,80.2,12.633333333333333,2024-08-25,0.1789105733235677,1101.5068884046113
2024-08-26,2024-08-26,5203.104166666667,0.0098038442858979,102.00747966469643,1926.528059908676,0.2073049304193497,1839.1044764457477,0.1881523132324218,8.800884525286796e-06,768.2645833333332,0.18125,0.0535,0.04,0.026,0.0924154914699075,0.0441288252200889,0.0208627244691862,12.06875,12.027083333333332,12.0125,11.300000000000002,3.3571,768.2645833333332,83.06666666666666,12.408333333333331,2024-08-26,0.1881523132324218,1104.551217188303
2024-08-27,2024-08-27,5310.9375,0.0097035778726202,103.0599152848042,1957.7726363169463,0.1900192473705149,1885.714920187197,0.1657854715983072,7.07819634917355e-06,768.2979166666668,0.172,0.05775,0.041375,0.026,0.0907902628850535,0.0422844615046931,0.0199907671527755,11.3875,11.608333333333334,11.68125,11.25625,0.0,768.2979166666668,69.83333333333333,12.65,2024-08-27,0.1657854715983072,1100.8013420684301
2024-08-28,2024-08-28,5493.1875,0.0095431564372855,104.80624849423116,1959.5580868631423,0.1899602737972733,1892.2365615916117,0.163665771484375,6.591415909386068e-06,765.7395833333334,0.1513333333333333,0.0577916666666666,0.0412916666666666,0.026,0.08350735509684,0.0340195743421518,0.0160833877294384,10.910416666666668,11.191666666666668,11.322916666666666,11.0,0.0,765.7395833333334,64.99166666666666,12.841666666666669,2024-08-28,0.163665771484375,1113.4217113398518
2024-08-29,2024-08-29,5648.375,0.0094094678150037,106.2827567066554,2028.7428768561056,0.1572177206868416,1959.9007053871048,0.1366144816080729,6.5011393044326e-06,764.6145833333334,0.13275,0.05725,0.0414166666666666,0.026,0.0768273934766272,0.0264389306423217,0.0124994971540638,10.939583333333331,11.152083333333332,11.195833333333333,10.9625,0.0,764.6145833333334,62.45,12.625,2024-08-29,0.1366144816080729,1118.1456819183873
2024-08-30,2024-08-30,5612.395833333333,0.0094395693322202,105.94376824687772,2043.4165552205425,0.1511474181950184,1982.333524102114,0.1288477579752604,5.7003554543009145e-06,767.7979166666668,0.1168749999999999,0.0554583333333333,0.0410416666666666,0.026,0.0705986437318749,0.0193703372588658,0.0091576879078793,9.945833333333333,10.422916666666667,10.7625,10.699999999999998,0.0,767.7979166666668,62.46666666666667,11.5,2024-08-30,0.1288477579752604,1110.9116553737333
2024-08-31,2024-08-31,5622.25,0.0094311760416849,106.03716413692636,2053.020556710226,0.1468980119623239,1996.050385799244,0.1241683959960937,5.286158934878793e-06,768.1916666666666,0.1015833333333333,0.052625,0.04,0.026,0.0640978751940152,0.0119930478577614,0.0056699368667611,9.904166666666669,10.177083333333334,10.44375,10.6,0.0,768.1916666666666,52.708333333333336,12.683333333333332,2024-08-31,0.1241683959960937,1100.9946861973742
2024-09-01,2024-09-01,5711.5625,0.0093584358266343,106.8711360907693,2079.394958339715,0.1372833625231779,2016.8962000576876,0.1179974873860677,5.737900939232447e-06,767.8854166666666,0.0889166666666666,0.0499166666666666,0.04,0.025875,0.0587916397019194,0.0059713544798749,0.0028230691073271,10.547916666666667,10.597916666666666,10.5875,10.4,0.0,767.8854166666666,51.5,14.025,2024-09-01,0.1179974873860677,1113.4715263069488
2024-09-02,2024-09-02,5823.916666666667,0.0092668405269356,107.92062019920222,2107.338714268872,0.126784971502341,2043.926071091317,0.1096089680989583,5.742487151254283e-06,767.7624999999999,0.0785,0.0475,0.04,0.02575,0.0543673307304175,0.0009505007927172,0.0004493669624627,10.610416666666667,10.61875,10.6,10.4,0.0,767.7624999999999,51.425,13.975,2024-09-02,0.1096089680989583,1106.8197356446062
2024-09-03,2024-09-03,5847.625,0.0092477656665128,108.14112534415705,2118.720541675013,0.1228667307727099,2050.9177558697315,0.1076316833496093,6.120554396598346e-06,766.7354166666668,0.0685106382978723,0.0442127659574468,0.0398297872340425,0.025531914893617,0.0497757230801595,0.0042602090264377,0.0020140932067969,10.63191489361702,10.670212765957446,10.661702127659575,10.4,0.0,766.7354166666668,57.15833333333333,13.591666666666669,2024-09-03,0.1076316833496093,1102.4969127109075
2024-09-04,2024-09-04,5897.895833333333,0.0092086934463558,108.60330281671531,2157.345498654837,0.1105318544293936,2080.916795869535,0.0995445251464843,6.79735846673945e-06,767.2062500000001,0.06145,0.0413,0.0392,0.0257,0.0462629275758812,0.0082466467669962,0.003898755936431,9.855,10.19,10.445,10.4,0.0,767.2062500000001,65.60000000000001,11.991666666666667,2024-09-04,0.0995445251464843,1106.1388046881223
2024-09-05,2024-09-05,5595.958333333333,0.0094543012406288,105.78518994764757,2147.331584054708,0.1139874239071072,2063.2322262105376,0.1045862833658854,7.545067561976077e-06,769.6458333333334,0.057375,0.0395833333333333,0.038,0.0256666666666666,0.0440141623211446,0.0107986207348007,0.0051052491860769,10.110416666666667,10.25625,10.3375,10.30625,1.8880999,769.6458333333334,81.00833333333334,10.275,2024-09-05,0.1045862833658854,1110.2305221999895
2024-09-06,2024-09-06,5530.229166666667,0.0095101255875034,105.1628450585382,2137.0616568408427,0.1171058075313743,2065.388937918033,0.1038780212402343,6.425732566824033e-06,770.3479166666666,0.0542083333333333,0.0375416666666666,0.038,0.0241666666666666,0.0421134608418364,0.0129556002974941,0.0061250014699345,9.525,9.933333333333334,10.19375,10.10625,0.85499996,770.3479166666666,68.55833333333334,11.275,2024-09-06,0.1038780212402343,1101.2755336656555
2024-09-07,2024-09-07,5635.9375,0.0094198466626575,106.16564181038194,2149.0870154504105,0.1128380851854193,2078.865080238802,0.0999552408854166,6.255960770684484e-06,767.7354166666668,0.0505833333333333,0.0359583333333333,0.038,0.024,0.0403324038262943,0.0149768033240285,0.0070805628661095,9.541666666666666,9.810416666666669,10.0375,10.1,0.0,767.7354166666668,61.89166666666667,12.575,2024-09-07,0.0999552408854166,1107.7717630405243
2024-09-08,2024-09-08,5789.1875,0.0092946092668713,107.59830867733474,2169.715712639485,0.1066253701188758,2102.317364366134,0.0940933227539062,5.940522637798143e-06,765.4979166666667,0.0478333333333333,0.0342083333333333,0.0379583333333333,0.024,0.038815807096554,0.01669788797962,0.0078942377096765,9.65,9.847916666666666,10.0,10.0625,0.0,765.4979166666667,59.15,12.916666666666666,2024-09-08,0.0940933227539062,1108.3282354090081
2024-09-09,2024-09-09,5812.895833333333,0.0092752016450036,107.8200963886856,2214.5221752886187,0.0936736450032432,2147.2461479094804,0.0832544962565104,5.799503276057926e-06,765.7104166666667,0.0444166666666666,0.0325,0.0370416666666666,0.024,0.0368715240899263,0.0189043253160683,0.0089373720777287,9.652083333333334,9.9,10.04375,9.94375,0.0,765.7104166666667,55.93333333333334,12.5,2024-09-09,0.0832544962565104,1117.0915080942484
2024-09-10,2024-09-10,5806.354166666667,0.0092808312482474,107.75783314491116,2197.5957630938324,0.0984907042007427,2120.567431972745,0.089520772298177,6.7222803684742765e-06,764.74375,0.0427083333333333,0.0309166666666666,0.036,0.024,0.0355377676529581,0.020417916696656,0.0096529506088735,9.539583333333333,9.825,9.975,9.80625,0.4497,764.74375,73.63333333333334,10.783333333333331,2024-09-10,0.089520772298177,1104.2837368013052
2024-09-11,2024-09-11,5991.854166666667,0.0091359564299606,109.4659413648906,2183.9081422962195,0.1024033968051367,2107.45180096289,0.0927403767903645,6.718248578521846e-06,761.3645833333334,0.0434166666666666,0.031125,0.036,0.024,0.035851270486539,0.0200621432034263,0.0094847520600639,9.566666666666666,9.802083333333334,9.925,9.8,3.7106998,761.3645833333334,67.72500000000001,11.208333333333334,2024-09-11,0.0927403767903645,1109.901404842422
2024-09-12,2024-09-12,6127.333333333333,0.0090353778254694,110.69250758562562,2116.446817314062,0.1241968003926345,2047.985146574183,0.1089680989583333,6.196951417411704e-06,755.5291666666667,0.0759166666666666,0.0435416666666666,0.036,0.024,0.0511150837555423,0.0027402577687959,0.0012955079252576,9.208333333333334,9.483333333333333,9.685416666666669,9.8,1.9253999,755.5291666666667,63.10833333333333,12.783333333333331,2024-09-12,0.1089680989583333,1105.0226702006698
2024-09-13,2024-09-13,6124.166666666667,0.0090370468281082,110.66664572700394,2175.682261060853,0.1047129816277322,2123.445871737501,0.0887959798177083,4.556678272507881e-06,758.3562499999999,0.0629166666666666,0.03875,0.036,0.024,0.0450634186405618,0.0096078895959826,0.0045423088507712,8.891666666666667,9.45625,9.722916666666666,9.8,0.0,758.3562499999999,52.29166666666666,10.825,2024-09-13,0.0887959798177083,1112.2792329413746
2024-09-14,2024-09-14,5972.708333333333,0.0091502292462232,109.2923480288179,2173.008822719674,0.1054220064273058,2122.504824426603,0.0889422098795573,4.406302626000546e-06,762.49375,0.054375,0.0352916666666666,0.036,0.024,0.0409917663427359,0.0142285367035973,0.006726805877255,7.5625,8.445833333333333,9.154166666666669,9.59375,0.0,762.49375,56.31666666666666,9.516666666666667,2024-09-14,0.0889422098795573,1108.8010070278467
2024-09-15,2024-09-15,5980.208333333333,0.0091451257927725,109.35844062427492,2184.3497209730363,0.1021687166894482,2121.5267693196056,0.0894203186035156,5.502678937569588e-06,762.5083333333333,0.0486666666666666,0.032625,0.036,0.024,0.0381613015238476,0.0174406427779751,0.008245388881931,7.766666666666667,8.44375,8.958333333333334,9.425,0.0,762.5083333333333,60.75,9.491666666666667,2024-09-15,0.0894203186035156,1112.4672637117158
2024-09-16,2024-09-16,5867.3125,0.0092320035475304,108.32393369952533,2142.7626492132345,0.1148392371098084,2065.0982693934407,0.1036364237467448,6.964311733507656e-06,761.1145833333334,0.048,0.032,0.036,0.024,0.0377342297573871,0.0179252980918616,0.0084745187131855,8.55625,8.745833333333334,8.922916666666667,9.1,1.9652,761.1145833333334,75.70833333333333,10.208333333333334,2024-09-16,0.1036364237467448,1107.0757749779693
2024-09-17,2024-09-17,5895.333333333333,0.0092100898873279,108.58208331651882,2138.6394454817137,0.1161772615140588,2059.0837775121904,0.1053123474121093,7.156280086701401e-06,758.1083333333332,0.0462916666666666,0.032,0.036,0.024,0.0371327752972279,0.0186078487146592,0.0087972072395326,9.25,9.322916666666666,9.295833333333333,9.1,2.1215,758.1083333333332,72.45833333333333,11.175,2024-09-17,0.1053123474121093,1098.7025831543797
2024-09-18,2024-09-18,5951.354166666667,0.0091664843372847,109.09738203297984,2142.662901472685,0.1147690547543004,2091.3817152402107,0.0966300964355468,4.544173670415737e-06,757.6708333333332,0.045875,0.0312083333333333,0.036,0.024,0.0367424258351008,0.0190508303302799,0.0090066350533372,7.333333333333333,8.322916666666666,8.99375,9.141666666666667,3.1332,757.6708333333332,63.075,7.891666666666667,2024-09-18,0.0966300964355468,1110.8142708228481
2024-09-19,2024-09-19,5916.770833333333,0.0091935058435178,108.7788659698163,2158.3791602498272,0.109870912777532,2108.4602324276457,0.0923716227213541,4.38601780137825e-06,760.5541666666667,0.0440833333333333,0.0300833333333333,0.036,0.024,0.0357653880375632,0.0201596054768298,0.0095308291660375,6.5,7.495833333333334,8.325000000000001,9.025,0.0,760.5541666666667,55.29166666666666,8.958333333333334,2024-09-19,0.0923716227213541,1101.5214331276418
2024-09-20,2024-09-20,5985.25,0.0091409937087569,109.40560281811844,2177.6522046446594,0.1040979100520126,2121.802956446085,0.089185078938802,4.8772718232725005e-06,760.1,0.0427083333333333,0.03,0.036,0.024,0.0352556428344682,0.0207380813696655,0.009804314424349,7.993749999999999,8.185416666666667,8.424999999999999,8.8,0.0,760.1,56.56666666666666,10.65,2024-09-20,0.089185078938802,1103.673752345768
2024-09-21,2024-09-21,6059.6875,0.0090854809829656,110.0807053217868,2191.4943276378563,0.100272816430222,2135.66821994198,0.0861918131510416,4.853602731277725e-06,759.2520833333333,0.0414583333333333,0.03,0.0359583333333333,0.024,0.0348057543861977,0.021248629816634,0.01004568571679,6.7125,7.760416666666667,8.44375,8.8,0.0,759.2520833333333,62.05,7.983333333333333,2024-09-21,0.0861918131510416,1105.75815551564
2024-09-22,2024-09-22,5275.0625,0.0097372363166901,102.70869640211777,1954.607837644434,0.1924339558365613,1891.0008002795992,0.1639722188313802,6.224586148253308e-06,762.1541666666667,0.125125,0.0657083333333333,0.037375,0.024,0.0755855912208546,0.0250296919397859,0.0118332532960938,7.306249999999999,7.647916666666667,8.00625,8.6,17.857399,762.1541666666667,88.2,6.008333333333333,2024-09-22,0.1639722188313802,1078.7775120656552
2024-09-23,2024-09-23,5353.479166666667,0.0096655354352163,103.46973393757156,1976.2021107675605,0.1810687949517607,1920.4129682177572,0.1515375773111979,5.384119949127027e-06,762.8354166666667,0.1232083333333333,0.0644166666666666,0.038,0.024,0.0746602464221217,0.0239795797359284,0.0113367931827428,6.8500000000000005,7.470833333333334,7.975,8.5,0.0013,762.8354166666667,75.83333333333333,7.183333333333334,2024-09-23,0.1515375773111979,1083.6965780782934
2024-09-24,2024-09-24,5454.0625,0.009575447695762,104.43923447796624,1988.232330934324,0.1750089094882488,1931.1539080857071,0.1470553080240885,5.472862437712752e-06,763.4041666666667,0.1124166666666666,0.0615416666666666,0.038,0.024,0.0699759685668059,0.0186637046709123,0.0088236141837342,6.98125,7.439583333333334,7.887499999999999,8.475,0.0,763.4041666666667,71.175,8.483333333333333,2024-09-24,0.1470553080240885,1078.837814997786
2024-09-25,2024-09-25,5459.458333333333,0.009571299812262,104.4887497132297,2005.6434308678463,0.1673238377204521,1943.7466096670908,0.1425450642903646,5.895057692200683e-06,764.4708333333333,0.1029583333333333,0.0595416666666666,0.038,0.024,0.0660304195459378,0.0141861637765288,0.0067067732863584,7.29375,7.585416666666667,7.89375,8.35,0.0,764.4708333333333,65.13333333333334,11.058333333333332,2024-09-25,0.1425450642903646,1089.055330662553
2024-09-26,2024-09-26,5526.9375,0.009512176707268,105.1344115787318,2039.8591887652044,0.1522761323413811,1977.7097989675715,0.1303634643554687,5.824548883289792e-06,763.8354166666667,0.0944583333333333,0.0574583333333333,0.038,0.024,0.0623966240968262,0.0100624112545942,0.00475719243495,8.208333333333334,8.202083333333333,8.231250000000001,8.4,0.0,763.8354166666667,58.05,12.766666666666666,2024-09-26,0.1303634643554687,1095.5784699926826
2024-09-27,2024-09-27,5558.270833333333,0.0094852917059933,105.43213635989277,2055.474249597637,0.1460676480100845,1992.593222692609,0.1253980000813802,5.845591090227844e-06,765.4354166666667,0.0870416666666666,0.0545833333333333,0.0391666666666666,0.024,0.0591749804696512,0.0064063823948559,0.003028736660936,8.064583333333333,8.335416666666667,8.43125,8.49375,0.0,765.4354166666667,57.55833333333334,11.783333333333331,2024-09-27,0.1253980000813802,1083.7543742162002
2024-09-28,2024-09-28,5523.375,0.0095151693543717,105.10079962459255,2062.813724612796,0.1430100152629217,2000.427007596789,0.1227264404296875,5.775682749337944e-06,766.6687499999999,0.082,0.052875,0.039625,0.024,0.0569819762680542,0.0039176879337629,0.0018521599773098,8.545833333333333,8.445833333333333,8.4375,8.5,0.0,766.6687499999999,51.083333333333336,14.175,2024-09-28,0.1227264404296875,1095.3273312723745
2024-09-29,2024-09-29,5586.020833333333,0.0094619112331527,105.69421810625578,2065.122112961731,0.1421055517242347,2004.590010093709,0.121435801188151,5.595625647731377e-06,766.0812500000001,0.0760416666666666,0.0507499999999999,0.03875,0.024,0.0540244076467042,0.0005613402163732,0.0002653840479382,9.09375,9.008333333333333,8.839583333333334,8.606250000000001,0.0,766.0812500000001,48.85,14.55,2024-09-29,0.121435801188151,1089.937020032677
2024-09-30,2024-09-30,5731.0,0.0093404929706021,107.060730429042,2100.7360009871486,0.1286238008231728,2039.7633412109249,0.110504150390625,5.5355604563371374e-06,763.6,0.072,0.05,0.04,0.024,0.0526646195813208,0.0009817927261517,0.0004641608071232,11.3,10.4,9.1,8.5,0.0,763.6,43.2,15.0,2024-09-30,0.110504150390625,1089.2140042449826
2023-06-27,,,,,,,,,,,,,,,,,,,,,,,,,,,,1027.3566431322708
2023-06-28,,,,,,,,,,,,,,,,,,,,,,,,,,,,1049.4487297073538
2023-06-29,,,,,,,,,,,,,,,,,,,,,,,,,,,,1029.6839151590377
2023-06-30,,,,,,,,,,,,,,,,,,,,,,,,,,,,1036.0893610084192
2024-05-13,,,,,,,,,,,,,,,,,,,,,,,,,,,,942.6032167513855
2024-05-14,,,,,,,,,,,,,,,,,,,,,,,,,,,,947.9718612006664
2024-05-15,,,,,,,,,,,,,,,,,,,,,,,,,,,,959.1419458927859
2024-05-16,,,,,,,,,,,,,,,,,,,,,,,,,,,,958.3190822494618
2024-05-17,,,,,,,,,,,,,,,,,,,,,,,,,,,,959.2997166490658
2024-05-18,,,,,,,,,,,,,,,,,,,,,,,,,,,,956.1989445308411
2024-05-19,,,,,,,,,,,,,,,,,,,,,,,,,,,,959.9441654968416
2024-05-21,,,,,,,,,,,,,,,,,,,,,,,,,,,,974.0851821011968
2024-05-22,,,,,,,,,,,,,,,,,,,,,,,,,,,,959.971971111801
2024-05-23,,,,,,,,,,,,,,,,,,,,,,,,,,,,969.3493707095301
2024-05-24,,,,,,,,,,,,,,,,,,,,,,,,,,,,955.1353254990266
2024-05-25,,,,,,,,,,,,,,,,,,,,,,,,,,,,955.2778154984082
2024-05-26,,,,,,,,,,,,,,,,,,,,,,,,,,,,947.1280774367486
2024-05-27,,,,,,,,,,,,,,,,,,,,,,,,,,,,957.7140998830332
2024-05-28,,,,,,,,,,,,,,,,,,,,,,,,,,,,957.8028606423995
2024-05-29,,,,,,,,,,,,,,,,,,,,,,,,,,,,967.4402613903712
