,date,Date (aggregated based on UTC),Raw_Moderated_cph,Raw_Mod_Coeff_of_Var,Raw_Mod_sqrt,Corrected_Mod_cph_for_Des,SWC_Des_cm3_cm3,Corrected_Mod_cph_for_UTS,SWC_UTS_cm3_cm3,SWC_5,SWC_10,SWC_20,SWC_50,WeightedTDR_SWC,WeightedTDR_SD,WeightedTDR_SE,sT_5,sT_10,sT_20,sT_50,PRISM_ppt_mm,BaroPress,airRH,airT,date.1,CRNS,Bare,scaled_stationary_N_Des,site_theta_pred,TDR_pore_swc_g,TDR_tot_swc_g,TDR_tot_swc_g_resid_Des,scaled_stationary_N_UTS,NewName,Rhov_cal_g_cm3,theta_pred_tot_g_UTS,TDR_tot_swc_g_resid_UTS,theta_pred_tot_g_Des
0,2023-07-01,2023-07-01,9194.297297297297,0.0073663710233036,135.75790196526762,1871.4635539624403,0.1670106247175196,1720.436616860871,0.147223154703776,0.0319583333333333,0.0468541666666666,0.1295833333333333,0.1175208333333333,0.0625539483158071,0.0,0.0,12.861702127659576,12.985416666666666,12.675,10.895833333333334,0.7582,699.0291666666667,60.025,9.23125,2023-07-01,0.147223154703776,803.8654994544939,2556.076681746329,0.22300772048714734,0.0604571053910618,0.1374571053910618,-0.09611919430979785,2466.0964632758164,F1,1.2083425794158156e-05,0.256297746575431,-0.11884064118436918,0.23357629970085964
1,2023-07-02,2023-07-02,9201.041666666666,0.0073450532686266,136.1498643898898,1875.160823115022,0.1649161673725927,1730.0816525933142,0.1427230834960937,0.0311875,0.0457916666666666,0.1254375,0.1170833333333333,0.060991452113307,0.0018017381190115,0.0008971431695509,15.16875,13.904166666666669,12.695833333333333,10.6375,0.0,699.375,48.13958333333333,12.591666666666669,2023-07-02,0.1427230834960937,810.1658350330343,2561.1264746995735,0.2213093630703844,0.05894698492495187,0.13594698492495189,-0.09584468562396325,2479.9217842872617,F1,9.591638412760157e-06,0.25116568408092116,-0.11521869915596927,0.23179167054891514
2,2023-07-04,2023-07-04,9335.4375,0.0072978119237406,137.03037512776984,1881.4484516938765,0.1617646054944944,1731.3682671101994,0.1421763102213541,0.0255833333333333,0.0420208333333333,0.1166249999999999,0.11525,0.0555249223046637,0.0081052767254964,0.0040358771204712,16.97021276595745,15.9875,14.395833333333334,10.95,0.0,697.8854166666666,37.65,14.05,2023-07-04,0.1421763102213541,801.4361001166598,2569.7142245170166,0.21845997242741122,0.05366369621716274,0.13066369621716276,-0.09813460936590099,2481.7660344494557,F1,6.380414891355379e-06,0.2505168026160981,-0.11985310639893534,0.22879830558306374
3,2023-07-05,2023-07-05,9404.208333333334,0.0072786345768498,137.3923923022484,1897.1115054073605,0.1542317075205996,1742.8095090643972,0.1372540791829427,0.0238958333333333,0.0404583333333333,0.1122083333333333,0.1136041666666666,0.0533013745561447,0.0106692834293454,0.0053125782552083,17.06595744680851,15.4125,13.9125,11.154166666666669,0.4601,697.5291666666667,41.97916666666666,13.954166666666666,2023-07-05,0.1372540791829427,807.3843048183016,2591.10708908935,0.21156749195814456,0.051514683018258046,0.12851468301825805,-0.0930468479632188,2498.1660610718905,F1,7.882383482537822e-06,0.24467686943269037,-0.11616218641443232,0.22156153098147685
4,2023-07-06,2023-07-06,9565.708333333334,0.0071838158234579,139.21505485373768,1913.5970773587967,0.1466540438921934,1779.427905901918,0.1225903828938802,0.021625,0.0389166666666666,0.1075208333333333,0.1116458333333333,0.0507734683490049,0.0135842504976825,0.0067640338065064,18.57659574468085,16.414583333333333,14.489583333333334,11.275,0.0,697.34375,34.85625,14.645833333333334,2023-07-06,0.1225903828938802,813.4629816554858,2613.6233630296565,0.20461427807893956,0.04907151362450212,0.1260715136245021,-0.08819516216409082,2550.6553524801443,F1,5.755746282117215e-06,0.22727504833061699,-0.10120353470611487,0.21426667578859293
5,2023-07-07,2023-07-07,9797.770833333334,0.0071431673827084,139.9990481654239,1915.7606405478027,0.1456750567789964,1782.5500222737785,0.1211624145507812,0.0183541666666666,0.0367916666666666,0.1028541666666666,0.1097291666666666,0.0402553075887881,0.0257129015326425,0.0128032779769363,18.22978723404255,16.41875,14.772916666666667,11.489583333333334,0.0,695.8541666666666,31.06458333333333,14.491666666666667,2023-07-07,0.1211624145507812,807.0636635473929,2616.5783943500332,0.20372365795662267,0.03890592742696598,0.11590592742696598,-0.09742678053932924,2555.130635130562,F1,4.657792174491505e-06,0.225918296176896,-0.11001236874993,0.21333270796629522
6,2023-07-08,2023-07-08,9810.3125,0.0071096818707711,140.65743095780587,1931.0227167484784,0.1388394342501549,1798.3926303927792,0.1152394612630208,0.0159166666666666,0.0354375,0.0987708333333333,0.1078333333333333,0.0388363696686324,0.0273491004143837,0.0136179938533958,19.448936170212768,17.075,15.133333333333333,11.679166666666667,0.0,695.4104166666666,28.75208333333333,15.214583333333332,2023-07-08,0.1152394612630208,810.9078653750743,2637.423597030569,0.19757938227545763,0.03753455309022328,0.11453455309022328,-0.09235737793489415,2577.839637873493,F1,4.313482432149837e-06,0.21901655696014147,-0.10448200386991818,0.20689193102511744
7,2023-07-09,2023-07-09,9824.8125,0.0071340005005326,140.17824202462316,1953.678727770313,0.1291229710926321,1817.9029111304303,0.108252207438151,0.0132291666666666,0.0336458333333333,0.0947083333333333,0.1059791666666666,0.0372818306888257,0.029141662938968,0.0145105682003304,18.846808510638297,16.741666666666667,15.110416666666666,11.86875,0.0,697.38125,22.95625,15.579166666666666,2023-07-09,0.108252207438151,812.2899456342988,2668.3675613688997,0.18888311670509067,0.03603212311630366,0.11303212311630367,-0.08475149506274865,2605.805930762812,F1,3.1932875147170047e-06,0.21099402248596524,-0.09796189936966157,0.19778361817905232
8,2023-07-10,2023-07-10,9693.979166666666,0.007186866168715,139.15251816372498,1940.1447549505392,0.1348432491916695,1803.939380513961,0.1133028666178385,0.0111875,0.0320416666666666,0.09125,0.1039166666666666,0.0359043321720771,0.0307300774148155,0.0153014906892237,18.017777777777777,16.760416666666668,15.295833333333334,11.995833333333332,0.0,698.9125,29.60625,16.006249999999998,2023-07-10,0.1133028666178385,810.6469194266846,2649.8826316128448,0.1940188118539427,0.03470079911125989,0.11170079911125988,-0.09146077737990851,2585.790422414152,F1,4.754413795554561e-06,0.2167159772212233,-0.10501517810996341,0.2031615764911684
9,2023-07-11,2023-07-11,9617.125,0.0072076867829087,138.74421387589254,1946.4016545112736,0.1320855980904172,1806.0275241157813,0.1123797098795573,0.0108125,0.0311458333333333,0.0886458333333333,0.1025208333333333,0.0349779386010332,0.0317983159215627,0.015833400887308,20.07708333333333,17.004166666666666,15.102083333333333,12.064583333333331,0.0,699.7875,32.05833333333333,16.337500000000002,2023-07-11,0.1123797098795573,810.6791185171292,2658.428411215851,0.1916231173166164,0.0338054587647889,0.1108054587647889,-0.08984702605824588,2588.7835949035034,F1,5.538276695600389e-06,0.21583113886010089,-0.10502568009531199,0.20065248482303477
10,2023-07-12,2023-07-12,9540.270833333334,0.007212491336908,138.65461567820043,1951.1371363484448,0.1300693857522165,1800.6726779176245,0.1144282023111979,0.0095416666666666,0.0302083333333333,0.0860416666666666,0.1006875,0.0340122761309834,0.0329118359925898,0.0163878582278831,20.804255319148936,17.993750000000002,15.9125,12.23125,0.0,699.7666666666668,40.3625,16.320833333333333,2023-07-12,0.1144282023111979,809.1144420530212,2664.896212672737,0.18983450736135965,0.032872165834512884,0.1098721658345129,-0.08890748807322299,2581.107887968856,F1,8.504548688548212e-06,0.21807272937494424,-0.10820056354043134,0.1987796539077359
11,2023-07-13,2023-07-13,9723.083333333334,0.0071536014891098,139.79402595366903,1947.2823076265656,0.1316434094320275,1823.64354294618,0.106170654296875,0.0084166666666666,0.0291458333333333,0.08375,0.0988333333333333,0.0330710048367564,0.0339972302280616,0.0169283108132776,21.102127659574467,18.07708333333333,16.05,12.466666666666669,0.0,699.30625,34.045833333333334,17.397916666666667,2023-07-13,0.106170654296875,809.8833583028536,2659.631222185875,0.19128890420751254,0.03196244647436367,0.10896244647436368,-0.09134005940744797,2614.0346278732113,F1,6.552806813626435e-06,0.20869344274704707,-0.09973099627268339,0.20030250588181164
12,2023-07-14,2023-07-14,9932.375,0.0070763626869215,141.32074609121935,1961.992523782751,0.125750682208018,1867.8248301681576,0.0920015660727896,0.0074791666666666,0.028125,0.0815,0.0972708333333333,0.0321692784340629,0.0350370246480752,0.0174460577887171,20.12619047619048,18.3,16.279166666666665,12.652083333333332,0.0,699.30625,33.29375,16.020833333333332,2023-07-14,0.0920015660727896,811.9654212047196,2679.7226850522834,0.18581208946375094,0.031090946439125,0.10809094643912501,-0.08647825989524585,2677.364665779457,F1,5.799443979716975e-06,0.19229443845424568,-0.08420349201512067,0.19456920633437086
13,2023-08-01,2023-08-01,9299.625,0.0073385248285258,136.28260912485092,1931.2719978841333,0.139544226529961,1756.6741191051356,0.1319531892475328,0.0132222222222222,0.0178888888888888,0.0796666666666666,0.0761111111111111,0.021378407177416,0.0474801423013133,0.0236418849695541,29.43333333333333,22.344444444444445,16.233333333333334,13.4,6.0832,701.2222222222222,56.93333333333333,18.0,2023-08-01,0.1319531892475328,847.1916129500962,2637.7640694360816,0.19748099118072354,0.020661791151742024,0.09766179115174203,-0.10912703697613371,2518.0397753668985,F1,2.05540536116025e-05,0.23783411944001068,-0.14017232828826864,0.20678882812787575
14,2023-08-02,2023-08-02,9068.333333333334,0.0074424946055897,134.37175265694876,1919.3751749607693,0.1438947065634841,1703.7278310123054,0.1551742553710937,0.0125652173913043,0.0166739130434782,0.076,0.0761521739130434,0.0206026559920725,0.0483746727835413,0.024087300373501,19.03023255813953,17.593478260869563,15.917391304347827,13.45,6.2226,701.3833333333333,71.21249999999999,13.264583333333334,2023-08-02,0.1551742553710937,844.633919329619,2621.515186791859,0.20224677415944137,0.019912043574933966,0.09691204357493396,-0.1148721048918814,2442.145869988651,F1,2.7805368602805185e-05,0.2655590547551785,-0.16864701118024453,0.21178414846681537
15,2023-08-03,2023-08-03,9112.895833333334,0.0073973117549502,135.1941346211204,1906.830179847254,0.1497222806188371,1716.4549712549754,0.1492398579915364,0.0170434782608695,0.0172608695652173,0.072391304347826,0.076,0.0198278563672109,0.049268106006915,0.0245321694170884,18.927906976744183,17.9,16.27173913043478,13.519565217391303,9.842999,700.4729166666666,64.05416666666666,12.61875,2023-08-03,0.1492398579915364,845.145811220298,2604.381019570496,0.20743225019465372,0.019163215661774462,0.09616321566177446,-0.12105920344667323,2460.389120122057,F1,1.9650702879226024e-05,0.2584803478661995,-0.16231713220442504,0.2172224191084477
16,2023-08-04,2023-08-04,9244.708333333334,0.0073511315751802,136.03961480030372,1927.137228849617,0.1409891064288682,1734.7595372714638,0.140906016031901,0.0199565217391304,0.0175434782608695,0.0702826086956521,0.0759782608695652,0.0193790585062154,0.0497856216415723,0.0247898570420932,17.31219512195122,17.004347826086956,15.92608695652174,13.558695652173911,0.8228,700.2041666666668,52.49375,12.63125,2023-08-04,0.140906016031901,836.8931249758575,2632.116731719482,0.19912103072050702,0.018729461753156172,0.09572946175315616,-0.11277809396287913,2486.6271256798705,F1,1.179404979578858e-05,0.2487471258938533,-0.15301766414069715,0.2085075557160353
17,2023-08-05,2023-08-05,9254.125,0.0073612830836116,135.85153512525412,1955.3462047034927,0.1286888387708136,1733.9533134084377,0.1411374409993489,0.0223260869565217,0.018195652173913,0.0689782608695652,0.0757826086956521,0.0280967370994494,0.0397331339583458,0.0197844011621067,18.788372093023256,17.743478260869566,15.993478260869566,13.491304347826087,0.0,700.5229166666667,42.833333333333336,14.210416666666667,2023-08-05,0.1411374409993489,836.800548511394,2670.6450296622183,0.18826215178688777,0.027154918941177816,0.10415491894117782,-0.09297865229863919,2485.4714737960803,F1,8.373576997916298e-06,0.24916005046237708,-0.14500513152119926,0.197133571239817
18,2023-08-06,2023-08-06,9369.041666666666,0.0072807481191515,137.3554519002105,1999.0699410239208,0.1114654458041548,1765.5828769934997,0.1278597513834635,0.023127659574468,0.0189787234042553,0.0681063829787234,0.0753829787234042,0.0282115675848348,0.039600721180374,0.0197184685950676,20.144186046511628,18.42978723404256,16.48936170212766,13.559574468085106,0.0,700.1625,39.89791666666667,15.175,2023-08-06,0.1278597513834635,841.9256585669576,2730.363650744013,0.17283918776941887,0.027265900245219618,0.10426590024521962,-0.07673694070771739,2530.8097060376153,F1,7.72485365421359e-06,0.2336458845306981,-0.12937998428547848,0.181002840952937
19,2023-08-07,2023-08-07,9496.416666666666,0.0072495394604363,137.94644733267702,2002.636582596261,0.1101945670275921,1777.0179519406236,0.1233189900716145,0.0207659574468085,0.0192127659574468,0.0669361702127659,0.0747234042553191,0.0269717986751388,0.0410303175530183,0.0204303104589875,19.634090909090908,18.11063829787234,16.4468085106383,13.653191489361705,0.0,699.9083333333333,37.34791666666667,13.991666666666667,2023-08-07,0.1233189900716145,828.5641806739486,2735.2350303313433,0.17165001814422665,0.026067689074668894,0.1030676890746689,-0.07669257095998977,2547.2008927910397,F1,6.256270200374429e-06,0.22839584358803863,-0.12532815451336973,0.17976026003465867
20,2023-08-08,2023-08-08,9715.104166666666,0.0071583688250021,139.71086468528964,2012.19412645234,0.1066695976189151,1798.0055431961946,0.1156145731608073,0.016595744680851,0.0190212765957446,0.0653191489361702,0.074,0.0182094713148345,0.0511342904081568,0.0254614024565798,18.75454545454545,17.472340425531915,16.142553191489363,13.653191489361705,0.0,698.5083333333333,30.61875,14.089583333333332,2023-08-08,0.1156145731608073,829.9220283130711,2748.2888859266427,0.16851130875892956,0.017599079770929112,0.09459907977092913,-0.0818822933408569,2577.2847819973035,F1,4.421074547015162e-06,0.21919352463236594,-0.12459444486143681,0.17648137311178602
21,2023-08-09,2023-08-09,9721.979166666666,0.0071746706694533,139.38533687014652,2007.5002639916404,0.1083891887027552,1784.1988943619965,0.1206804911295573,0.0132127659574468,0.0189148936170212,0.0638723404255319,0.0737446808510638,0.0178874220322399,0.0515056503306465,0.0256463144670386,18.97317073170732,16.938297872340424,15.604255319148937,13.53404255319149,0.0,697.3125,40.49375,11.841666666666669,2023-08-09,0.1206804911295573,827.4013996744928,2741.877928920445,0.1700441434296177,0.01728782575830242,0.09428782575830241,-0.08379469539216611,2557.494150057702,F1,6.2112970482188475e-06,0.22515143626392328,-0.13086361050562087,0.17808252115046852
22,2023-08-10,2023-08-10,9817.541666666666,0.0071505668540186,139.8543209020903,1999.476123104853,0.1112436530966466,1801.7155040152293,0.1139780680338541,0.0101702127659574,0.0188936170212765,0.0627872340425532,0.073,0.0176133886185153,0.0518216424249635,0.0258036570608691,18.48205128205128,17.840425531914892,16.05531914893617,13.438297872340426,0.0,697.75625,35.15416666666667,14.308333333333332,2023-08-10,0.1139780680338541,824.626767830342,2730.9184211232787,0.17270326321605162,0.017022978096080048,0.09402297809608004,-0.08683782488135702,2582.602688606038,F1,5.711284880681688e-06,0.21760081558234565,-0.12357783748626561,0.18086080297743706
23,2023-08-11,2023-08-11,9632.583333333334,0.0072104746892286,138.69221938005649,1980.335274456438,0.1184691754720705,1791.3287515285308,0.1177978515625,0.0078723404255319,0.0181702127659574,0.0619361702127659,0.0727021276595744,0.0174152723407224,0.0520500933159961,0.0259174100831897,18.03617021276596,16.96808510638298,15.953191489361702,13.508510638297873,0.65,699.1625,58.01458333333333,12.322916666666666,2023-08-11,0.1177978515625,820.881122762878,2704.7755252087627,0.17925123373686586,0.01683150278542914,0.09383150278542915,-0.09387424080688236,2567.7141810485173,F1,1.4764629383783041e-05,0.22202500738795752,-0.12819350460252837,0.1877057435923115
24,2023-08-12,2023-08-12,9649.541666666666,0.0071900592554646,139.0858236682377,1980.843248003321,0.1182522388239282,1810.1782363128675,0.1109593709309895,0.008,0.0174893617021276,0.0612340425531914,0.0723191489361702,0.0172437647917751,0.0522478612773788,0.0260158850912046,15.717777777777776,15.751063829787231,15.229787234042552,13.412765957446808,0.0,700.1791666666667,60.6375,12.4,2023-08-12,0.1109593709309895,818.6110916370204,2705.4693240996803,0.17907361127302263,0.016665744264324732,0.09366574426432472,-0.09385425470488773,2594.7332803316053,F1,1.667062455184893e-05,0.214120451361931,-0.12045470709760628,0.18751999896921245
25,2023-08-13,2023-08-13,9746.625,0.007155603762138,139.7562665054023,1984.3741633505729,0.1170019333438106,1833.3313142371155,0.1031519571940104,0.0092127659574468,0.0172978723404255,0.0602978723404255,0.0717234042553191,0.0170100886057256,0.0525173168390864,0.0261500556535814,17.245238095238093,15.317021276595744,14.153191489361705,13.108510638297872,0.715,700.275,53.89166666666667,13.695833333333333,2023-08-13,0.1031519571940104,816.7355487788665,2710.2919082024923,0.17784486160198099,0.01643990103319801,0.09343990103319802,-0.09279526262245755,2627.921206595997,F1,1.363388678461766e-05,0.20491813240625825,-0.11147823137306023,0.18623516365565557
26,2023-08-14,2023-08-14,9736.416666666666,0.0071785399129411,139.30728766844163,1996.2487540579525,0.112317453405695,1853.9755047953668,0.0961418151855468,0.0085106382978723,0.0176808510638297,0.0602978723404255,0.0710212765957446,0.0169688431092373,0.0525648776479649,0.0261737377050257,19.463414634146343,17.50851063829787,15.53404255319149,13.019148936170213,0.0034,702.3229166666666,40.04375,14.454166666666666,2023-08-14,0.0961418151855468,817.758651004272,2726.510425708831,0.1737868238976643,0.016400038108550778,0.09340003810855077,-0.08859312066901029,2657.5128607284155,F1,7.41213977933129e-06,0.197249533276531,-0.10384949516798023,0.18199315877756106
27,2023-08-15,2023-08-15,9613.375,0.0072123862004877,138.6536346634576,2000.7555025763268,0.1106232004366902,1856.999465177077,0.0951919555664062,0.0066808510638297,0.0174680851063829,0.0599148936170212,0.071,0.0168863150609392,0.0526600419947763,0.0262211230840804,20.26046511627907,17.846808510638297,16.04042553191489,13.238297872340429,0.0,704.25,41.68541666666667,15.322916666666666,2023-08-15,0.0951919555664062,818.7171749254362,2732.665819317176,0.17227597008472045,0.016320276446049675,0.09332027644604968,-0.08709402933666643,2661.8474452922037,F1,8.53017618152423e-06,0.19612873801910932,-0.10280846157305965,0.1804143057827161
28,2023-08-16,2023-08-16,9680.854166666666,0.0071775230200629,139.33097761507142,1990.162381999841,0.1146566187466199,1854.129417315825,0.0961952209472656,0.005595744680851,0.0169148936170212,0.0592978723404255,0.0707234042553191,0.016739118648479,0.0528297764151781,0.0263056392933421,19.49767441860465,17.617021276595743,16.0531914893617,13.387234042553192,0.0,703.0500000000001,46.89791666666667,15.958333333333334,2023-08-16,0.0961952209472656,811.967300591706,2718.1975554628507,0.17585263841636495,0.016178014138699143,0.09317801413869914,-0.09097436920286123,2657.7334809585573,F1,1.1457316135989405e-05,0.19719054405245617,-0.10401252991375703,0.18415238334156037
29,2023-08-17,2023-08-17,9797.666666666666,0.0071446765737799,139.96711594256283,1994.6185541156408,0.1129303902482241,1855.183178016456,0.0957806905110677,0.005127659574468,0.0163191489361702,0.0584468085106383,0.0703404255319149,0.0165360029165663,0.0530639922527414,0.0264222628673529,18.604761904761904,17.04042553191489,15.7,13.436170212765957,0.7629,701.8249999999999,44.01041666666666,16.241666666666667,2023-08-17,0.0957806905110677,818.7246755715047,2724.2838709622506,0.17433725764745617,0.015981706958394015,0.09298170695839403,-0.08958672559732173,2659.243955399462,F1,1.0139997496406238e-05,0.19677761948393238,-0.10379591252553835,0.18256843255571575
30,2023-08-18,2023-08-18,9787.729166666666,0.0071599500426691,139.6761640732646,1983.193150546911,0.1175581884467583,1833.807118487567,0.102996826171875,0.0052978723404255,0.0160212765957446,0.0598723404255319,0.0699148936170212,0.0168135411114932,0.0527439587419518,0.026262907922701,18.79555555555556,17.306382978723402,15.865957446808512,13.43191489361702,0.0,700.78125,56.375,14.45,2023-08-18,0.102996826171875,832.8351748207688,2708.6788608728275,0.17825470661144172,0.016249941919615492,0.0932499419196155,-0.09341375419473802,2628.6032306634634,F1,1.609339297103714e-05,0.20474116473403378,-0.11149122281441828,0.18666369611435352
31,2023-08-19,2023-08-19,9597.875,0.0072230510345366,138.44982295127434,1961.4759404712388,0.1260726702865276,1806.606320899804,0.1121800740559895,0.0087446808510638,0.0155744680851063,0.0633404255319148,0.0699361702127659,0.0175508100926458,0.0518938026742559,0.025839587962304,17.00232558139535,16.0468085106383,15.01063829787234,13.4,0.8084,700.9583333333334,52.37291666666667,15.216666666666669,2023-08-19,0.1121800740559895,834.5008361267243,2679.017126798723,0.18600110007525927,0.01696249723698848,0.09396249723698849,-0.10080451246968283,2589.6132498225193,F1,1.4129250319621537e-05,0.2155951819638016,-0.1216326847268131,0.19476700970667132
32,2023-08-20,2023-08-20,9658.104166666666,0.007187152024765,139.14418091853457,2005.928164176221,0.1089859494718054,1841.6175367272424,0.1004371643066406,0.0129574468085106,0.0161702127659574,0.0607021276595744,0.0698936170212766,0.0169883939816276,0.0525423332398638,0.0261625121215039,19.20952380952381,17.42340425531915,15.538297872340424,13.293617021276594,0.0,701.7125,30.554166666666664,17.21875,2023-08-20,0.1004371643066406,839.0196849352074,2739.7307283131645,0.17056124272790557,0.016418933624891652,0.09341893362489165,-0.08520379440090761,2639.798786843099,F1,5.38415073518401e-06,0.20179170353029255,-0.1083727699054009,0.17862272802579926
33,2023-08-21,2023-08-21,9601.145833333334,0.0072285946916888,138.34573046456129,2010.6482079502173,0.1071652898312237,1840.42551802316,0.1006355285644531,0.0143829787234042,0.0167234042553191,0.0598936170212765,0.0698297872340425,0.0168130571120828,0.0527445168490282,0.0262631858221061,18.67,18.248936170212765,16.314893617021276,13.46808510638298,0.0,703.4250000000001,31.258333333333336,16.935416666666665,2023-08-21,0.1006355285644531,828.6875342777021,2746.177444201374,0.1690143222916159,0.016249474144132865,0.09324947414413287,-0.0837572997684779,2638.090131562523,F1,5.500223271640783e-06,0.20226361732289114,-0.10901414317875827,0.17700677391261077
34,2023-08-22,2023-08-22,9524.729166666666,0.007246395675426,138.0040264489003,2002.0904103653904,0.1102525544879612,1829.4258363032725,0.1042518615722656,0.0111702127659574,0.016595744680851,0.0588723404255319,0.0698297872340425,0.0165963152860344,0.0529944451428382,0.0263876331317919,18.33409090909091,17.75744680851064,16.43617021276596,13.651063829787237,0.0,703.7375000000001,40.922916666666666,15.620833333333332,2023-08-22,0.1042518615722656,820.9441013021789,2734.489059029583,0.17183148229993805,0.016039997623899398,0.09303999762389939,-0.086909866259577,2622.32304318465,F1,8.371592115351089e-06,0.20645185223220372,-0.11341185460830433,0.1799498638834764
35,2023-08-23,2023-08-23,9570.958333333334,0.0072334888020372,138.251760794268,2001.296815922848,0.1105450199699492,1823.500240422712,0.1063270568847656,0.0094042553191489,0.0162553191489361,0.0577872340425532,0.0695106382978723,0.0163472791429088,0.0532816125045016,0.0265306229671713,19.413636363636364,17.17659574468085,15.75744680851064,13.640425531914897,2.5361,702.81875,51.739583333333336,14.714583333333332,2023-08-23,0.1063270568847656,837.3828419955189,2733.4051542722336,0.1720955615996882,0.015799309309948103,0.09279930930994812,-0.08742648622606108,2613.8292161522336,F1,1.3269221073273218e-05,0.2087524319711219,-0.11595312266117377,0.1802257955360092
36,2023-08-24,2023-08-24,9516.354166666666,0.0072676127943909,137.60498634322343,1957.2449313010147,0.1277195041087725,1779.1169203519692,0.1226043701171875,0.0109787234042553,0.0161063829787234,0.0594468085106383,0.0689148936170212,0.0166644884313989,0.0529158336527754,0.0263484899507635,16.648837209302325,16.865957446808512,15.770212765957448,13.612765957446808,2.6854,700.9270833333334,69.41875,12.372916666666669,2023-08-24,0.1226043701171875,862.9426419174425,2673.238342671527,0.1875581529322886,0.016105885567748026,0.09310588556774804,-0.10329077089904895,2550.2095817046666,F1,2.410679227633323e-05,0.22745201600284146,-0.1343461304350934,0.196396656466797
37,2023-08-25,2023-08-25,9257.625,0.0073744829368288,135.61082448405585,1910.3246478824267,0.1481422769500663,1734.366743150082,0.1410090128580729,0.0197234042553191,0.015595744680851,0.0749574468085106,0.0689787234042553,0.0199600045050983,0.0491157239806373,0.0244562935211439,14.404255319148936,15.03191489361702,14.959574468085108,13.53404255319149,5.6015997,700.9562500000001,94.40833333333336,10.3,2023-08-25,0.1410090128580729,871.5311380977097,2609.1538233159395,0.20597085527936881,0.019290934121033932,0.09629093412103393,-0.11939852519867436,2486.064089422654,F1,5.170655986755602e-05,0.24892409356607778,-0.15263315944504385,0.2156894593197083
38,2023-08-26,2023-08-26,8979.541666666666,0.0074585851042824,134.0782457501568,1885.859608236927,0.159745188480564,1705.447952266639,0.1542078653971354,0.0523829787234042,0.0158085106382978,0.0744468085106382,0.0688297872340425,0.0409733462513914,0.0248849202375415,0.0123909995466928,15.079545454545457,14.687234042553191,14.040425531914892,13.24255319148936,9.3572,702.0166666666668,79.87916666666666,12.41875,2023-08-26,0.1542078653971354,873.505757697692,2575.7390569832173,0.21648959904215542,0.03959989703669716,0.11659989703669715,-0.11012903755305498,2444.611514407135,F1,3.6630760149913846e-05,0.2646152271699813,-0.14801533013328416,0.22672893458975213
39,2023-08-27,2023-08-27,9085.354166666666,0.0074099849627394,134.95974890024766,1895.353228000334,0.1552401724267015,1727.772933544043,0.1438802083333333,0.061127659574468,0.0166595744680851,0.0694255319148936,0.0687872340425532,0.0434326645908129,0.0220490428819166,0.0109789252988111,15.042222222222222,15.355319148936172,14.791489361702128,13.129787234042556,4.5638,702.1999999999999,70.71666666666667,12.020833333333334,2023-08-27,0.1438802083333333,867.9975436696872,2588.7056039679187,0.21232698640837872,0.0419767776659732,0.1189767776659732,-0.10338191088143467,2476.6124360518743,F1,2.4695963880681698e-05,0.2524044577864925,-0.1334276801205193,0.22235868854740787
40,2023-08-28,2023-08-28,9273.6875,0.0073393092200391,136.25854983021992,1921.82576875582,0.1429800470316837,1760.9357153288531,0.1298332214355468,0.0610212765957446,0.0169361702127659,0.0664042553191489,0.0688510638297872,0.0427523064085658,0.0228335742424246,0.0113695686137033,14.517777777777775,14.295744680851064,13.808510638297872,13.029787234042551,2.3274999,701.8208333333333,64.91875,12.364583333333334,2023-08-28,0.1298332214355468,867.4676583618193,2624.8622493850357,0.20125323276968854,0.0413192254660685,0.11831922546606849,-0.09242330810094102,2524.148403416443,F1,1.9973818092620608e-05,0.23582848582146662,-0.11750926035539813,0.2107425335670095
41,2023-08-29,2023-08-29,9324.541666666666,0.0072951038961145,137.08622318771768,1947.6101330591976,0.1316415870487368,1789.950918695334,0.1183942159016927,0.0568936170212765,0.0178510638297872,0.0647872340425532,0.0686170212765957,0.0407303510323378,0.0251651217178433,0.0125305208464302,15.066666666666666,14.685106382978724,13.706382978723406,12.82127659574468,0.9953,702.6895833333333,42.833333333333336,13.472916666666668,2023-08-29,0.1183942159016927,859.9864675615971,2660.0789717251378,0.19116467851142693,0.039365047151703796,0.11636504715170379,-0.08380737628879523,2565.7391773525765,F1,7.939000505134835e-06,0.22261489962870581,-0.10624985247700203,0.20017242344049901
42,2023-08-30,2023-08-30,9572.270833333334,0.007217982639825,138.54998050051088,1957.2776042705764,0.1276144257650364,1803.169686712917,0.113433837890625,0.0505106382978723,0.0192978723404255,0.0640851063829787,0.0684893617021276,0.0379990495991178,0.0283146269127162,0.0140987604497504,16.830232558139535,16.14468085106383,14.727659574468086,12.787234042553193,0.0,701.125,33.447916666666664,15.327083333333334,2023-08-30,0.113433837890625,850.6601121914041,2673.282967967832,0.1875460672429532,0.03672530045227423,0.11372530045227422,-0.0826587057601734,2584.6871332014266,F1,5.593715000375258e-06,0.2170109233415974,-0.10328562288932319,0.19638400621244761
43,2023-08-31,2023-08-31,9836.770833333334,0.0071142922132154,140.5669445029515,1985.9839281208608,0.1162794055918088,1830.699796762084,0.1038449605305989,0.0440851063829787,0.0203829787234042,0.0636170212765957,0.0686595744680851,0.0419553849180631,0.0237525165252928,0.011827139435782,18.07857142857143,17.114893617021277,15.28936170212766,12.961702127659576,0.0,698.8333333333334,30.110416666666666,16.341666666666665,2023-08-31,0.1038449605305989,844.2820384255846,2712.4905522443264,0.17728806886604348,0.04054901722443223,0.11754901722443223,-0.0681039975723316,2624.149154853652,F1,4.988714379893498e-06,0.20597993843960513,-0.0884309212151729,0.18565301479676383
44,2023-09-01,2023-09-01,9894.458333333334,0.0071422738803855,140.02548840235576,1981.5125570788823,0.1181300847448912,1828.3163110700405,0.1049486796061198,0.0363617021276595,0.0206595744680851,0.0632340425531914,0.0690425531914893,0.038871177935292,0.0273089624730582,0.0135980078856683,18.02,17.28510638297872,15.863829787234042,13.219148936170212,0.0,699.2604166666666,30.691666666666663,16.502083333333335,2023-09-01,0.1049486796061198,852.482308997057,2706.3834777936177,0.17883990197806826,0.037568194564543904,0.1145681945645439,-0.0727074139098843,2620.73263512964,F1,5.1984879769257976e-06,0.20686477680072748,-0.09229658223618359,0.1872756084744282
45,2023-09-02,2023-09-02,9414.5625,0.0073064985046169,136.87068976977858,1924.172850923469,0.1417982393330687,1773.5804026174812,0.1246363321940104,0.0333829787234042,0.0203617021276595,0.0917872340425531,0.0756595744680851,0.0440210550843804,0.0213705608610143,0.0106410873498368,15.615909090909092,15.73191489361702,15.017021276595743,13.259574468085107,0.0,701.3666666666667,56.09583333333333,12.939583333333331,2023-09-02,0.1246363321940104,854.6936091413407,2628.067934040859,0.20030747486454947,0.04254544498495873,0.11954544498495873,-0.09020567736828661,2542.273464401608,F1,1.4231862412978096e-05,0.2299295634139841,-0.11038411842902537,0.20975112235324533
46,2023-09-03,2023-09-03,9374.791666666666,0.0072840046167523,137.2953055474974,1927.773080612068,0.1401426563476262,1752.1650988244176,0.1333096822102864,0.0329787234042553,0.0203829787234042,0.0818085106382978,0.0738936170212765,0.0416434266137771,0.0241122403873252,0.0120062574787104,13.791111111111112,14.491489361702127,14.329787234042554,13.129787234042556,0.0,700.3874999999999,64.68124999999999,12.533333333333331,2023-09-03,0.1333096822102864,856.8816381022592,2632.9851888473845,0.1988677034353048,0.04024751593494336,0.11724751593494337,-0.09099453731036189,2511.576486421441,F1,2.004399413753174e-05,0.2400167207307792,-0.12276920479583583,0.20824205324530526
47,2023-09-04,2023-09-04,9885.3125,0.0070782127798708,141.29149682823223,1940.2951841152487,0.1347868475055725,1780.606289316728,0.122039794921875,0.0347021276595744,0.0207021276595744,0.0759574468085106,0.0729148936170212,0.0411433063031706,0.0246889367186633,0.0122934130698065,15.204347826086956,14.391489361702128,13.629787234042556,12.878723404255318,0.7919,694.3020833333334,52.65,11.945833333333333,2023-09-04,0.122039794921875,857.4288875376761,2650.088090318869,0.19396077514802723,0.039764159933593925,0.11676415993359393,-0.0863366247696026,2552.3444627578297,F1,1.1234545873229281e-05,0.22674414531394357,-0.10997998538034964,0.20310078470319654
48,2023-09-05,2023-09-05,9969.604166666666,0.0070887598458446,141.07179920801113,1961.3415928098425,0.1260633160217034,1820.598404151898,0.1073697408040364,0.0343404255319148,0.0213404255319148,0.0723191489361702,0.0724255319148936,0.0404043708932073,0.0255410143707486,0.0127176898486731,15.04390243902439,14.895744680851063,13.974468085106382,12.74468085106383,0.0,696.2291666666666,58.04166666666666,9.3625,2023-09-05,0.1073697408040364,849.229387181003,2678.833632482836,0.18605029493163128,0.03904999404702511,0.11604999404702512,-0.07876849974659347,2609.6696858944333,F1,1.1231091942700938e-05,0.20993221645261842,-0.0938822224055933,0.1948184937936186
49,2023-09-06,2023-09-06,9969.958333333334,0.0070744719948457,141.36042453078008,1986.503327224654,0.1161881170418375,1864.515403026713,0.093084971110026,0.0332978723404255,0.0219361702127659,0.0696595744680851,0.0715106382978723,0.0395596473496006,0.0265150779275798,0.0132027073201351,16.228571428571428,15.648936170212766,14.331914893617022,12.704255319148936,0.0,699.6041666666666,31.854166666666668,13.102083333333333,2023-09-06,0.093084971110026,843.6222297516957,2713.1999563547697,0.17710886826083733,0.03823358610352785,0.11523358610352785,-0.07023207510846452,2672.620889409551,F1,4.393311252734712e-06,0.1934742229357422,-0.07824063683221436,0.18546566121199237
50,2023-09-07,2023-09-07,10022.541666666666,0.0070517756946301,141.8164320701345,1995.445721078571,0.1130756364105288,1886.0668403879472,0.0867335001627604,0.0305531914893617,0.0219148936170212,0.0675531914893617,0.0711914893617021,0.0379797800776916,0.0283368468907444,0.0141098244891384,16.854761904761904,16.151063829787233,14.77659574468085,12.782978723404254,0.0,700.1166666666667,28.09583333333333,13.641666666666666,2023-09-07,0.0867335001627604,838.2889354924201,2725.4136296376896,0.17405770440319718,0.03670667685585762,0.11370667685585761,-0.06856958230456439,2703.5130030359305,F1,3.7307509087282215e-06,0.18610056992638904,-0.07239389307053143,0.182276259160422
51,2023-09-08,2023-09-08,10065.145833333334,0.0070636384341321,141.5741806140618,2011.9207621665707,0.1066822977125395,1905.513255152199,0.0809415181477864,0.026063829787234,0.021595744680851,0.065531914893617,0.0706382978723404,0.0356034486648118,0.0310770307600808,0.0154742498824567,17.21951219512195,16.378723404255318,14.972340425531916,12.891489361702128,0.0,701.96875,22.92708333333333,14.297916666666666,2023-09-08,0.0809415181477864,837.0746830402414,2747.915520346,0.16860012676683778,0.034410001385473905,0.11141000138547391,-0.06516414053724012,2731.387749599404,F1,2.9257797002799487e-06,0.17978872295038276,-0.06837872156490885,0.17657414192271403
52,2023-09-09,2023-09-09,10023.666666666666,0.0070630298894439,141.58807153308544,2017.6521779822112,0.1046857455702291,1912.8426391493413,0.0789362589518229,0.021,0.0209148936170212,0.0635531914893617,0.07,0.0328816305814181,0.0342156005601344,0.0170370444021297,17.425,16.50851063829787,15.121276595744682,12.985106382978724,0.0,702.8645833333334,22.525,14.172916666666666,2023-09-09,0.0789362589518229,831.2803390968816,2755.743585332215,0.16674952074724253,0.031779420148742465,0.10877942014874248,-0.06586198826197343,2741.89378497217,F1,2.834115660192623e-06,0.17748814321146458,-0.0687087230627221,0.1746414084107159
53,2023-09-10,2023-09-10,9979.729166666666,0.0070842056322407,141.16354910275646,2007.858358028532,0.1081402933687469,1870.0985830263733,0.091284434000651,0.0159787234042553,0.0198723404255319,0.0621489361702127,0.07,0.0173016942195125,0.0521810619738029,0.025982623576503,16.058695652173913,15.902127659574468,15.272340425531914,13.085106382978724,0.0,701.2145833333334,40.59375,12.039583333333333,2023-09-10,0.091284434000651,837.8791638866848,2742.36701983308,0.16992661993860864,0.01672173186562342,0.09372173186562344,-0.08423801840535655,2680.6238930169243,F1,6.34685441998537e-06,0.19152757854127297,-0.09780584667564954,0.17795975027098
54,2023-09-11,2023-09-11,9886.895833333334,0.0071140055357822,140.57425073981756,1973.078204269816,0.1212609178684064,1829.606411237104,0.1042531331380208,0.0157021276595744,0.0189574468085106,0.0604468085106382,0.0698723404255319,0.0169329586615855,0.052606256549949,0.0261943415868479,13.113953488372092,13.702127659574469,13.76808510638298,12.953191489361702,3.9145,699.1208333333334,77.95208333333333,7.520833333333333,2023-09-11,0.1042531331380208,854.9768713067318,2694.8636955914853,0.18181243765537713,0.016365356527419685,0.0933653565274197,-0.09701911954462414,2622.581881668622,F1,2.059539203210018e-05,0.2063928630081289,-0.1130275064807092,0.19038447607204384
55,2023-09-12,2023-09-12,9944.0,0.0070863861053935,141.12192113172298,1964.406549984421,0.1247706054894774,1824.944585227832,0.1057929992675781,0.0176170212765957,0.0185106382978723,0.0592765957446808,0.0691489361702127,0.0166421132925536,0.0529416347654509,0.0263613371518964,11.753658536585366,12.104255319148937,12.180851063829786,12.52127659574468,0.61079997,697.9875000000001,49.47916666666666,9.70625,2023-09-12,0.1057929992675781,837.8774170839064,2683.019803005849,0.18493196828941916,0.016084260455924856,0.09308426045592486,-0.10056393686477025,2615.899558983088,F1,7.876802184935974e-06,0.20822152895444848,-0.11513726849852363,0.1936481973206951
56,2023-09-13,2023-09-13,10019.354166666666,0.0070707965870027,141.43222403033693,1990.0031441095848,0.1147495392850479,1815.2544754168337,0.109137217203776,0.0190212765957446,0.0185744680851063,0.0593404255319148,0.0687872340425532,0.0166344119766725,0.0529505152698433,0.0263657590397245,12.632608695652175,12.982978723404257,12.863829787234042,12.161702127659575,0.0,696.3229166666666,53.30833333333334,9.060416666666669,2023-09-13,0.109137217203776,842.1744333373166,2717.9800656499856,0.17590708318601544,0.01607681729240906,0.09307681729240908,-0.0911324794277748,2602.0096281949022,F1,8.782248489212034e-06,0.21205582851931212,-0.11897901122690305,0.18420929672018388
57,2023-09-14,2023-09-14,9928.145833333334,0.0071241008382669,140.38064459311184,1964.6749676407824,0.1249626169690503,1793.8171148886502,0.1171658833821614,0.0191702127659574,0.0180851063829787,0.0585106382978723,0.0686595744680851,0.0164508100618285,0.0531622294283601,0.0264711783063794,10.47391304347826,11.44255319148936,11.919148936170211,11.961702127659576,1.2810999,696.3729166666667,79.79375,6.360416666666667,2023-09-14,0.1171658833821614,863.244106397755,2683.3864123961,0.18483442491448637,0.015899369815238065,0.09289936981523808,-0.10064675816041344,2571.281033800659,F1,1.8699586686561883e-05,0.2209632013546107,-0.12806383153937262,0.19354612797565152
58,2023-09-15,2023-09-15,9585.645833333334,0.0072229341548521,138.4514535644564,1903.170662584664,0.1513860352023727,1760.9497577292225,0.129675547281901,0.0218297872340425,0.0176382978723404,0.0889148936170212,0.0688723404255319,0.0317216829602579,0.0355531537917884,0.0177030550354327,8.92608695652174,9.914893617021276,10.725531914893615,11.55531914893617,9.7661,697.6479166666667,95.26875,4.05,2023-09-15,0.129675547281901,873.8023600419288,2599.3827887892717,0.20897700268327174,0.030658354613013954,0.10765835461301396,-0.11118473800586412,2524.1685319777325,F1,2.0950439698910597e-05,0.23582848582146662,-0.12817013120845266,0.21884309261887808
59,2023-09-16,2023-09-16,9557.916666666666,0.0072263077629263,138.39006852706308,1930.0759457881024,0.1391555569888778,1794.0435913485014,0.1170005798339843,0.0298723404255319,0.0182765957446808,0.0814680851063829,0.0689574468085106,0.0333905114968647,0.0336288022422053,0.0167448587080606,10.02093023255814,9.963829787234042,10.01276595744681,11.074468085106384,5.4781,699.99375,70.83749999999999,6.858333333333333,2023-09-16,0.1170005798339843,867.706359407313,2636.1304811856744,0.19795363735796345,0.03227124309461526,0.10927124309461525,-0.09801287595376543,2571.605668135444,F1,1.4159353949973387e-05,0.22090421213053588,-0.11163296903592063,0.20728411904838068
60,2023-09-17,2023-09-17,9651.6875,0.0072032145965451,138.8324614992517,1945.0636531029493,0.132730351654399,1807.5993237279224,0.1118863423665364,0.0334680851063829,0.0193191489361702,0.0757872340425531,0.0689787234042553,0.0336366012519366,0.0333450324053879,0.0166035606092198,11.9225,11.963829787234042,11.106382978723405,10.851063829787234,0.0244,700.6750000000001,39.80833333333333,10.39375,2023-09-17,0.1118863423665364,854.9332414510586,2656.6009461857575,0.19213229504159895,0.03250908378506905,0.10950908378506904,-0.09167662348033359,2591.0366331302484,F1,5.267119807922516e-06,0.21518225739527783,-0.10567317361020878,0.20118570726540264
61,2023-09-18,2023-09-18,9621.791666666666,0.0072269523964961,138.37946863252202,1946.014685198776,0.1324326093729391,1764.2566756003937,0.1287625630696614,0.032595744680851,0.0198085106382978,0.0714893617021276,0.0689574468085106,0.0323713412634134,0.0348040229284591,0.0173300387629545,11.754545454545456,12.355319148936172,11.917021276595746,10.972340425531916,0.0,698.6875,50.0625,8.741666666666667,2023-09-18,0.1287625630696614,856.7530701172101,2657.8998819617645,0.19177020524913446,0.03128623601074382,0.10828623601074383,-0.09252027949012637,2528.9087115266416,F1,7.290910477208149e-06,0.23423577677144633,-0.1259495407607025,0.2008065155008702
62,2023-09-19,2023-09-19,9525.208333333334,0.0072436934172809,138.05737320810758,1947.5535818297624,0.1316904983046126,1729.3874910398647,0.1431999206542968,0.0313125,0.0194583333333333,0.067875,0.0689375,0.0310854661230215,0.0362867850964736,0.0180683535807775,10.113043478260868,10.641666666666667,10.941666666666668,10.979166666666666,4.08,696.2583333333333,70.83125,6.520833333333333,2023-09-19,0.1431999206542968,854.0686256620387,2660.00173309627,0.191186100760031,0.030043464115835705,0.10704346411583571,-0.09315139141705814,2478.9267639911773,F1,1.3459150222791293e-05,0.25151961942537016,-0.14447615530953445,0.20019485553289385
63,2023-09-20,2023-09-20,9604.9375,0.0071910027414148,139.0725273972781,1958.35822951931,0.1273399682403673,1739.573357297895,0.1387646993001302,0.031,0.0198085106382978,0.0656595744680851,0.0687021276595744,0.0304754102490366,0.0369902497968209,0.0184186312067418,10.111627906976745,10.406382978723403,10.37659574468085,10.736170212765956,0.3195,695.3041666666667,52.364583333333336,7.920833333333333,2023-09-20,0.1387646993001302,853.1547871209106,2674.758904271345,0.1871468886939615,0.029453857651960083,0.10645385765196008,-0.08951233263652636,2493.5273185876968,F1,7.351969554616377e-06,0.24626957848271067,-0.13981572083075058,0.19596619028848644
64,2023-09-21,2023-09-21,9833.5625,0.007114256310802,140.56980067813387,1980.13301798366,0.1185474918083668,1766.1105795881651,0.1276588439941406,0.0306170212765957,0.0203404255319148,0.0646595744680851,0.0684468085106383,0.0367174746497612,0.0297924304650906,0.014834606213883,11.823255813953487,11.55744680851064,10.91063829787234,10.591489361702129,0.7685,694.0833333333334,48.31875,8.1625,2023-09-21,0.1276588439941406,858.2743341904123,2704.4992798858416,0.1793220162401266,0.035486684603620956,0.11248668460362096,-0.07529307920311781,2531.566121873928,F1,6.270822447676869e-06,0.23335093841032398,-0.12086425380670301,0.18777976380673878
65,2023-09-22,2023-09-22,10087.375,0.0070303583183933,142.24426488548713,2005.2506484700127,0.1090107223523484,1813.642142643028,0.109710693359375,0.0295531914893617,0.0204255319148936,0.0634893617021276,0.0682978723404255,0.0360589581016656,0.0305517759052941,0.0152127086516457,11.752380952380951,11.661702127659575,11.04255319148936,10.591489361702129,0.6701,694.2270833333333,29.36458333333333,8.622916666666667,2023-09-22,0.109710693359375,854.7696482698631,2738.805365863819,0.17078467196809355,0.03485024189421785,0.11185024189421786,-0.06700590944287457,2599.698489201383,F1,2.527834167491522e-06,0.21270470998413518,-0.10085446808991733,0.17885615133709243
66,2023-09-23,2023-09-23,10114.291666666666,0.007027799755114,142.2991123025685,2014.9232381766508,0.1057610138600542,1837.1274547183425,0.1018829345703125,0.0273617021276595,0.0201702127659574,0.0623829787234042,0.068,0.0348395007224842,0.0319579507433932,0.0159128881826683,11.511904761904765,11.53404255319149,11.063829787234043,10.58936170212766,0.0,695.4895833333334,40.7375,5.90625,2023-09-23,0.1018829345703125,844.9374145332055,2752.016353034202,0.16762764146275488,0.03367166140045151,0.11067166140045151,-0.06488678751342661,2633.362644265426,F1,3.136075036578999e-06,0.20350239102846243,-0.09283072962801092,0.17555844891387812
67,2023-09-24,2023-09-24,10205.479166666666,0.0070154997141656,142.54763731866234,2015.0758468716667,0.1055800991051923,1871.8832910870744,0.0906995137532552,0.0244680851063829,0.0198510638297872,0.0614893617021276,0.0677872340425532,0.0269017662618312,0.0411110729932048,0.0204705211815131,11.326190476190476,11.357446808510636,10.914893617021276,10.538297872340426,0.0,697.1979166666666,31.01458333333333,6.772916666666667,2023-09-24,0.0906995137532552,835.0003040911614,2752.2247885797065,0.1675783904340395,0.026000004186566346,0.10300000418656635,-0.07250700841674346,2683.182117012706,F1,2.171047339604247e-06,0.1908786970764499,-0.08787869288988354,0.1755070126033098
68,2023-09-25,2023-09-25,9671.416666666666,0.0072308559898939,138.30214904687492,2022.5971707903905,0.1031917346126853,1804.492378656513,0.1130612691243489,0.0213191489361702,0.0194680851063829,0.0604468085106382,0.0675106382978723,0.0253940299135124,0.0428496666920814,0.021336222719996,11.469047619047618,11.272340425531914,10.795744680851064,10.455319148936171,0.0,700.69375,25.07708333333333,9.327083333333333,2023-09-25,0.1130612691243489,838.5142803938362,2762.497540428817,0.16517214105458722,0.024542807994056618,0.10154280799405663,-0.0714515356560575,2586.5830972213375,F1,2.1563408713196894e-06,0.216480020324924,-0.11493721233086737,0.17299434365011412
69,2023-09-26,2023-09-26,9640.395833333334,0.0071896446547888,139.0956815295854,2017.9335188161297,0.104649046604886,1818.3856064206568,0.1081110636393229,0.018063829787234,0.0191914893617021,0.0593829787234042,0.0673404255319149,0.0165584521660547,0.0530381056819569,0.026409373113888,12.871428571428572,12.110638297872342,11.174468085106383,10.417021276595746,0.0,700.8041666666667,24.30208333333333,11.827083333333334,2023-09-26,0.1081110636393229,830.5837045062984,2756.127845417686,0.16665930081442576,0.01600340369663056,0.09300340369663057,-0.08154379120381133,2606.497832537281,F1,2.6172480426161776e-06,0.21081705481374077,-0.1178136511171102,0.1745471949004419
70,2023-09-27,2023-09-27,9807.854166666666,0.0071183388934501,140.48775718065906,2023.9996956605912,0.1023580435877594,1826.416178207336,0.1052258809407552,0.0148936170212765,0.0188723404255319,0.0589361702127659,0.0671489361702127,0.016452378845389,0.0531604204401929,0.0264702775531785,13.704761904761906,12.808510638297872,11.73404255319149,10.538297872340426,0.0,698.9458333333333,27.772916666666664,12.25,2023-09-27,0.1052258809407552,833.802355654403,2764.4131326981396,0.16472796631734127,0.015900886012306457,0.09290088601230645,-0.07962971289366483,2618.0089597053056,F1,3.2910975441045456e-06,0.2076316367137002,-0.11473075070139374,0.17253059890597128
71,2023-09-28,2023-09-28,10139.354166666666,0.0070020678888889,142.82102933259532,2029.3757022654845,0.1005072592994581,1850.3318538398653,0.097333272298177,0.0121489361702127,0.0183617021276595,0.0581063829787234,0.067,0.0162675270670151,0.0533735758353423,0.026576414457756,13.592857142857142,12.819148936170214,11.917021276595746,10.704255319148936,0.0,696.2229166666666,23.758333333333336,12.714583333333332,2023-09-28,0.097333272298177,838.0209159245352,2771.7557737528305,0.16303837035896385,0.015722230567721963,0.09272223056772197,-0.07804454130754887,2652.2900035497714,F1,2.7281467584723756e-06,0.19854729620617714,-0.10582506563845517,0.17076677187527084
72,2023-09-29,2023-09-29,10426.270833333334,0.0069115753025877,144.68869809354854,2051.595055113691,0.0931928409269821,1890.039007082656,0.0852750142415364,0.0098936170212765,0.0176808510638297,0.057127659574468,0.067,0.0160598161503854,0.0536130904502436,0.0266956764628715,13.28780487804878,12.736170212765956,11.895744680851063,10.78936170212766,0.0,694.9604166666667,25.141666666666666,11.752083333333331,2023-09-29,0.0852750142415364,831.3357300270442,2802.1033429472955,0.15626640697534028,0.015521482235831576,0.09252148223583159,-0.0711791614989992,2709.2067589937856,F1,2.726873572301857e-06,0.18474381777266807,-0.09222233553683648,0.1637006437348308
73,2023-09-30,2023-09-30,10569.3125,0.0068689873884059,145.5901520314148,2047.37873973556,0.0944931129369525,1905.6035888791785,0.0809440612792968,0.0078297872340425,0.0171489361702127,0.0561702127659574,0.067,0.0158566206884651,0.0538473982256906,0.0268123458157019,13.444186046511629,12.625531914893616,11.906382978723403,10.823404255319147,0.0,694.7083333333334,26.38958333333333,11.864583333333334,2023-09-30,0.0809440612792968,827.6219748468669,2796.3446278507013,0.15752596866116364,0.015325097998112774,0.09232509799811278,-0.07268941454710082,2731.5172351511733,F1,2.9522405653576833e-06,0.17972973372630793,-0.08740463572819515,0.1650145125452136
74,2023-10-01,2023-10-01,10635.5,0.006859618240072,145.78995371127598,2033.0734884258147,0.0994506994457051,1893.4092681858044,0.0845108032226562,0.0068510638297872,0.0168085106382978,0.0557446808510638,0.0669787234042553,0.0157650617307483,0.0539529762514108,0.0268649164993268,14.125581395348837,13.172340425531916,12.182978723404256,10.85531914893617,0.5365,693.1833333333334,47.56666666666666,9.808333333333334,2023-10-01,0.0845108032226562,821.5831065798934,2776.8062728440323,0.1618880120693597,0.015236608147268594,0.09223660814726861,-0.07732945675621952,2714.037735564114,F1,7.270566484254958e-06,0.18368201173932122,-0.09144540359205261,0.16956606490348813
75,2023-10-02,2023-10-02,10595.270833333334,0.0068975918038541,144.9921124704375,1996.1247704126613,0.1131584929980948,1866.391926049441,0.0928306579589843,0.0055106382978723,0.0158723404255319,0.0551489361702127,0.067,0.0156398788624167,0.0540973265195006,0.0269367931253876,10.97111111111111,11.719148936170212,11.806382978723404,10.929787234042552,0.8559,693.36875,61.57916666666667,6.98125,2023-10-02,0.0928306579589843,867.1780646066745,2726.341086742023,0.17382861313415238,0.01511562147787931,0.09211562147787933,-0.08992121115733298,2675.3107221788914,F1,9.776965602464592e-06,0.1928253414709191,-0.10070971999303976,0.1820368326352123
76,2023-10-03,2023-10-03,10186.979166666666,0.0070297812867195,142.2693376301106,1900.406869745928,0.1531542561825547,1784.456788033521,0.1206499735514323,0.0057021276595744,0.0143191489361702,0.0540212765957446,0.0668723404255319,0.0153930605816419,0.0543819364303786,0.0270785095240343,4.312765957446809,7.593617021276596,9.782978723404256,10.702127659574469,8.176,691.6,89.6375,-0.2041666666666667,2023-10-03,0.1206499735514323,920.9070440474486,2595.607953627073,0.21015349893592383,0.014877076682306877,0.09187707668230688,-0.12820052328839415,2557.8638182367063,F1,-8.653132064923407e-07,0.22503345781577364,-0.13315638113346676,0.22007759997070103
77,2023-10-04,2023-10-04,9861.395833333334,0.0071370103931637,140.1199276002031,1888.527177348236,0.1584057770882616,1776.158195118768,0.1235898335774739,0.0140851063829787,0.0138297872340425,0.0528085106382978,0.066,0.0150844352584817,0.054737816981218,0.0272557138591109,3.919148936170212,5.280851063829787,7.257446808510639,9.925531914893616,2.8126,694.4499999999999,76.87708333333333,0.6145833333333334,2023-10-04,0.1235898335774739,890.671396769003,2579.3824681455276,0.2153093087218178,0.014578796650574143,0.09157879665057414,-0.13391076605812255,2545.9685060603247,F1,1.6140293423487502e-06,0.22874977893248763,-0.1371709822819135,0.2254895627086967
78,2023-10-05,2023-10-05,9642.145833333334,0.0072137525519029,138.62872402865352,1928.5629250059933,0.1397731128985094,1798.510288154528,0.1151326497395833,0.0320851063829787,0.014531914893617,0.0527446808510638,0.0657446808510638,0.0279985128917313,0.0398463977851457,0.0198407988524805,6.465909090909091,6.557446808510638,6.955319148936169,9.127659574468083,0.0,699.1437500000001,63.60833333333333,3.5104166666666665,2023-10-05,0.1151326497395833,871.0333195426766,2634.0639717246922,0.19855359297628938,0.02705998726319665,0.10405998726319665,-0.10385286953755535,2578.0082900558996,F1,5.363827308747596e-06,0.21895756773606664,-0.11489758047286999,0.207912856800752
79,2023-10-06,2023-10-06,9522.3125,0.0072505328024171,137.9257885842671,1932.4735686848217,0.138089510550592,1790.0889517858195,0.1183001200358073,0.0374680851063829,0.0151914893617021,0.0535744680851063,0.0654893617021276,0.0303310253910292,0.037156742171051,0.0185015330972812,7.329545454545454,7.595744680851064,7.708510638297873,8.763829787234043,0.0,700.4499999999999,54.575,6.002083333333334,2023-10-06,0.1183001200358073,868.1650128890709,2639.4051952269656,0.19700759953665303,0.029314312654202986,0.10631431265420299,-0.09997846976118685,2565.937035799046,F1,6.163554687022292e-06,0.222555910404631,-0.116241597750428,0.20629278241538984
80,2023-10-07,2023-10-07,9591.6875,0.0072086879188448,138.72638870358907,1953.1613092291664,0.1293034225103329,1806.7134985089108,0.1121482849121093,0.0370851063829787,0.0159787234042553,0.0543617021276595,0.0656382978723404,0.0303523587251866,0.0371321423791953,0.0184892840722964,7.967441860465117,8.082978723404254,8.02127659574468,8.708510638297872,0.0,700.3291666666668,40.33958333333333,7.827083333333333,2023-10-07,0.1121482849121093,861.3722226371791,2667.6608623445304,0.18907631958925264,0.02933493088320726,0.10633493088320725,-0.09165094782177338,2589.766879616358,F1,4.0738887222508095e-06,0.21553619273972677,-0.10920126185651952,0.19798587870498063
81,2023-10-08,2023-10-08,9780.041666666666,0.0071298873206412,140.26131019054102,1954.5417766079229,0.1286787481648762,1824.0284292710453,0.1060511271158854,0.0357659574468085,0.0163829787234042,0.0546595744680851,0.0658936170212766,0.0298984497225061,0.0376555517490122,0.0187499063769785,8.390476190476189,8.587234042553192,8.342553191489362,8.71063829787234,0.0,698.9979166666667,35.2,8.497916666666667,2023-10-08,0.1060511271158854,856.0882580201009,2669.546328117711,0.18856140197949678,0.028896237161198473,0.10589623716119848,-0.09155059356965364,2614.5863289909457,F1,3.40012973900986e-06,0.20857546429889742,-0.10267922713769895,0.19744683073085212
82,2023-10-09,2023-10-09,10091.729166666666,0.0070113219881815,142.6335109033936,1972.89812460368,0.1212733297337393,1835.6784824423607,0.1021194458007812,0.0339361702127659,0.0169361702127659,0.055127659574468,0.066,0.0292659319330602,0.0383849176254695,0.0191130810288675,8.821739130434782,8.840425531914894,8.548936170212766,8.72340425531915,0.0,695.6354166666666,35.65625,8.589583333333334,2023-10-09,0.1021194458007812,848.947966197667,2694.6177397274273,0.18187655936997588,0.028284921717684108,0.10528492171768411,-0.0851666283794521,2631.285668357006,F1,3.519420571362776e-06,0.2040332940451359,-0.09874837232745179,0.1904515500971362
83,2023-10-10,2023-10-10,10480.395833333334,0.006883804686552,145.27440107831598,1973.547627339403,0.1211096676747064,1841.9098345968407,0.1000938415527343,0.0312127659574468,0.017063829787234,0.0554468085106382,0.066,0.0282350857284706,0.0395736020515024,0.0197049651114178,7.8021276595744675,8.251063829787235,8.48936170212766,8.746808510638298,0.0,691.30625,35.108333333333334,7.002083333333334,2023-10-10,0.1000938415527343,844.5992795099896,2695.5048415862893,0.18164541837200532,0.027288630047680902,0.10428863004768091,-0.08592113905982285,2640.2177704518967,F1,2.7882611636145913e-06,0.20167372508214287,-0.09738509503446197,0.19020976910750376
84,2023-10-11,2023-10-11,10919.041666666666,0.0067769406354397,147.57248008164612,1940.9819738448327,0.1351383750992119,1802.1829031022105,0.1146116865442154,0.0288085106382978,0.0171063829787234,0.0552978723404255,0.066,0.0272336391326071,0.0407283853418774,0.0202799687317219,6.034042553191489,7.104255319148936,7.914893617021277,8.655319148936169,0.0,684.7041666666668,61.36666666666667,4.327083333333333,2023-10-11,0.1146116865442154,869.0491647748221,2651.0261193867264,0.19369608321642423,0.02632075249526843,0.10332075249526843,-0.09950278001795212,2583.272664601693,F1,6.004442021951208e-06,0.21742384791012118,-0.11410309541485275,0.20282353251322055
85,2024-06-07,2024-06-07,8234.291666666666,0.0077796060109359,128.5460947357927,1743.1051512778176,0.2473799864201285,1554.6885198306898,0.2496325174967447,0.1655625,0.1582708333333333,0.2391875,0.2037291666666666,0.1810552119219726,0.1366456081292448,0.0680402288705234,14.585416666666667,13.285416666666668,11.102083333333333,6.239583333333333,0.0,698.3125,31.495833333333334,15.608333333333334,2024-06-07,0.2496325174967447,,2380.7625970484473,0.2948656887926698,0.17498614113861943,0.25198614113861945,-0.057412362879893264,2228.5109620867993,F1,5.134236706302491e-06,0.3820037830788833,-0.13001764194026383,0.3093985040185127
86,2024-06-08,2024-06-08,8375.416666666666,0.0077164239272281,129.5983613213385,1747.3142050285758,0.2441453840047821,1567.0775339930603,0.2395553588867187,0.1504375,0.1461875,0.231375,0.2003541666666667,0.1691628607493175,0.1229323572437964,0.0612119616354558,15.279166666666669,13.85625,11.583333333333334,6.98125,0.43179998,697.0041666666666,45.83541666666667,13.29375,2024-06-08,0.2395553588867187,,2386.511394091142,0.29202820761699694,0.16349242815086473,0.24049242815086472,-0.0659003744771319,2246.2695378517365,F1,9.068962255528378e-06,0.36902615378242176,-0.12853372563155704,0.3063928026279966
87,2024-06-09,2024-06-09,8442.479166666666,0.0076882257788442,130.0742402919703,1751.8256456601669,0.2409044536958778,1588.1842064439616,0.223822275797526,0.1456875,0.1378333333333333,0.2240833333333333,0.1969583333333333,0.1627793184765848,0.1155713976275742,0.0575467038649994,15.108333333333334,13.845833333333331,11.902083333333332,7.541666666666667,0.95479995,697.6708333333332,45.29791666666667,13.710416666666667,2024-06-09,0.223822275797526,,2392.673196267346,0.28903017740939946,0.15732286574366852,0.23432286574366853,-0.06889521585899935,2276.524119608815,F1,9.113248391389638e-06,0.3487338607006819,-0.11441099495701337,0.3032180816026679
88,2024-06-10,2024-06-10,8501.208333333334,0.0076595896289452,130.56257711241406,1759.301635707977,0.2355981505560229,1596.902107963332,0.2174313863118489,0.1339583333333333,0.1305,0.2171458333333333,0.1925,0.1539256698698733,0.1053621208552395,0.0524631776712037,15.439583333333331,14.227083333333333,12.408333333333331,8.035416666666666,0.0,697.5604166666667,46.91458333333333,13.333333333333334,2024-06-10,0.2174313863118489,,2402.884030346223,0.2841581473062156,0.14876599633217966,0.22576599633217967,-0.07229521346724596,2289.020474251239,F1,9.580336556789683e-06,0.340947283122805,-0.11518128679062531,0.29806120979942563
89,2024-06-11,2024-06-11,8525.416666666666,0.0076609466226402,130.53881063019102,1764.469729117803,0.2317799791978829,1611.3514921287808,0.2075932820638021,0.123375,0.1232916666666666,0.2106666666666666,0.1884375,0.1456954610625688,0.0958717419910745,0.0477376137923045,17.125531914893617,15.354166666666666,12.864583333333334,8.45,0.5643,698.475,49.95625,12.922916666666666,2024-06-11,0.2075932820638021,,2409.942700030692,0.2808582720441358,0.14081166867341033,0.2178116686734103,-0.076758352369907,2309.7324114639828,F1,1.0724726056625262e-05,0.32873651373931617,-0.11092484506590586,0.2945700210433173
90,2024-06-12,2024-06-12,8568.0625,0.0076345773058403,130.9886722535887,1788.041493296517,0.2154175833207152,1637.6997521342228,0.1907259623209635,0.1104166666666666,0.1145625,0.2039375,0.1842708333333333,0.1359527860808724,0.084637315393701,0.0421436326363833,17.814583333333335,16.26875,13.9375,8.972916666666666,0.0,699.6354166666666,35.93958333333333,15.210416666666667,2024-06-12,0.1907259623209635,,2442.1374155715125,0.26647427725184014,0.13139557354244255,0.20839557354244256,-0.07097171901180707,2347.5003537270636,F1,6.324540275064217e-06,0.3082672529853519,-0.09987167944290934,0.27936729255424964
91,2024-06-13,2024-06-13,8684.083333333334,0.0075858633588862,131.82817353283468,1807.312505820095,0.2030511127974163,1668.7488183880876,0.1728897094726562,0.0970625,0.105625,0.1959166666666666,0.1797291666666666,0.1256864407436628,0.0727990365502772,0.0362489740888669,18.55208333333333,16.71875,14.3,9.49375,0.0,700.525,23.91875,17.29375,2024-06-13,0.1728897094726562,,2468.458091515677,0.25546892312874975,0.1214733617757414,0.1984733617757414,-0.06927881626985913,2392.0064934629077,F1,3.744676998166104e-06,0.28691315387026517,-0.08843979209452377,0.26775217804560053
92,2024-06-14,2024-06-14,8691.25,0.0075828247000271,131.8849407053382,1807.029218497945,0.2034792707909505,1651.033694247288,0.1830380757649739,0.083625,0.0960625,0.1881041666666666,0.1750624999999999,0.1152198222397855,0.0607298196744776,0.0302393240916224,16.220833333333335,16.0,14.777083333333332,9.983333333333333,0.0,699.9958333333334,44.975,12.872916666666669,2024-06-14,0.1830380757649739,,2468.071172883546,0.25562610316028217,0.11135759010962186,0.18835759010962186,-0.07956037511994721,2366.613401638444,F1,8.42359151371195e-06,0.29876998790930503,-0.11041239779968318,0.26791796522956907
93,2024-06-15,2024-06-15,8868.6875,0.0074912437315223,133.49325740273497,1824.342113582016,0.1929522440181483,1654.9380000085955,0.1805661519368489,0.0801666666666666,0.0905208333333333,0.1803333333333333,0.1712708333333333,0.1101482524761784,0.0548817154988025,0.0273273655441129,14.836170212765955,13.979166666666666,12.802083333333334,10.022916666666667,0.78639996,696.9479166666666,55.46666666666667,10.75625,2024-06-15,0.1805661519368489,,2491.717418798524,0.2462589680663157,0.10645602216784196,0.18345602216784196,-0.07458699639431882,2372.2098848422693,F1,1.1500247771444543e-05,0.2961154728259379,-0.11265945065809596,0.2580430185621608
94,2024-06-16,2024-06-16,9031.354166666666,0.0074149180816208,134.87583158148968,1831.6665713454013,0.1887166341428195,1653.5836615116607,0.1816927591959635,0.0738958333333333,0.0847916666666666,0.1740208333333333,0.1661875,0.1041147259278664,0.0479243643341932,0.0238630773605887,16.65531914893617,14.9375,13.010416666666666,9.835416666666667,0.0,694.0854166666667,29.735416666666666,15.064583333333331,2024-06-16,0.1816927591959635,,2501.7212875117484,0.24243709565363603,0.10062474276450985,0.17762474276450985,-0.07639220772514738,2370.2685582367803,F1,4.506233778149066e-06,0.2970003111870603,-0.11937556842255043,0.2540169504896572
95,2024-06-17,2024-06-17,9458.666666666666,0.0072387063052951,138.15437602697617,1857.30945979927,0.174295288217079,1681.8245505644925,0.1659889221191406,0.0634166666666666,0.0769166666666666,0.1677291666666666,0.1613541666666666,0.0957039499473329,0.0382257707181918,0.0190338366818046,18.174468085106383,16.566666666666666,14.354166666666666,10.052083333333334,0.0,690.18125,22.025,15.314583333333331,2024-06-17,0.1659889221191406,,2536.74477973567,0.22967112296382197,0.0924959006439681,0.1694959006439681,-0.07108558188825595,2410.74941985668,F1,2.9755793537767617e-06,0.27859567327571483,-0.10909977263174672,0.24058148253222406
96,2024-06-18,2024-06-18,9561.791666666666,0.0072586139673693,137.77811128170364,1873.9383099215167,0.1656086620008544,1692.673524033026,0.1605033874511718,0.0546666666666666,0.0692916666666666,0.1601458333333333,0.1570625,0.0878297975323615,0.02914596589162,0.0145127107783998,17.49148936170213,16.166666666666668,14.43125,10.433333333333334,0.0,689.6999999999999,39.75833333333333,10.4,2024-06-18,0.1605033874511718,,2559.456745433177,0.221869038261284,0.08488569417044778,0.16188569417044776,-0.07049404376979476,2426.3004810458688,F1,5.257017304692378e-06,0.27204786940340925,-0.11016217523296148,0.23237973794024253
97,2024-06-19,2024-06-19,9258.166666666666,0.0073710610542178,135.67111850457815,1865.102281230593,0.1704212858512135,1702.372491044175,0.1556345621744791,0.048125,0.063625,0.1531875,0.1534791666666666,0.0816584265028802,0.0220296641607176,0.0109692760122833,15.30888888888889,15.04375,14.00625,10.59375,0.0,695.24375,39.79375,10.9,2024-06-19,0.1556345621744791,,2547.3883474949475,0.22597029737519592,0.07892119090914981,0.15592119090914983,-0.08076899344412222,2440.2031078611853,F1,5.519606719427269e-06,0.2663849038922261,-0.11046371298307625,0.23669018435327205
98,2024-06-20,2024-06-20,8977.625,0.0074958893604037,133.41874921141036,1843.1244409493509,0.1821727526616618,1688.5302179973462,0.1627044677734375,0.0457291666666666,0.0603749999999999,0.1470833333333333,0.1494166666666666,0.078099525172471,0.0179258409459545,0.0089258508733462,15.187234042553191,14.397916666666667,13.272916666666667,10.50625,0.9403,698.6916666666666,59.61041666666667,11.322916666666666,2024-06-20,0.1627044677734375,,2517.370640263041,0.2366179796044739,0.07548158591854734,0.15248158591854735,-0.09540867457688632,2420.361411706887,F1,1.4554864096970909e-05,0.27452541681455195,-0.1220438308960046,0.24789026049543367
99,2024-06-21,2024-06-21,8689.5,0.0076031470469467,131.53474725743115,1800.4217274299915,0.2077608053089903,1643.4181597893496,0.1875457763671875,0.0588333333333333,0.0581875,0.1425624999999999,0.147,0.0815717837150978,0.0219297550452681,0.010919528060816,13.795744680851064,13.452083333333334,12.677083333333334,10.35,9.620299,699.8208333333333,78.91875,9.060416666666669,2024-06-21,0.1875457763671875,,2459.0465494502528,0.25933043748635665,0.07883745243550637,0.15583745243550637,-0.11598854726896482,2355.6971944334705,F1,2.575649114553075e-05,0.30413800730011414,-0.14830055486460778,0.2718259997044712
100,2024-06-22,2024-06-22,8473.333333333334,0.0076980756608519,129.90715359354024,1758.1387138536204,0.2362602084573085,1621.8588780869295,0.2006479899088541,0.1258541666666666,0.0596041666666666,0.19925,0.1453124999999999,0.1209997078496081,0.0673946936179026,0.0335579784904883,14.4875,13.53125,12.310416666666669,10.191666666666666,11.989699,700.4916666666667,65.21875,10.933333333333332,2024-06-22,0.2006479899088541,,2401.2956919421326,0.28490828048180655,0.11694373075892482,0.19394373075892482,-0.10491128356286764,2324.7938366253143,F1,1.788696102602924e-05,0.32030105469661624,-0.12635732393769142,0.29885501432179246
101,2024-06-24,2024-06-24,8557.479166666666,0.0076441092295385,130.82555712827065,1773.7954214169022,0.2251995087174066,1638.6982920793444,0.190155029296875,0.1067916666666666,0.0685208333333333,0.1758958333333333,0.1409791666666666,0.1110029486584924,0.0558672786568984,0.0278181090356986,16.400000000000002,15.03125,13.254166666666668,10.2875,0.0,700.4833333333332,45.10833333333333,15.197916666666666,2024-06-24,0.190155029296875,,2422.6798888348226,0.2750397574203612,0.10728206846168459,0.18428206846168457,-0.10413527426737593,2348.9316740110958,F1,1.0009559503434035e-05,0.30755938229645396,-0.12327731383476939,0.2884173427290605
102,2024-06-25,2024-06-25,8691.25,0.007586212601758,131.8241739890667,1790.253911137848,0.2142518815596563,1670.7911955122415,0.1720301310221354,0.0897291666666666,0.0683541666666666,0.1670416666666666,0.1393958333333333,0.1020938344729438,0.0455940436826021,0.022702736002775,17.18913043478261,15.947916666666666,13.9625,10.55625,0.0,700.6979166666666,41.65,15.677083333333334,2024-06-25,0.1720301310221354,,2445.159173405125,0.2651776907816951,0.0986715927082203,0.1756715927082203,-0.10232652499429029,2394.9340636815314,F1,8.711979983177666e-06,0.28555640171654423,-0.10988480900832392,0.2779981177025106
103,2024-06-26,2024-06-26,8602.1875,0.007628851269958,131.08471049678448,1803.8419808700864,0.2054300829452819,1651.8128440795672,0.1823870340983072,0.0750851063829787,0.0654680851063829,0.1587446808510638,0.1369574468085106,0.0933427336643501,0.03550301633487,0.0176780899883272,18.251063829787235,16.925531914893618,14.857446808510636,10.91063829787234,0.0,701.28125,42.677083333333336,16.820833333333333,2024-06-26,0.1823870340983072,,2463.7179896422776,0.25740375597960835,0.09021383363597221,0.16721383363597223,-0.10257933308591646,2367.7302452506497,F1,9.835657078704855e-06,0.2982390848926316,-0.1310252512566594,0.2697931667218887
104,2024-06-27,2024-06-27,8609.8125,0.007585128985245,131.8530884472204,1802.393396682913,0.2063627157177097,1623.188919135188,0.2001457214355468,0.0673617021276595,0.0628085106382978,0.1513404255319148,0.1348936170212766,0.087668540459259,0.0289600179097279,0.014420121317098,16.906666666666666,15.806382978723404,14.319148936170214,11.17659574468085,1.7404,697.975,67.04375,13.045833333333334,2024-06-27,0.2001457214355468,,2461.739488776182,0.2582173393277851,0.08472984252357182,0.16172984252357184,-0.10892167840934955,2326.700334948459,F1,2.3040440678609505e-05,0.31923924866326936,-0.15750940613969752,0.2706515209329214
105,2024-06-28,2024-06-28,8830.208333333334,0.0075492584389073,132.47970164343414,1756.6822434619037,0.2375653873348807,1627.8149018392326,0.1973927815755208,0.0679787234042553,0.0610851063829787,0.146063829787234,0.1337021276595744,0.0861663923461603,0.0272278680898176,0.0135576283925302,16.153191489361703,15.625531914893616,14.359574468085103,11.259574468085107,5.6584997,695.8979166666667,72.85625,10.660416666666666,2024-06-28,0.1973927815755208,,2399.306419964039,0.28585175090076237,0.08327804724554869,0.1602780472455487,-0.13957546013592007,2333.331279369088,F1,2.387766437307361e-05,0.31569989521877984,-0.15542184797323114,0.29985350738146876
106,2024-06-29,2024-06-29,8538.895833333334,0.0076747200859,130.3040220096852,1802.7569210527563,0.2065063169708506,1631.5483581092496,0.1948954264322916,0.075,0.0603829787234042,0.1411914893617021,0.1319361702127659,0.0876322410054824,0.0289181604578736,0.0143992791499541,16.77608695652174,15.68936170212766,14.197872340425532,11.287234042553193,4.0622997,700.0395833333333,58.85833333333333,13.21875,2024-06-29,0.1948954264322916,,2462.2359965297187,0.2580128354417228,0.08469475984755064,0.16169475984755063,-0.10874099609322366,2338.6828646661293,F1,1.6439501409707516e-05,0.31286841246318825,-0.15117365261563762,0.2704357559407743
107,2024-06-30,2024-06-30,8420.020833333334,0.0077101807082744,129.70424349408435,1791.718858418369,0.2132056574380086,1630.5205214110076,0.1951560974121093,0.0702553191489361,0.0590212765957446,0.1368936170212766,0.1301063829787234,0.0842552692395599,0.0250241229890128,0.0124603130592102,17.827272727272728,16.885106382978723,14.95531914893617,11.425531914893616,0.6612,702.3395833333334,57.90416666666667,14.44375,2024-06-30,0.1951560974121093,,2447.160023261805,0.26432399843070503,0.08143098604187023,0.15843098604187023,-0.11866575542957675,2337.209550031043,F1,1.7221201812925346e-05,0.31363527237616096,-0.15520428633429073,0.277096741471447
108,2024-07-01,2024-07-01,8416.041666666666,0.0076898296322924,130.05528529575528,1736.7714526551397,0.2526324320735204,1598.1578019315302,0.2166302998860677,0.0909148936170212,0.0568936170212765,0.1324893617021276,0.1287446808510638,0.0908814594187468,0.0326648835940998,0.0162648927118785,15.27391304347826,15.502127659574468,14.791489361702128,11.685106382978724,6.2922997,699.7416666666667,82.68333333333334,11.147916666666667,2024-07-01,0.2166302998860677,,2372.1119239833174,0.29921081947782346,0.08783506266357072,0.1648350626635707,-0.14916804314009538,2290.820402492467,F1,3.6576495140068456e-05,0.33982648786538333,-0.17499142520181263,0.3140031058036661
109,2024-07-03,2024-07-03,8721.354166666666,0.0075395013035812,132.64390313929425,1778.2501553132367,0.2230746698852921,1660.674921281644,0.1777572631835937,0.1574680851063829,0.0784468085106382,0.1303829787234042,0.126531914893617,0.1241696530471258,0.0710500056042015,0.0353780755104065,15.3,14.889361702127658,13.891489361702128,11.491489361702127,2.0263999,698.725,43.28125,12.402083333333332,2024-07-03,0.1777572631835937,,2428.7642399896695,0.2723202932434067,0.12000741764120895,0.19700741764120897,-0.08853566562432527,2380.4332632119826,F1,7.470961205855694e-06,0.29222218403699945,-0.09521476639579049,0.28554308326553424
110,2024-07-04,2024-07-04,8813.104166666666,0.0075426143550765,132.58585373354055,1808.5808269383635,0.2027899079139132,1684.117641606408,0.1649525960286458,0.1251914893617021,0.0793617021276595,0.1304255319148936,0.1248085106382978,0.111355510260864,0.0562738227990706,0.0280205403970725,15.068888888888887,14.73404255319149,13.829787234042554,11.48936170212766,0.0,700.0416666666666,33.66875,12.13125,2024-07-04,0.1649525960286458,,2470.1903860231005,0.25476683535666966,0.10762281200426342,0.18462281200426342,-0.08238886795837871,2414.03636670088,F1,4.479292882046491e-06,0.27717993189791906,-0.09255711989365564,0.26701167996264213
111,2024-07-05,2024-07-05,8833.645833333334,0.007506979842837,133.2172081865103,1828.8741496219395,0.1904014693750872,1707.681435825401,0.1533222604305186,0.1017234042553191,0.0749148936170212,0.1292553191489361,0.1236170212765957,0.1001224300005827,0.0433207872227403,0.0215708087353864,14.795454545454543,14.612765957446808,13.693617021276596,11.436170212765957,0.0,701.3166666666666,31.45208333333333,11.202083333333334,2024-07-05,0.1533222604305186,,2497.907350532944,0.24388459338401264,0.09676627080348246,0.17376627080348248,-0.08177531044205602,2447.8130191013893,F1,3.676201488856198e-06,0.26331746424033514,-0.08955119343685267,0.2555415812455385
112,2024-07-06,2024-07-06,9053.916666666666,0.0074115821509817,134.93114826617918,1845.9176148234087,0.1807358775222476,1726.4964423304582,0.1445159912109375,0.0839148936170212,0.0693404255319149,0.1273191489361702,0.1219787234042553,0.0906163109511025,0.0323591368661476,0.0161126516144068,15.363636363636363,14.887234042553192,13.740425531914893,11.408510638297871,0.0,699.68125,32.53333333333333,12.46875,2024-07-06,0.1445159912109375,,2521.185604541894,0.23522801935756626,0.0875788021191248,0.16457880211912482,-0.08184862522973282,2474.7826967657106,F1,4.335165880141015e-06,0.25305333925131557,-0.08847453713219075,0.24642742734885764
113,2024-07-07,2024-07-07,9242.166666666666,0.0073585767060001,135.8984834368557,1860.183660362586,0.1728484926886777,1737.8931432684233,0.1393051147460937,0.0693404255319149,0.063531914893617,0.1244893617021276,0.1202553191489361,0.0821438897511543,0.0225894592107121,0.0112480159135773,16.165116279069768,15.631914893617022,14.2,11.45531914893617,0.0,698.1750000000001,29.729166666666668,13.21875,2024-07-07,0.1393051147460937,,2540.670411641778,0.22829684611958168,0.07939038116099803,0.15639038116099804,-0.08274590441999777,2491.1188777099464,F1,3.952751476687514e-06,0.24715441684383302,-0.09076403568283498,0.2391362855809958
114,2024-07-08,2024-07-08,9162.541666666666,0.007391955152574,135.28675296113684,1866.4061674519223,0.1696628059349252,1736.243808852201,0.14013671875,0.0582553191489361,0.0578510638297872,0.1207234042553191,0.1182553191489361,0.074905665233031,0.0142429525072721,0.0070920226537407,15.65227272727273,15.351063829787234,14.293617021276594,11.595744680851064,0.0,699.0895833333334,43.14375,11.641666666666666,2024-07-08,0.14013671875,,2549.1692174236905,0.22535882659563605,0.0723947859297092,0.1493947859297092,-0.08665261287358791,2488.7547000757677,F1,6.9656264769001484e-06,0.2479802659808806,-0.0985854800511714,0.23604739880329711
115,2024-07-09,2024-07-09,9174.145833333334,0.0073897023063286,135.32735039133448,1884.752092484047,0.1601955189945278,1756.5067861708137,0.1314430236816406,0.0513404255319148,0.0533617021276595,0.1164042553191489,0.1162978723404255,0.0696227398749217,0.0081511309832466,0.0040587094254002,14.63720930232558,14.759574468085107,13.94255319148936,11.619148936170212,0.0,700.4395833333333,39.99166666666667,12.883333333333333,2024-07-09,0.1314430236816406,,2574.226393172795,0.21698211119021388,0.06728894714978333,0.14428894714978333,-0.08295720187515374,2517.799918139102,F1,6.5893147637120295e-06,0.2378931086640855,-0.09360416151430218,0.22724614902493706
116,2024-07-10,2024-07-10,9080.583333333334,0.0074208061429926,134.76327484006632,1894.1706361778613,0.1557043915108342,1762.4279660144964,0.1291465759277343,0.047063829787234,0.0501489361702127,0.1119787234042553,0.1143617021276595,0.065798452769734,0.003741287398068,0.0018629069336365,14.204444444444446,14.123404255319148,13.434042553191489,11.519148936170213,0.0,702.13125,39.80416666666667,14.047916666666666,2024-07-10,0.1291465759277343,,2587.0903999875654,0.21283980151221094,0.06359285226226707,0.1405928522622671,-0.08230412028931866,2526.287415166205,F1,7.117404187469094e-06,0.23512061513256874,-0.09452776287030165,0.22289697255158575
117,2024-07-11,2024-07-11,9096.541666666666,0.007410669633861,134.94511487554328,1925.3929401575845,0.1415154209652642,1769.908628449032,0.1260464986165364,0.044,0.047531914893617,0.1078085106382978,0.1123191489361702,0.0627053141574007,0.0001745422525053,8.69101829954766e-05,15.743478260869566,14.661702127659575,13.491489361702127,11.382978723404255,0.0,702.5270833333334,36.94583333333333,16.014583333333334,2024-07-11,0.1260464986165364,,2629.7343526223854,0.19981807036237698,0.06060339736597649,0.1376033973659765,-0.07163473752517852,2537.0102950398204,F1,7.014313430846115e-06,0.23164025091215404,-0.09403685354617755,0.209238134891155
118,2024-07-12,2024-07-12,9214.291666666666,0.0073542967933618,135.97978395523242,1937.001413413828,0.1361009084915553,1803.428883376965,0.1134312947591145,0.0407446808510638,0.0448297872340425,0.1036170212765957,0.1094680851063829,0.0594552069620879,0.003573205751809,0.0017792136936051,17.20909090909091,15.985106382978724,14.253191489361702,11.45531914893617,0.0,702.7145833333334,30.53125,18.185416666666665,2024-07-12,0.1134312947591145,,2645.5894023978058,0.19523654433453602,0.05746223556037354,0.13446223556037354,-0.06997497234244873,2585.0586691070434,F1,5.679386273648846e-06,0.21689294489344776,-0.08243070933307423,0.20443720790282227
119,2024-07-13,2024-07-13,9204.0,0.0073875950358538,135.3679370359203,1930.40948524722,0.1392053464525837,1806.6376770191544,0.1121902465820312,0.036525,0.0418,0.0993,0.106925,0.0557008411584014,0.0079024220215137,0.003934869260245,15.676315789473684,15.345,14.5675,11.6925,0.0,703.9145833333333,37.25,17.86341463414634,2024-07-13,0.1121902465820312,818.704801934361,2636.5860350392813,0.19782168822971086,0.053833718173682585,0.13083371817368258,-0.07631212734055501,2589.6581960962003,F1,7.947434970771543e-06,0.2155951819638016,-0.08476146379011901,0.2071458455142376
120,2024-09-17,2024-09-17,8973.212765957447,0.0073531363971609,136.00368726309424,1934.0467806985127,0.1383884156332606,1666.932296166002,0.1742884318033854,0.036,0.028,0.062,0.076,0.0412624616982007,0.0245515368216472,0.0122249972563182,14.6,12.9,10.7,10.55,1.0547999,693.5541666666667,94.55,7.509090909090909,2024-09-17,0.1742884318033854,857.2640332366271,2641.55391489352,0.19638995376941099,0.039879321173918514,0.11687932117391853,-0.088766297858211,2389.4026666299724,F1,3.7883130583622064e-05,0.2880929383517617,-0.17121361717784317,0.20564561903212952
121,2024-09-18,2024-09-18,9320.229166666666,0.0073268281987806,136.48982743048856,1975.8109529000712,0.1202903802021151,1674.9075084412698,0.1696980794270833,0.0352,0.02744,0.06136,0.076,0.0406215678081284,0.0252905613070425,0.0125929812392331,7.380952380952381,8.745833333333334,9.404,10.352,2.7129998,692.68125,41.55,6.991666666666667,2024-09-18,0.1696980794270833,,2698.596130046904,0.18084276493062096,0.0392599104013007,0.11625991040130071,-0.07311030590728332,2400.83444074659,F1,3.866084743251757e-06,0.28296087585725194,-0.16670096545595123,0.18937021630858403
122,2024-09-19,2024-09-19,9298.104166666666,0.0073416609420273,136.21513816625642,2012.8078789385336,0.1064416016028679,1719.7091079750078,0.1475344057436342,0.0361,0.0282499999999999,0.0613499999999999,0.076,0.0412462644497228,0.0245702141150441,0.012234297279457,10.172222222222222,10.8075,10.3,10.145,0.0,695.6416666666668,37.90833333333333,9.075,2024-09-19,0.1475344057436342,865.690713555385,2749.127159487996,0.16831209872082115,0.03986366686616275,0.11686366686616276,-0.05940963831039006,2465.0536424750694,F1,4.17599277821831e-06,0.25671067114395474,-0.13984700427779198,0.17627330517655282
123,2024-09-20,2024-09-20,9338.9375,0.0072970371603897,137.05464852844295,2019.5849032832823,0.1040803492630431,1729.534588876728,0.1433194478352864,0.0363333333333333,0.0282857142857142,0.0617142857142857,0.076,0.0414293286575876,0.0243591199946175,0.0121291867496442,12.326315789473684,12.283333333333331,11.19047619047619,10.178571428571429,0.0,695.7166666666667,36.30833333333333,11.541666666666666,2024-09-20,0.1433194478352864,860.652203156456,2758.383334347807,0.16613090019078858,0.04004059466058971,0.11704059466058972,-0.0569548291706867,2479.137615964269,F1,4.891602407140928e-06,0.2514606302012953,-0.13442003554070556,0.17399542383127642
124,2024-09-21,2024-09-21,9495.041666666666,0.0073313575403942,136.45046111492965,1995.9303240638976,0.1144014526764842,1703.9312515863048,0.1581954956054687,0.0329523809523809,0.0271904761904761,0.0615714285714285,0.076,0.0396785282865391,0.0263779945123605,0.0131344490930792,10.185714285714289,11.65952380952381,11.75,10.342857142857143,0.0,694.6437500000001,39.61666666666667,9.75,2024-09-21,0.1581954956054687,889.6450605949016,2726.075508619022,0.17389417650000466,0.03834848208574778,0.11534848208574777,-0.06675687112106238,2442.437455713566,F1,4.893351323751266e-06,0.26544107630702884,-0.15009259422128107,0.18210535320681015
125,2024-09-23,2024-09-23,8710.229166666666,0.0075593411625034,132.29495925592133,1899.6422721553145,0.1532007134356369,1630.526166690187,0.1953786214192708,0.0903829787234042,0.0308936170212765,0.062,0.0757872340425531,0.064129487593133,0.0018167782868309,0.0009046321512657,7.343478260869565,7.740425531914894,8.202127659574469,9.685106382978724,0.068399996,697.0979166666666,71.47500000000001,6.008333333333333,2024-09-23,0.1953786214192708,895.1882839058975,2594.5636532621807,0.21048048463352442,0.06197983172091969,0.13897983172091968,-0.08144090610596025,2337.2176420484307,F1,1.2729357110260765e-05,0.31363527237616096,-0.17465544065524127,0.22042073782687993
126,2024-09-24,2024-09-24,8889.625,0.007490630517321,133.50499882883292,1912.6109609746943,0.1469943960881891,1680.3493105311802,0.1669540405273437,0.0950833333333333,0.0337916666666666,0.0640833333333333,0.0754166666666666,0.0673896438667957,0.0055761140361236,0.0027765259375708,9.83404255319149,9.570833333333333,9.0375,9.358333333333333,0.0,698.09375,53.63333333333333,8.4,2024-09-24,0.1669540405273437,880.6460964055691,2612.2765085373235,0.2050218614339775,0.06513070575421155,0.14213070575421155,-0.0725634222459236,2408.6347913995896,F1,8.26401002776885e-06,0.27953950086091206,-0.1374087951067005,0.21469412800013515
127,2024-09-25,2024-09-25,8900.104166666666,0.0074892702545953,133.52908991308396,1928.647990132775,0.1398696182338821,1697.0994167686404,0.1582832336425781,0.0857916666666666,0.0354583333333333,0.0655833333333333,0.0754583333333333,0.0645050635110535,0.0022498605860502,0.0011202777117932,11.308695652173911,10.960416666666667,10.008333333333336,9.408333333333331,0.0,699.94375,41.61666666666667,13.266666666666667,2024-09-25,0.1582832336425781,879.0990425709437,2634.1801551184517,0.19851980122060991,0.062342818126468885,0.1393428181264689,-0.06853462467307056,2432.644613875389,F1,7.36026206562604e-06,0.26939335432004213,-0.13005053619357324,0.20787744279953946
128,2024-09-26,2024-09-26,8979.9375,0.00746333120509,133.99439265840047,1962.163190903633,0.1256764177497747,1710.0241707084924,0.1522878011067708,0.0762083333333333,0.0365,0.067,0.0759166666666666,0.0613060917146533,0.0014389224125865,0.0007164855981812,12.63111111111111,12.302083333333334,11.104166666666666,9.7125,0.0,699.63125,36.775,13.783333333333331,2024-09-26,0.1522878011067708,883.8990428872299,2679.955785102297,0.18574969690554616,0.059251077632941476,0.13625107763294148,-0.05825283456817221,2451.1711260801435,F1,5.984141586822765e-06,0.262019701310689,-0.12576862367774755,0.19450391220111368
129,2024-09-27,2024-09-27,8998.9375,0.0074539187754355,134.1621673451709,1961.685871038808,0.1260270914254238,1730.7811345527653,0.1425031026204427,0.0675,0.0362083333333333,0.0675416666666666,0.076,0.0578181595369395,0.0054609100187379,0.0027191621641057,12.274468085106385,12.166666666666666,11.552083333333334,10.03125,0.0,700.9541666666668,34.99166666666667,13.183333333333332,2024-09-27,0.1425031026204427,864.2707386178313,2679.303853530544,0.18592426077324564,0.05588006286980728,0.13288006286980727,-0.061806532468828695,2480.924430923251,F1,5.217784089406502e-06,0.2508117487364722,-0.11793168586666494,0.19468659533863597
130,2024-09-28,2024-09-28,8972.3125,0.0074617999967518,134.0218881463464,1979.735289001568,0.1188870271383383,1741.3239882736343,0.138031005859375,0.0605416666666666,0.0355,0.0673333333333333,0.076,0.0547363986877996,0.009014535292635,0.0044886261100479,12.887234042553192,12.204166666666666,11.314583333333331,10.25625,0.0,702.2229166666666,38.30833333333333,13.35,2024-09-28,0.138031005859375,869.1045161710545,2703.956054892425,0.17946130647458602,0.05290160434779872,0.1299016043477987,-0.058023822782843654,2496.036696041921,F1,6.26991167442506e-06,0.2453847401215883,-0.1154831357737896,0.18792542713064236
131,2024-09-29,2024-09-29,9106.458333333334,0.0073912565225843,135.30290294716693,1990.8555845693024,0.1145981758389513,1763.1568539670889,0.1288083394368489,0.0535,0.0347083333333333,0.0673333333333333,0.076,0.0516380991624593,0.0125872315654253,0.0062675861177167,13.606521739130434,13.145833333333334,12.029166666666669,10.34375,0.0,701.81875,36.05833333333333,14.183333333333332,2024-09-29,0.1288083394368489,862.143002436726,2719.144343296242,0.17561586391252004,0.049907161535157875,0.12690716153515788,-0.0569977156335181,2527.3322127393303,F1,5.933894616529846e-06,0.23476667978811974,-0.10785951825296186,0.18390487716867598
132,2024-09-30,2024-09-30,9383.0,0.0073107697512614,136.7845020461017,2034.4896523320435,0.0986094890321348,1784.4953454942593,0.120147705078125,0.05,0.036,0.068,0.076,0.0507883649800965,0.0135670729659614,0.0067554805627854,17.6,17.6,13.8,10.4,0.0,700.0,31.6,14.6,2024-09-30,0.120147705078125,858.061535354965,2778.7404935402237,0.16144996914815946,0.0490859109122853,0.1260859109122853,-0.04302297964100485,2557.9190870078005,F1,4.829439093104328e-06,0.22503345781577364,-0.09894754690348834,0.16910889055329015
