,Date,Crys 1,Crys 2,Crys 3,Crys 6,Fry 4,Fry 5,Fry 6,RF 1,RF 2,RF 3,RF5,RF 6,RF 7,RF 8,RF 9
92,7/1/2023,0,0,0,0.1107,2.5093,1.2458,2.4448,0.7582,0.6727,0.6522,1.7764,1.2832999,1.5281999,0.3436,0.2077
93,7/2/2023,1.0135,1.0135,0.0063,0,0,0.0323,0,0,0,0,0,0,0,0,0
,7/3/2023,0.04,0.04,1.37,0,2.98,0.77,0,0.15,0,0,0,0,0,0,0
94,7/4/2023,0,0,0,0,0,0,0,0,0,0,0,0,0,0,0
95,7/5/2023,0.3013,0.3013,0.8857,0.77779996,0,0.4671,0.0022,0.4601,0.1478,0,0.1545,0.19139999,0.020399999,0.44489998,0.905
96,7/6/2023,0,0,0,0,0,0,0,0,0,0,0,0.0537,0.4845,0,0
97,7/7/2023,0,0,0,0,0,0,0,0,0,0,0,0,0,0,0
98,7/8/2023,0,0,0,0,0,0,0,0,0,0,0,0,0,0,0
99,7/9/2023,0,0,0,0,0,0,0,0,0,0,0,0,0,0,0
100,7/10/2023,0,0,0,0,0,0,0,0,0,0,0,0,0,0,0
101,7/11/2023,0,0,0,0,0,0,0,0,0,0,0,0,0,0,0
102,7/12/2023,0,0,0,0,0,0,0,0,0,0,0,0,0,0,0
103,7/13/2023,0,0,0,0,0,0,0,0,0,0,0,0,0,0,0
104,7/14/2023,0,0,0,0,0,0,0,0,0,0,0,0,0,0,0
105,7/15/2023,0,0,0,0,0,0,0,0,0,0,0,0,0,0,0
106,7/16/2023,0,0,0,0,0,0,0,0,0,0,0,0,0,0,0
107,7/17/2023,0,0,0,0,0,0,0,0,0,0,0,0,0,0,0
108,7/18/2023,0,0,0,0,0,0,0,0,0,0,0,0,0,0,0
109,7/19/2023,1.0301,1.0301,0.0063,0,0,0,0,0,0,0,0,0,0,0,0
110,7/20/2023,1.7971,1.7971,2.9585,2.7012,1.4382,3.8272998,6.8655996,2.2319,2.2333,3.3286998,5.2636,3.6139998,3.2863998,2.5475,2.088
111,7/21/2023,2.6411,2.6411,1.1761,0.3581,0.069699995,0.59139997,0,0.8408,0.8402,0.0053,0,0.2747,0.029099999,0.3448,0.0718
112,7/22/2023,0,0,0,0,0,0,0,0,0,0,0,0,0,0,0
113,7/23/2023,0,0,0,0,0,0,0,0,0,0,0,0,0,0,0
114,7/24/2023,0,0,0,0,0,0,0,0,0,0,0,0,0,0,0
115,7/25/2023,0,0,0,0,0,0,0,0,0,0,0,0,0,0.2965,0.18349999
116,7/26/2023,5.0794997,5.0794997,2.7268999,1.1991,0,0,0.1408,0,0,0,0.4466,0.3223,1.1237999,1.5867,2.1234999
117,7/27/2023,0.88,0.88,2.5683,1.9588,0,0.5944,0.3489,0,0,0,0.5096,0.68759996,0.67149997,1.3464999,1.4183999
118,7/28/2023,2.3813999,2.3813999,0.561,0.0009,0,0,0,0,0,0,0,0.039499998,0,0.654,1.0178
119,7/29/2023,0,0,0,0.0611,0,0.0052,0.0174,0,0,0,0.0321,0.99859995,0.39319998,1.287,1.3076
120,7/30/2023,0.081999995,0.081999995,0.1836,0.0634,0,0.4303,0.0004,0.66429996,0.9759,1.1146,0,0.0413,0,2.2984,2.892
121,7/31/2023,2.4081,2.4081,8.7726,7.066,0.0104,0.90849996,0.65999997,1.3619,1.4971,2.3827,0.96519995,1.2184,1.0088999,1.5256,1.3112999
122,8/1/2023,0.73289996,0.73289996,0.7643,0.9995,11.5675,6.8152,2.0012,6.0832,5.8371,6.4535,2.6088998,2.3003,2.0056,1.7006999,1.9426999
123,8/2/2023,4.8203998,4.8203998,6.167,8.135799,7.8251,10.0126,8.9871,6.2226,4.7422,4.5009,8.8383,7.8785,6.5701,18.3147,17.791199
124,8/3/2023,13.5484,13.5484,13.223599,14.1138,5.8805,10.4864,12.2318,9.842999,9.3111,9.4929,13.4688,18.481699,21.3079,12.4824,12.554999
125,8/4/2023,3.0022,3.0022,5.0889,4.6724997,0.057499997,0.82299995,1.3836,0.8228,0.67109996,0.23369999,1.4441,1.8166,1.4624,0.94729996,0.8167
126,8/5/2023,0,0,0,0,0.0348,0,0,0,0,0,0,0,0,0,0
127,8/6/2023,0.71,0.71,0.0039,0,0,0,0,0,0,0,0,0,0,0,0
128,8/7/2023,0,0,0,0,0,0,0,0,0,0,0,0,0,0,0
129,8/8/2023,0,0,0,0,0,0,0,0,0,0,0,0,0,0,0
130,8/9/2023,0,0,0,0,0,0,0,0,0,0,0,0,0,0,0
131,8/10/2023,0,0,0,0,0,0,0,0,0,0,0,0,0,0,0
132,8/11/2023,1.2660999,1.2660999,0.9111,0.89559996,1.8756,1.8009,0.6344,0.65,0.42949998,0.0009,0.9981,1.9351,1.7502999,2.4413,2.6655
133,8/12/2023,0,0,0,0,0,0,0,0,0,0,0,0,0.029199999,0,0
134,8/13/2023,0,0,0.1314,0.091699995,0.3865,0.7643,0.5475,0.715,0.8491,0.5114,0.44239998,0.0131,0.0092,0,0
135,8/14/2023,0,0,0,0,0,0,0,0.0034,0,0,0,0,0,0,0
136,8/15/2023,0,0,0,0,0,0,0,0,0,0,0,0,0,0,0
137,8/16/2023,0,0,0,0,0,0,0,0,0,0,0,0,0,0,0
138,8/17/2023,7.542,7.542,6.509,5.5842,0,0.6448,1.2965,0.7629,0.6153,0.415,2.0242999,2.5978,2.0642,4.4915,4.3452997
139,8/18/2023,0,0,0,0,0,0,0,0,0,0,0,0,0,1.5689,1.2152
140,8/19/2023,5.0952,5.0952,3.9222999,2.9601,1.1108,1.2997,0.7998,0.8084,0.73149997,0.8341,1.3998,2.3725998,2.4606,1.9073,1.7810999
141,8/20/2023,0.81409997,0.81409997,0.0348,0,0,0,0,0,0,0.0985,0,0,0,0,0
142,8/21/2023,0,0,0,0,0,0,0,0,0,0,0,0,0,0,0
143,8/22/2023,0,0,0,0,0,0,0,0,0,0,0,0,0,0,0
144,8/23/2023,0.45569998,0.45569998,1.2672,0.8815,6.8356,3.3465,1.0366,2.5361,2.1773999,2.0061998,1.3848,1.3773,1.5554999,0.8099,1.0379
145,8/24/2023,2.8014998,2.8014998,5.3382,5.5164,1.4618,3.8291998,10.415,2.6854,2.368,2.1131,7.4880996,4.3480997,4.6886,2.8309999,2.9596
146,8/25/2023,10.4846,10.4846,10.4927,10.467899,5.9075,7.3282,5.1161,5.6015997,4.8262997,4.6433,6.2935,8.3561,7.8443,12.064899,12.1818
147,8/26/2023,5.4119997,5.4119997,5.2587,4.8491,21.977499,12.572599,5.619,9.3572,8.2605,6.8936,5.8339,5.0078998,5.171,2.6729999,2.6139998
148,8/27/2023,2.1526,2.1526,3.5089,2.2272,1.9755,3.1058,3.3292,4.5638,5.0768,5.6264,2.9929,3.0014,2.5578,1.4231,2.3076
149,8/28/2023,2.9041998,2.9041998,3.2131999,2.1106,0.46069998,1.5179,0.074099995,2.3274999,2.6654,2.8144,0.4012,0.4464,0.1704,0.38419998,0.4182
150,8/29/2023,0.47559997,0.47559997,1.6951,0.7333,0,0.4464,0.012,0.9953,1.129,0.76119995,0.0534,0.44739997,0.2816,0,0
151,8/30/2023,0.62509996,0.62509996,0.0012,0,0,0,0,0,0,0,0,0,0,0,0
152,8/31/2023,0,0,0,0,0,0,0,0,0,0,0,0,0,0,0
153,9/1/2023,1.1251999,1.1251999,0.0012,0,0,0,0,0,0,0,0,0,0,0,0
154,9/2/2023,0,0,0,0,0,0,0,0,0,0,0,0,0,0,0
155,9/3/2023,0.2312,0.2312,0.8129,0.6537,0,0,0,0,0,0,0,0.1768,0,0.011899999,0.4482
156,9/4/2023,2.1471999,2.1471999,1.5396,1.0296,0.0004,0.9891,1.3689,0.7919,0.8842,0.9285,1.3239,1.1488,1.1012,1.9905,1.7070999
157,9/5/2023,0,0,0,0,0,0,0,0,0,0,0,0,0,0.0019,0.0026
158,9/6/2023,0,0,0,0,0,0,0,0,0,0,0,0,0,0,0
159,9/7/2023,0,0,0,0,0,0,0,0,0,0,0,0,0,0,0
160,9/8/2023,0,0,0,0,0,0,0,0,0,0,0,0,0,0,0
161,9/9/2023,0,0,0,0,0,0,0,0,0,0,0,0,0,0,0
162,9/10/2023,0,0,0,0,0,0,0,0,0,0,0,0,0,0,0
163,9/11/2023,3.4801,3.4801,3.8585,2.0774,4.8199,3.9759,3.4543,3.9145,4.0627,4.0731,3.2826998,2.3248,2.6536999,1.5653,1.5274999
164,9/12/2023,0,0,0,0,0.024799999,1.0353,0.86259997,0.61079997,0.68979996,0.40359998,0.7152,0.1302,0.0346,0,0.0105
165,9/13/2023,0,0,0,0,0,0,0,0,0,0,0,0,0,0,0
166,9/14/2023,1.2772,1.2772,1.4424,0.6961,0.0857,1.1567,1.5503,1.2810999,1.6592,1.3827,1.806,1.1018,0.8746,0.6351,0.6313
167,9/15/2023,3.8084998,3.8084998,5.1155,4.0659,10.457399,10.2206,7.3341,9.7661,10.6468,11.663099,6.9926,5.082,5.4214997,1.5332999,1.5873
168,9/16/2023,6.7162,6.7162,3.8774,2.6922998,5.9474998,5.0706997,1.9641999,5.4781,5.7574,5.6008997,2.5877,2.4778,2.3686,3.5663,3.4412
169,9/17/2023,0,0,0,0,0,0,0,0.0244,0.023799999,0,0,0,0,0,0
170,9/18/2023,0,0,0,0,0,0,0,0,0,0,0,0,0,0,0
171,9/19/2023,4.9288,4.9288,4.4437,3.2568,2.9166,3.8251998,3.4726999,4.08,4.2703,4.63,3.8342998,4.5306,4.8142,3.7988,3.9059
172,9/20/2023,1.6062,1.6062,1.2587,0.6358,0.0035,0,0.0011,0.3195,0.44239998,0.43629998,0.024899999,0.392,0.4455,0.2279,0.20189999
173,9/21/2023,0.80609995,0.80609995,2.1158,1.6895,0.0034,1.0299,2.4747999,0.7685,0.75119996,0.9224,1.847,1.0095999,0.89129996,0.7532,0.72139996
174,9/22/2023,0.16129999,0.16129999,0.2501,0.112399995,0.0034,0.6096,0.1261,0.6701,0.6543,0.4155,0.4425,0.40449998,0.6107,0,0
175,9/23/2023,0,0,0,0,0,0,0,0,0,0,0,0,0,0,0
176,9/24/2023,1.1276,1.1276,0.0012,0,0,0,0,0,0,0,0,0,0,0,0
177,9/25/2023,0,0,0,0,0,0,0,0,0,0,0,0,0,0,0
178,9/26/2023,0,0,0,0,0,0,0,0,0,0,0,0,0,0,0
179,9/27/2023,0,0,0,0,0,0,0,0,0,0,0,0,0,0,0
180,9/28/2023,0,0,0,0,0,0,0,0,0,0,0,0,0,0,0
181,9/29/2023,0,0,0,0,0,0,0,0,0,0,0,0,0,0,0
182,9/30/2023,0,0,0,0,0,0,0,0,0,0,0,0,0,0,0
183,10/1/2023,1.1142,1.1142,0.1352,0,0.5703,0.4034,0,0.5365,0.51489997,0.4799,0,0,0,0,0
184,10/2/2023,0.0007,0.0007,0.0477,0,0.018,0.24589999,0.3403,0.8559,0.9849,1.1164,0.31379998,0,0,0,0
185,10/3/2023,10.2746,10.2746,12.300699,8.689199,6.0365996,6.1902,6.23,8.176,8.8972,9.8405,5.8363,4.5348997,4.8259997,4.7960997,5.3255997
186,10/4/2023,0.89879996,0.89879996,2.0197,0.9461,3.4542,1.9043,1.4491999,2.8126,2.7242,1.8723999,1.1675999,0.1165,0.4262,0.3166,0.40489998
187,10/5/2023,0,0,0,0,0,0,0,0,0,0,0,0,0,0,0
188,10/6/2023,0,0,0,0,0.0323,0,0,0,0,0,0,0,0,0,0
189,10/7/2023,0,0,0,0,0,0,0,0,0,0,0,0,0,0,0
190,10/8/2023,0,0,0,0,0,0,0,0,0,0,0,0,0,0,0
191,10/9/2023,1.023,1.023,0.0027,0,0,0,0,0,0,0,0,0,0,0,0
192,10/10/2023,0,0,0,0,0,0,0,0,0,0,0,0,0,0,0
193,10/11/2023,0.0836,0.0836,0.5155,0.5329,0,0,0,0,0,0,0,0.1586,0.0695,0.1917,0.1312
194,10/12/2023,12.9269,12.9269,18.9966,18.2052,10.2561,11.4544,14.885799,11.9945,12.401899,12.9815,14.0927,11.6459,12.797999,14.931399,14.5892
195,10/13/2023,11.2692995,11.2692995,9.4788,4.9595,7.3069,5.9028,4.4621,7.7984,7.9774,7.1555996,3.9942,1.2405,2.2285,3.5058,3.6731
196,10/14/2023,0,0,0,0,0,0,0,0,0,0,0,0,0,0,0
197,10/15/2023,1.1855,1.1855,0.1407,0,1.1284,0.042,0,0,0,0,0,0,0,0,0
198,10/16/2023,0,0,0,0,0,0,0,0.0609,0.0743,0,0,0,0,0,0
199,10/17/2023,0,0,0,0,0,0,0,0,0,0,0,0,0,0,0
200,10/18/2023,0,0,0,0,0,0,0,0,0,0,0,0,0,0,0
201,10/19/2023,0,0,0,0,0,0,0,0,0,0,0,0,0,0,0
202,10/20/2023,0,0,0,0,0,0,0,0,0,0,0,0,0,0,0
203,10/21/2023,0,0,0,0,0,0,0,0,0,0,0,0,0,0,0
204,10/22/2023,0,0,0,0,0,0,0,0,0,0,0,0,0,0,0
205,10/23/2023,0,0,0,0,0,0,0,0,0,0,0,0,0,0,0
206,10/24/2023,0,0,0,0,0,0,0,0,0,0,0,0,0,0,0
207,10/25/2023,0,0,0,0,0,0,0,0,0,0,0,0,0,0,0
208,10/26/2023,0,0,0,0,0,0,0,0,0,0,0,0,0,0,0
209,10/27/2023,3.1072,3.1072,5.4509997,5.2398,2.3409,3.0252,5.8953,1.9812,1.6237999,1.6863999,4.868,3.6992998,3.8088,3.1299,3.2215
210,10/28/2023,5.5151997,5.5151997,8.7664995,8.4306,1.6501,5.2542996,11.0259,5.4031,6.1299996,7.7324996,9.599199,8.2546,7.8170996,6.4993997,7.3585997
211,10/29/2023,32.264,32.264,31.5481,20.0256,27.1141,24.4601,17.673,31.3188,32.328197,32.1419,17.2601,15.5848,16.3006,16.475399,17.9484
212,10/30/2023,0,0,0.0111,0.0654,2.8367999,1.2545999,0.17,1.5308,1.0248,0.6915,0.1891,0.0013,0.0106,0,0
213,10/31/2023,1.0237,1.0237,0.0028,0,1.3072,0.32799998,0,0.398,0.13769999,0,0,0,0,0,0
214,11/1/2023,0,0,0.0004,0,0.85789996,0.459,0,1.6409999,1.4353,0.34669998,0,0,0,0,0
215,11/2/2023,0,0,0.0052,0,0,0,0,0.7928,0.7615,0.0118,0,0,0,0,0
216,11/3/2023,1.4557999,1.4557999,0.19479999,0,0.64419997,0.065,0,0.75369996,0.6642,0.19469999,0,0,0,0,0
217,11/4/2023,0,0,0,0,0,0,0,0,0,0,0,0,0,0,0
218,11/5/2023,0,0,0,0,0,0,0,0,0,0,0,0,0,0,0
219,11/6/2023,1.0507,1.0507,0.0038,0,0,0,0,0.13759999,0.1218,0,0,0,0,0,0
220,11/7/2023,0,0,0,0,0,0,0,0,0,0,0,0,0,0,0
221,11/8/2023,0,0,0,0,0.2092,0,0,0,0,0,0,0,0,0,0
222,11/9/2023,0.7212,0.7212,2.1125,2.1845999,1.9194,1.4326999,1.3785,2.3858,2.2927,2.3957999,1.3974,0.9984,1.1383,0.74979997,1.3222
223,11/10/2023,0,0,0,0,0,0,0,0,0,0,0,0,0,0,0
224,11/11/2023,0,0,0,0,0,0,0,0,0,0,0,0,0,0,0
225,11/12/2023,0,0,0,0,0,0,0,0,0,0,0,0,0,0,0
226,11/13/2023,1.0346,1.0346,0.0004,0,0,0,0,0,0,0,0,0,0,0,0
227,11/14/2023,0,0,0,0,0,0,0,0,0,0,0,0,0,0,0
228,11/15/2023,0,0,0,0,0,0,0,0,0,0,0,0,0,0,0
229,11/16/2023,2.0038,2.0038,2.2203,1.6894,0,0.1364,0.36159998,0.7611,0.78859997,0.2069,0.44149998,0.61719996,0.6371,1.0408,0.9596
230,11/17/2023,5.7957,5.7957,6.0962996,4.1868997,3.1209998,2.8831,3.1106,3.3658,3.1111,2.5812,3.0368998,2.2519,2.7654998,3.5121999,3.4814
231,11/18/2023,0,0,0,0,0,0,0,0,0,0,0,0,0,0,0
232,11/19/2023,4.6033998,4.6033998,7.2827997,6.3336997,3.5444,4.6428,5.9965,5.0004,5.2183,6.2051,5.8573,4.8072,5.049,4.6994,4.9891996
233,11/20/2023,8.9874,8.9874,8.5226,4.4681997,4.0895,1.9698,1.6696999,5.0327,5.5055,5.9543,1.495,0.6361,0.59599996,2.6,3.0377998
234,11/21/2023,1.6870999,1.6870999,1.1258,0.2534,4.0387,1.504,0.048299998,3.9081998,3.8274999,1.7997999,0.1654,0.058199998,0.0168,0.72789997,1.1112
235,11/22/2023,0,0,0,0,0,0,0,0,0,0,0,0,0,0,0
236,11/23/2023,0,0,0,0,0,0,0,0,0,0,0,0,0,0,0
237,11/24/2023,1.0899999,1.0899999,2.2972,2.0024,1.2501,0.5954,0.3254,0.67289996,0.5936,0.30879998,0.4098,0.1384,0.355,1.0483999,1.0927
238,11/25/2023,10.6327,10.6327,10.1945,5.5477,3.7972999,3.2779,3.4970999,5.9638996,6.2879996,6.2881,3.2477,1.5575,2.0918999,3.4434,4.2741
239,11/26/2023,2.8983998,2.8983998,2.5788999,1.7960999,0.3746,0.8441,0.7614,1.2583,0.91899997,1.3368,0.7141,0.1995,0.46409997,0.5855,0.8831
240,11/27/2023,0,0,0,0,1.3012999,0.022799999,0,0,0,0,0,0,0,0,0
241,11/28/2023,0,0,0,0,0,0,0,0,0,0,0,0,0,0,0
242,11/29/2023,0,0,0,0,0,0,0,0,0,0,0,0,0,0,0
243,11/30/2023,0,0,0,0,0.0311,0,0,0,0,0,0,0,0,0,0
244,12/1/2023,7.3222,7.3222,8.6129,4.6158,5.3989997,4.3831,3.6878,7.1626,7.9459,9.1726,3.7661,2.8026,3.2344,2.3539999,2.8628
245,12/2/2023,6.9575,6.9575,7.593,6.4114,3.2953,4.2051,5.3613997,5.7651997,5.9691997,5.9958997,5.4273996,5.4832997,5.6145997,6.7468,6.5098996
246,12/3/2023,7.7608,7.7608,9.3095,4.8308997,6.7563996,3.9283998,1.314,7.7022996,7.6439,5.0660996,1.36,0.56479996,1.1201,2.6183,2.7121
247,12/4/2023,6.7921,6.7921,8.620399,5.5639,13.158999,9.9102,8.1241,12.2279,11.2478,7.587,7.2072,2.7821999,3.9083,3.2059999,4.1425
248,12/5/2023,0,0,0,0,1.8912,0.71989995,0,1.1402,0.8283,0.0039,0,0,0,0,0
249,12/6/2023,0,0,0,0,0,0,0,0,0,0,0,0,0,0,0
250,12/7/2023,0,0,0,0,0,0,0,0,0,0,0,0,0,0,0
251,12/8/2023,2.337,2.337,2.3485,2.2854,2.7003999,2.9003,3.3319,3.4629998,4.1348,5.6267,3.1109,2.0595,2.5101,2.1571,2.2883
252,12/9/2023,10.036699,10.036699,11.639,6.4507,5.3645997,4.2602997,3.5335999,7.0548997,7.1106997,6.7693,3.3258998,2.026,2.523,3.9975,4.2148
253,12/10/2023,0,0,0,0,0,0,0,0,0,0.069699995,0,0,0,0,0
254,12/11/2023,1.6108999,1.6108999,1.6824,0.3545,2.4633,0.94579995,0,2.2393,2.1697,1.0654,0,0,0.0072,0,0
255,12/12/2023,0,0,0,0,0,0,0,0,0,0,0,0,0,0,0
256,12/13/2023,1.4024999,1.4024999,1.3361,0.11229999,0,0,0,0.14469999,0.2311,0,0,0,0,0,0
257,12/14/2023,0,0,0.16309999,0.0015,0,0,0,0.6403,0.9697,0.6254,0,0,0,0,0
258,12/15/2023,0,0,0,0,0,0,0,0,0,0,0,0,0,0,0
259,12/16/2023,0,0,0,0,0,0,0,0,0,0,0,0,0,0,0
260,12/17/2023,0,0,0,0,0,0,0,0,0,0,0,0,0,0,0
261,12/18/2023,0,0,0,0,0,0,0,0,0,0,0,0,0,0,0
262,12/19/2023,0,0,0,0,0,0,0,0,0,0,0,0,0,0,0
263,12/20/2023,1.0294,1.0294,0.29979998,0,1.3748,0.22479999,0,0.0056,0,0,0,0,0,0,0
264,12/21/2023,0,0,0,0,0,0,0,0.0148,0.236,0.4493,0,0,0,0,0
265,12/22/2023,0,0,0,0,0,0,0,0,0,0,0,0,0,0,0
266,12/23/2023,0.56119996,0.56119996,1.2955999,0.6313,0.3593,0.20979999,0,0.70409995,0.76199996,0.42139998,0,0.0975,0.0308,0,0
267,12/24/2023,6.9867997,6.9867997,7.1189,4.5355997,4.2474,3.7429,3.8337,4.3739,4.4515,5.0512,3.9050999,3.9241998,4.0024,3.27,3.883
268,12/25/2023,0,0,0,0,0,0,0,0,0,0,0,0,0,0,0
269,12/26/2023,0,0,0,0,0.2956,0.4227,0.48529997,0.2497,0.042099997,0.30719998,0.35869998,0,0,0,0
270,12/27/2023,0,0,0,0,1.7119,0.62619996,0.3822,1.5518999,1.4268999,0.5528,0.2216,0.0015,0,0,0
271,12/28/2023,0,0,0,0,0,0,0,0,0,0,0,0,0,0,0
272,12/29/2023,1.0288,1.0288,0.1652,0,0,0,0,0,0,0,0,0,0,0,0
273,12/30/2023,0,0,0,0,0,0,0,0,0,0,0,0,0,0,0
274,12/31/2023,0,0,0,0,1.6229999,0.4411,0,0.4127,0.0277,0,0,0,0,0,0
275,1/1/2024,0,0,0,0,0,0,0,0,0,0,0,0,0,0,0
276,1/2/2024,0,0,0,0,0,0,0,0,0,0,0,0,0,0,0
277,1/3/2024,0,0,0,0,0,0,0,0,0,0,0,0,0,0,0
278,1/4/2024,1.288,1.288,0.1381,0,0,0,0,0.2104,0.0804,0,0,0,0,0,0
279,1/5/2024,0.4549,0.4549,0.96999997,0.4781,0.3487,0.1806,0.0893,1.2296,1.6504999,2.1042,0.0713,0,0.0246,0,0
280,1/6/2024,0.4996,0.4996,0.6791,0.4206,1.8195,1.1015999,0.72279996,1.7293999,2.0612,2.6148,0.8023,0.4712,0.5272,0.9583,0.89989996
281,1/7/2024,0,0,0,0,1.293,0.2092,0,0.0012,0,0,0,0,0,0,0
282,1/8/2024,5.4535,5.4535,4.4516997,2.5375,0.3204,0.68299997,0.9838,1.0454999,1.3317,1.7681999,0.9772,0.7772,0.88339996,1.0871,0.9194
283,1/9/2024,0,0,0,0,0,0,0,0,0,0,0,0,0,0,0
284,1/10/2024,5.2402997,5.2402997,6.7703,2.5001,3.8767,2.4062,1.3630999,6.0818996,6.4992,4.6881,1.2836,1.1782,1.1738,1.6741999,1.6769999
285,1/11/2024,6.4000998,6.4000998,8.4088,4.7401,4.6977997,3.6488998,3.1492999,5.6103,6.6555,6.8738,3.2329,2.6836998,2.8429,3.6193,3.6327999
286,1/12/2024,2.3013,2.3013,3.0349,1.0074999,4.3563,2.2284,0.8242,4.2626,3.8486998,2.4150999,0.6799,0.3566,0.4773,0.9747,0.9134
287,1/13/2024,6.0951,6.0951,7.8644,2.6023998,4.8441997,2.6097,1.0155,5.0618,5.3160996,3.2517998,0.84929997,0.70809996,0.7736,0.958,1.0411
288,1/14/2024,6.6408,6.6408,7.8152,7.1078,7.6513996,7.3111997,8.576,7.9048996,8.9283,7.6573,8.6999,7.9584,8.0419,9.7087,9.786799
289,1/15/2024,12.046499,12.046499,15.5048,8.6388,16.3584,9.3663,5.4730997,17.5128,18.2817,13.740999,5.5248,4.1863,4.6229,6.5487,6.2372
290,1/16/2024,0.6659,0.6659,0.918,0.9043,3.9550998,2.0414999,1.2169,3.3985999,3.7796998,3.1634998,1.2983999,1.1119,1.1388,1.1386,1.0133
291,1/17/2024,0,0,0,0,0,0,0,0,0,0,0,0,0,0,0
292,1/18/2024,15.7437,15.7437,16.645199,10.993,12.7027,9.9267,9.5047,13.186999,14.0682,11.947,9.6778,8.4428,8.7457,10.5802,10.6865
293,1/19/2024,0.145,0.145,0.6196,0.43359998,5.4922,2.0881999,0.7226,4.4755,4.0631,1.9659,0.6049,0.5797,0.567,0.0109,0.0347
294,1/20/2024,1.6359999,1.6359999,1.0838,0,2.2919,0.97279996,0,1.1876,0.96629995,0.471,0.010199999,0,0.023599999,0,0
295,1/21/2024,0.5027,0.5027,0.72859997,0.0094,0,0,0,0,0,0,0,0,0,0.0056,0
296,1/22/2024,1.7421999,1.7421999,1.0777,0.48139998,0,0.16129999,0.4597,0,0,0,0.49429998,0.40629998,0.43219998,1.2821,1.2125
297,1/23/2024,0,0,0,0,0,0,0,0,0,0,0,0,0,0,0
298,1/24/2024,0,0,0,0,0,0,0,0,0,0,0,0,0,0,0
299,1/25/2024,1.4045,1.4045,0.5765,0,0.0012,0,0,0.3734,0.3978,0,0,0,0,0,0
300,1/26/2024,0,0,0,0,0,0,0,0,0,0,0,0,0,0,0
301,1/27/2024,0,0,0,0,0,0,0,0,0,0,0,0,0,0,0
302,1/28/2024,0,0,0,0,0,0,0,0,0,0,0,0,0,0,0
303,1/29/2024,0,0,0,0,0,0,0,0,0,0,0,0,0,0,0
304,1/30/2024,0,0,0,0,0,0,0,0,0,0,0,0,0,0,0
305,1/31/2024,0,0,0,0,0,0,0,0,0,0,0,0,0,0,0
306,2/1/2024,0,0,0,0,0,0,0,0,0,0,0,0,0,0,0
307,2/2/2024,1.5634999,1.5634999,1.7916,0.3346,1.5514,0.3752,0,0.7582,0.70489997,0.3656,0,0,0,0,0
308,2/3/2024,13.9797,13.9797,12.5973,13.119499,11.1816,12.4317,14.5428,13.0259,13.1862,13.345799,14.737599,15.5550995,14.627399,13.207999,13.9653
309,2/4/2024,12.5604,12.5604,10.7161,5.6384,9.3604,6.9907,5.4849,8.3998995,7.8026996,7.4976997,5.5448,5.9631,5.7805,5.1053,5.2830997
310,2/5/2024,0,0,0,0,0,0,0,0,0,0,0,0,0,0,0
311,2/6/2024,2.9501998,2.9501998,3.2933998,0.5227,0.1277,0.0023,0,0.9149,0.7977,0.2008,0,0,0.0024,0,0
312,2/7/2024,1.7365999,1.7365999,2.1383,0.895,1.7502999,0.9422,1.1093,1.5408,1.5956999,1.607,0.98069996,0.445,0.5155,0.56259996,0.6283
313,2/8/2024,4.2644,4.2644,5.9996,5.1057997,2.5888999,2.6436,2.7094,3.3051,3.1546998,2.9141,3.2652,4.1735,4.2148,5.512,5.3982
314,2/9/2024,2.1201,2.1201,3.1415,3.1575,2.1631,1.635,1.1205,2.3386,2.3161,2.0816,1.5878999,3.0335,2.8174,2.8871999,3.1094
315,2/10/2024,3.5595,3.5595,3.4673,1.7552999,4.2311,1.6018,0.47309998,3.745,3.3511999,1.928,0.6035,0.746,0.86579996,1.4462999,1.2774
316,2/11/2024,0,0,0,0,1.6445999,0.4454,0,1.1384,1.0029,0.6673,0,0,0,0,0
317,2/12/2024,0,0,0,0,0,0,0,0,0,0,0,0,0,0,0
318,2/13/2024,0,0,0,0,0,0,0,0,0,0,0,0,0,0,0
319,2/14/2024,1.402,1.402,1.1089,0.099599995,0,0,0,0,0,0,0,0,0,0,0
320,2/15/2024,3.7210999,3.7210999,4.6425,1.3655,1.1142,0.6767,0,2.6778998,2.7338,2.5014,0.0071,0,0.0569,0,0
321,2/16/2024,5.8999996,5.8999996,7.1928,5.4937,6.8862,4.9702,4.8083997,7.0765,7.2595,7.0808997,4.9472,4.8922,4.8606997,4.4051,4.3076997
322,2/17/2024,3.78,3.78,4.8184,4.2303,8.0302,5.1169,2.6983,8.422,8.1272,7.0504,3.0676,4.1445,3.998,3.4176998,3.8646
323,2/18/2024,0.0519,0.0519,0.5557,0,0,0,0,0,0,0,0,0,0,0,0
324,2/19/2024,0.6892,0.6892,1.1786,1.0358,3.9283998,1.7725999,1.119,2.9273,2.6272,1.5753,1.0922999,0.84959996,0.9342,0.6292,0.759
325,2/20/2024,0,0,0,0,0,0,0,0,0,0,0,0,0,0,0
326,2/21/2024,3.0451999,3.0451999,3.1884,0.8815,0,0,0,0,0.0004,0.0105,0,0,0.0004,0,0
327,2/22/2024,2.2058,2.2058,2.1269,1.4107,0.0195,0.45479998,0.6738,0.85099995,1.1918,1.5747,0.74799997,0.8147,0.8113,0.6902,0.69449997
328,2/23/2024,0,0,0,0,1.9161999,0.6166,0,1.6235,1.0766,0.039699998,0,0,0,0,0
329,2/24/2024,0,0,0,0,1.1502,0.0034,0,0,0,0,0,0,0,0,0
330,2/25/2024,0,0,0,0,0.3353,0.0656,0,0.0437,0,0,0,0,0,0,0
331,2/26/2024,1.8575,1.8575,2.5256,0.6709,0.3127,0.1472,0,1.7743,1.9231999,1.3671,0,0,0.0025,0,0
332,2/27/2024,0.7963,0.7963,1.5875,1.6222,0.6829,0.7935,0.25329998,3.803,5.1166997,6.2531,0.56119996,0.9198,0.84419996,0.31669998,0.3674
333,2/28/2024,4.5225,4.5225,5.6839,5.1008997,12.0012,7.5178,4.5909,12.2876,12.0401,10.3952,4.4739,2.8007,3.2561,3.3923,3.6901
334,2/29/2024,0.060799997,0.060799997,0.8774,0.0051,1.9986,0.5433,0,1.6409999,1.4058,0.54499996,0,0,0.0033,0,0
335,3/1/2024,1.1297,1.1297,0.7177,0,0.0319,0,0,0.0003,0,0,0,0,0,0,0
336,3/2/2024,1.0774,1.0774,0.49589998,0,0.015,0,0,0.6098,0.63699996,0.060799997,0,0,0,0,0
337,3/3/2024,7.0706997,7.0706997,10.7401,11.0759,10.5727,10.875299,14.2582,12.6065,13.2001,15.7877,13.629499,10.3269,10.9761,9.2526,10.2259
338,3/4/2024,12.074599,12.074599,15.0061,9.8695,19.7122,14.9331,6.8352,21.4644,19.7452,16.2714,6.5751996,5.5281997,5.1899,6.0457997,6.7242
339,3/5/2024,3.0152,3.0152,4.4734,2.0802,4.5615,2.5384,1.2373999,4.0415,3.5198998,2.2252,1.2685,1.4506999,1.3039,1.7436999,1.5726
340,3/6/2024,1.3055999,1.3055999,1.9508,0.6568,2.1943,1.0997,0.61469996,1.6248,1.3504,0.77629995,0.543,0.26659998,0.2889,0.3461,0.5484
341,3/7/2024,0.9216,0.9216,1.7207999,1.4633,0.20109999,0.44129997,0.4746,1.155,1.0633,0.5776,0.5334,0.6301,0.6398,0.8397,0.9659
342,3/8/2024,2.8527,2.8527,2.6067998,2.0795,0.243,0.4755,0.40719998,0.8063,1.1873,1.9563999,0.44869998,0.1486,0.4033,0.3017,0.40019998
343,3/9/2024,0.88159996,0.88159996,2.042,1.9858999,2.1901,1.1991,0.513,2.1262999,2.0094,1.591,0.6838,0.5804,0.8149,1.1496,1.143
344,3/10/2024,0,0,0,0,0,0,0,0,0,0,0,0,0,0,0
345,3/11/2024,0,0,0,0,1.3278999,0.1134,0,0.2802,0.071499996,0,0,0,0,0,0
346,3/12/2024,1.4666,1.4666,2.3659,0.6667,1.1094999,1.1251999,2.0163999,2.3402998,2.2034,1.7154,1.6524999,0.1953,0.4055,0.0021,0.0033
347,3/13/2024,1.7571,1.7571,3.0361,1.4832,2.2642,1.0023999,0.3375,2.3062,2.0730999,1.4049,0.3013,0.074599996,0.113699995,0.2836,0.2671
348,3/14/2024,3.6841,3.6841,3.8295,3.2584,5.1355,3.6955,1.8017,4.7819,4.9695,5.4434,2.0588999,2.9176998,2.7791,3.6645,3.6
349,3/15/2024,0.6171,0.6171,0.91139996,0.6755,4.6496997,1.5924,0.120799996,4.0207,3.6764,1.7937,0.1885,0.0163,0.0218,0.29369998,0.4024
350,3/16/2024,0,0,0,0,0,0,0,0,0,0,0,0,0,0,0
351,3/17/2024,0.36789998,0.36789998,0.7722,0.7356,0,0,0,0,0,0,0,0,0,0,0
352,3/18/2024,0,0,0,0,0,0,0,0,0,0,0,0,0,0,0
353,3/19/2024,0,0,0,0,0,0,0,0,0,0,0,0,0,0,0
354,3/20/2024,0,0,0,0,0,0,0,0,0,0,0,0,0,0,0
355,3/21/2024,0,0,0,0,0,0,0,0,0,0,0,0,0,0,0
356,3/22/2024,0.2348,0.2348,0.4628,0.5089,2.004,0.81439996,0.1072,1.1856999,1.0681,0.8469,0.070099995,0.011299999,0.023699999,0.3067,0.4168
357,3/23/2024,0,0,0,0,0,0,0,0,0,0,0,0,0,0,0
358,3/24/2024,6.5894,6.5894,9.6299,5.6108,3.4431999,2.2745,2.1482,5.6877,5.9811,5.8652,1.8887,0.2509,0.6867,0.6563,0.9909
359,3/25/2024,17.3371,17.3371,16.879799,13.5793,13.4203,13.0812,12.8484,16.011099,16.7697,18.576,13.1869,15.5159,14.7694,13.679199,15.4477
360,3/26/2024,1.0301,1.0301,0.9849,0.0455,2.0342999,0.63199997,0.0003,1.8453,1.7298,1.2063999,0,0.0021,0.0022,0,0
361,3/27/2024,4.6626997,4.6626997,4.9915,3.457,5.8036,3.327,1.6019,4.9421997,4.8479,4.8185,2.0219,3.2379,2.9536,2.8573,3.3518
362,3/28/2024,1.2463,1.2463,0.8305,0,0.42139998,1.0871,3.4192998,1.1465,1.0284,0.267,2.5921,0.3892,0.6394,0,0
363,3/29/2024,2.9893,2.9893,5.0062,5.1414,3.6875,4.6275997,6.0255,5.1861,5.4518,6.0133,5.9484997,4.9523997,5.1496,5.2232,5.0216
364,3/30/2024,7.7539997,7.7539997,9.1138,5.8167,5.7836,4.7724,4.2121997,7.1383996,6.7166,5.7075,4.562,6.414,5.7606,5.8858,6.4094996
365,3/31/2024,0,0,0,0,0.5352,0.2312,0,0.82919997,0.691,0.49429998,0,0,0,0,0
366,4/1/2024,2.3825,2.3825,2.9661999,2.8516,3.5806,2.0214,2.0711,3.4629998,3.5614,2.7942,2.2357,2.8099,2.6276,2.0911,2.823
367,4/2/2024,1.9512999,1.9512999,3.1014,2.421,2.2259,0.723,0.54219997,2.6057,2.5163999,1.5825,0.622,0.6658,0.78099996,0.7761,0.8693
368,4/3/2024,0,0,0,0,0,0,0,0,0,0,0,0,0,0,0
369,4/4/2024,0,0,0,0,0,0,0,0,0,0,0,0,0,0,0
370,4/5/2024,0,0,0,0,0,0,0,0,0,0,0,0,0,0,0
371,4/6/2024,7.6626997,7.6626997,9.7203,9.9531,1.2708,4.045,5.5422997,4.0147,4.6777997,6.1373,5.8065,6.9494996,6.8767,6.2971997,6.3952
372,4/7/2024,3.9824,3.9824,4.2531,2.7015,7.1853,2.6067,2.7352,7.2577996,6.9017,4.6695,2.6368,2.2426999,2.3625,1.4868,1.5595
373,4/8/2024,0,0,0.0004,0,0,0,0,0,0,0,0,0,0,0,0
374,4/9/2024,0,0,0,0,0,0,0,0,0,0,0,0,0,0,0
375,4/10/2024,0,0,0,0,0,0,0,0,0,0,0,0,0,0,0
376,4/11/2024,0,0,0,0,0,0,0,0,0,0,0,0,0,0,0
377,4/12/2024,0,0,0,0,0,0,0,0,0,0,0,0,0,0,0
378,4/13/2024,0,0,0,0,0,0,0,0,0,0,0,0,0,0,0
379,4/14/2024,0,0,0,0,0,0,0,0,0,0,0,0,0,0,0
380,4/15/2024,0,0,0,0,0,0,0,0,0,0,0,0,0,0,0
381,4/16/2024,5.6387997,5.6387997,5.9122,4.7974,7.8975997,5.7644997,7.0667,6.861,6.6752,5.7321997,7.0413,6.7637,6.6520996,5.9286,5.8431
382,4/17/2024,3.6107,3.6107,3.3054,0.87049997,6.8052998,2.086,0.5168,5.6124997,5.1784,2.8058,0.6665,0.8851,0.9436,0.0466,0.2774
383,4/18/2024,0.71999997,0.71999997,0.1019,0,1.0294,0.0023,0,0,0,0,0,0,0,0,0
384,4/19/2024,0,0,0,0,0,0.45139998,1.9575,0,0,0,1.3498,0.06,0.0761,0,0
385,4/20/2024,0.2958,0.2958,0.4711,0.6648,0.4948,1.0584999,0.31,0.63269997,0.74619997,0.9641,0.46069998,0.7556,0.7012,0.46809998,0.4935
386,4/21/2024,0,0,0,0,0.94,0.40809998,0.40089998,1.7773999,1.5761,0.62909997,0.34129998,0.021499999,0.0539,0,0
387,4/22/2024,0,0,0,0,0,0,0,0,0,0,0,0,0,0,0
388,4/23/2024,0,0,0,0,0,0,0,0,0,0,0,0,0,0,0
389,4/24/2024,0,0,0,0,0,0,0,0,0,0,0,0,0,0,0
390,4/25/2024,0,0,0,0,0,0,0,0,0,0,0,0,0,0,0
391,4/26/2024,0.9913,0.9913,2.0521998,1.8815,0.6242,0.6227,0.7051,0.9569,1.1085,1.319,0.7295,0.5638,0.6378,0.46109998,0.46699998
392,4/27/2024,6.9753,6.9753,7.4115996,6.3806996,3.3298,3.6516,3.5372999,4.6872997,5.0394,5.5281,4.1598997,5.2372,5.231,6.376,6.8118
393,4/28/2024,7.6452,7.6452,8.855,8.6417,19.2398,13.545,9.9978,15.9321995,15.8195,14.5681,10.38,9.9633,10.2227,10.0225,9.904799
394,4/29/2024,2.7249,2.7249,2.79,3.199,5.2458997,4.3034997,4.3747,5.5411997,5.8803997,6.8048,4.4586,4.1232,4.1906,4.0517,4.0039997
395,4/30/2024,0,0,0,0,0,0,0,0.050499998,0.18679999,0.4491,0,0,0,0.1548,0.0928
396,5/1/2024,0,0,0,0,0,0,0,0,0,0,0,0,0,0,0
397,5/2/2024,2.1224,2.1224,3.616,2.2758,3.7368999,2.0841,1.9415,4.5049,4.4708,3.6838,2.0428998,1.6532999,1.8454,1.0641,1.2386999
398,5/3/2024,0.98539996,0.98539996,0.0134,0,0,0,0,0,0,0,0,0,0,0,0
399,5/4/2024,0,0,0,0,0,0,0,0,0,0,0,0,0,0,0
400,5/5/2024,0,0,0,0,0,0,0,0,0,0,0,0,0,0,0
401,5/6/2024,11.0736,11.0736,14.5307,11.939099,2.8622,5.2651997,11.5032,5.3922997,5.6674,6.6773,10.2119,9.2268,9.0071,8.8146,9.2792
402,5/7/2024,6.0825,6.0825,9.1332,5.5646,6.6882997,3.9255,2.695,9.399099,9.8153,9.7992,2.5577,0.9195,1.3965,2.5651,2.9733
403,5/8/2024,3.6801,3.6801,4.7598,4.1731,8.6473,5.4542,2.9982,8.667,8.7063,7.2802997,3.7115,3.8713,4.1405,7.2592998,7.0506
404,5/9/2024,1.0446,1.0446,0.0005,0,0,0,0,0,0,0,0,0,0,0,0
405,5/10/2024,0,0,0.0085,0,1.888,0.6831,0,2.1682,2.5,2.5746999,0,0,0,0,0
406,5/11/2024,0.49249998,0.49249998,0.5311,0.3814,0.251,0.72099996,3.6381998,1.7149999,2.0105,1.5582,2.3625998,0.6326,0.6956,0.2324,0.0116
407,5/12/2024,6.8841996,6.8841996,8.0629,4.7619,13.0485,7.8472,2.5008,14.1696,15.7041,16.956299,3.8221998,3.6399999,4.4072,2.7235,3.4524999
408,5/13/2024,4.3606,4.3606,4.8701,2.4282,4.3141,1.9382999,0.38889998,5.6712,5.7156997,4.6231,0.4631,0.0819,0.1274,0.405,0.57129997
409,5/14/2024,0,0,0,0,1.3343999,0.4147,0,0.81909996,0.90629995,1.1093999,0,0,0,0,0
410,5/15/2024,0.5358,0.5358,0.84529996,0.50409997,1.8541,0.82739997,0.2654,1.6286,1.6254,1.4495,0.4438,0.4791,0.59999996,0.51309997,0.5252
411,5/16/2024,0,0,0,0,0,0,0,0,0,0,0,0,0,0,0
412,5/17/2024,0,0,0,0,0,0,0,0,0,0,0,0,0,0,0
413,5/18/2024,0,0,0,0,0,0,0,0,0.1837,0.37129998,0,0,0,0,0
414,5/19/2024,0.7158,0.7158,1.7665,1.3450999,0.2243,0.5374,0.0755,1.0705999,1.1392,1.3227,0.3091,0.6389,0.6853,0.3153,0.41169998
415,5/20/2024,0,0,0,0,0,0,0,0,0,0,0,0,0,0,0
416,5/21/2024,4.1149,4.1149,6.3504,5.5081,0.6842,2.4515998,4.7281,3.4113998,3.7961,4.6818,4.5966,4.4818997,4.4776,4.066,3.9355998
417,5/22/2024,18.2404,18.2404,16.2962,10.2748995,8.5261,6.8914,6.0151997,10.377,10.917299,11.010799,6.5053,5.0101,5.4186997,7.8398,8.2764
418,5/23/2024,1.6844,1.6844,1.2935,0.28219998,0.0008,0.042099997,0,0.69879997,0.84679997,0.58669996,0,0.0073,0.0345,0,0
419,5/24/2024,0.942,0.942,1.5267,0.4644,4.3066998,2.8853,1.8622999,6.2421,7.1812997,9.0071,2.0344,0.3542,0.51089996,0,0
420,5/25/2024,0,0,0,0,0.020399999,0.0254,0,1.0481,1.1215,0.6393,0,0,0,0,0
421,5/26/2024,3.5663998,3.5663998,5.6098,5.4191,6.8374,6.1309,6.6500998,5.6903996,6.033,6.6994996,6.6612,5.213,5.7773,8.0233,7.7296996
422,5/27/2024,0,0,0,0,0,0,0,0,0,0,0,0,0,0,0
423,5/28/2024,0,0,0,0,0,0,0,0,0,0,0,0,0,0,0
424,5/29/2024,0,0,0,0,0,0,0,0,0,0,0,0,0,0,0
425,5/30/2024,0,0,0,0,0,0,0,0,0,0,0,0,0,0,0
426,5/31/2024,0,0,0,0,0,0,0,0,0,0,0,0,0,0,0
427,6/1/2024,0,0,0,0,0,0,0,0,0,0,0,0,0,0,0
428,6/2/2024,0,0,0,0,0,0.0276,0,0,0,0,0,0.0007,0.025999999,0,0
429,6/3/2024,0,0,0,0,0,0,0,0,0,0,0,0,0,0,0
430,6/4/2024,0.9887,0.9887,1.6990999,1.0421,0.42119998,1.0934,1.7281,1.7651,1.9487,2.1322,1.4518,0.7643,0.8339,0.4535,0.41059998
431,6/5/2024,0,0,0,0,0,0,0,0,0,0,0,0,0,0,0
432,6/6/2024,0,0,0,0,0,0,0,0,0,0,0,0,0,0,0
433,6/7/2024,0,0,0,0,0,0,0,0,0,0,0,0,0,0,0
434,6/8/2024,0.3681,0.3681,0.6613,0.7043,0.0033,0.8911,1.9455999,0.43179998,0.261,0,1.5026,1.5974,1.6552999,0.7672,0.7267
435,6/9/2024,0.3141,0.3141,1.3014,1.183,1.903,1.0881,0.0219,0.95479995,0.9316,1.0964999,0.3333,0.0032,0.0231,0,0
436,6/10/2024,0,0,0,0,0,0.59499997,0,0,0,0,0,0,0,0,0
437,6/11/2024,1.2863,1.2863,1.8715999,1.0512999,0,0.3302,0.1734,0.5643,0.63699996,0.7407,0.546,0.6922,0.66459996,0.6282,0.46109998
438,6/12/2024,0,0,0,0,0,0,0,0,0,0,0,0,0,0,0
439,6/13/2024,0,0,0,0,0,0,0,0,0,0,0,0,0,0,0
440,6/14/2024,0.025799999,0.025799999,0.5247,0.43089998,0,0,0,0,0,0,0,0,0,0,0
441,6/15/2024,0.47869998,0.47869998,0.703,0.909,0.0072,0.9034,2.201,0.78639996,0.75229996,0.61079997,1.7923,2.9513,3.8772998,1.4525,1.5514
442,6/16/2024,0,0,0,0,0,0,0,0,0,0,0,0,0,0,0
443,6/17/2024,0,0,0,0,0,0,0,0,0,0,0,0,0,0,0
444,6/18/2024,0,0,0,0,0,0,0,0,0,0,0,0,0,0,0
445,6/19/2024,0,0,0,0,0,0,0,0,0,0,0,0,0,0,0
446,6/20/2024,1.6855999,1.6855999,0.7493,0,1.6746,0.5771,0,0.9403,1.0997,0.87109995,0,0,0,0,0
447,6/21/2024,11.4515,11.4515,11.3305,8.344,9.8873,7.8542,6.2584996,9.620299,10.2934,10.5486,6.5639,6.396,6.0413,6.6482,7.1021
448,6/22/2024,17.799,17.799,18.0607,14.5917,8.715099,11.3168,12.1851,11.989699,12.188499,11.763599,12.3403,12.683499,12.9381,14.7717,15.0526
449,6/23/2024,2.3295999,2.3295999,3.5135,4.4621997,0.0009,2.7654,4.5394998,1.0023999,0.030199999,0,4.5961,7.0357,5.2696,4.2813997,5.3515997
450,6/24/2024,0,0,0,0,0,0,0,0,0,0,0,0,0,0,0
451,6/25/2024,0,0,0,0,0,0,0,0,0,0,0,0,0,0,0
452,6/26/2024,0,0,0,0,0,0,0,0,0,0,0,0.019,0.2215,0.0036,0
453,6/27/2024,2.0051,2.0051,1.6262,1.0059,0.8322,1.7033,1.4819,1.7404,2.0407,2.5751998,1.1237999,0.6414,0.7236,0.6393,0.7209
454,6/28/2024,8.213799,8.213799,7.9426,5.2836,4.9042997,6.1979,4.0013,5.6584997,6.3374,7.1956,3.9799,3.4545999,3.5723999,3.0709,2.984
455,6/29/2024,11.8508,11.8508,9.5222,5.7086,2.3199,1.8022,1.2751,4.0622997,4.354,4.8334,2.0943,1.9547,2.2528,1.5008,1.5288
456,6/30/2024,0.8039,0.8039,1.3853999,0.93969995,0,0.0914,0.22299999,0.6612,0.86079997,1.0346,0.18519999,0.4759,0.501,0.7497,0.5804
0,7/1/2024,10.1165,10.1165,7.5383997,7.5453,5.8080997,6.6617,6.4188,6.2922997,6.8473997,8.3206,6.6183,6.1598997,5.6912,5.7854,6.1663
1,7/2/2024,22.0334,22.0334,23.732899,23.1505,20.5781,17.796799,16.7076,17.480799,18.1048,19.6477,17.2515,12.183599,14.7027,15.154799,16.1954
2,7/3/2024,0.6459,0.6459,0.62229997,0.0089,0.9826,1.1705999,0,2.0263999,2.1807,1.6919,0.1392,0,0.0042,0,0
3,7/4/2024,0,0,0,0,0,0,0,0,0,0,0,0,0,0,0
4,7/5/2024,0,0,0,0,0,0,0,0,0,0,0,0,0,0,0
5,7/6/2024,0,0,0,0,0,0,0,0,0,0,0,0,0,0,0
6,7/7/2024,0,0,0,0,0,0,0,0,0,0,0,0,0,0,0
7,7/8/2024,0,0,0,0,0,0,0,0,0,0,0,0,0,0,0
8,7/9/2024,0,0,0,0,1.1137999,0,0,0,0,0,0,0,0,0,0
9,7/10/2024,0,0,0,0,0.0073,0,0,0,0,0,0,0,0,0,0
10,7/11/2024,0,0,0,0,0,0,0.22739999,0,0,0,0.0056,0,0,0,0
11,7/12/2024,0,0,0,0,0,0,0,0,0,0,0,0,0,0,0
12,7/13/2024,0,0,0,0,0,0,0,0,0,0,0,0,0,0,0
13,7/14/2024,0,0,0,0,0,0,0,0,0,0,0,0,0,0,0
14,7/15/2024,0.1496,0.1496,0.41669998,0.4289,4.1549997,2.2377,1.6424999,2.006,1.9772999,2.2456,1.5616,0.2436,0.3177,0.0038,0.29839998
15,7/16/2024,1.5867,1.5867,2.168,2.7266998,3.2642999,3.6476998,4.4405,3.5667999,3.5054998,2.9993,4.2348,3.4858,3.4682,3.2161,3.4345999
16,7/17/2024,0.31,0.31,0.4437,1.0424,1.5399,3.3964999,6.4536,1.6462,1.3529999,1.04,4.5624,1.9627,1.8004999,2.3225,2.0630999
17,7/18/2024,0,0,0,0,0.007999999,0,0,0,0,0,0,0,0,0,0
18,7/19/2024,0.77129996,0.77129996,0.9292,0.5087,0.30269998,0.8947,0.2654,1.6197,2.0042999,2.0967,0.5136,0.278,0.3049,0.0685,0.2501
19,7/20/2024,5.5271,5.5271,4.111,3.076,1.3571,0.5719,0.1708,0.87109995,0.87619996,0.6045,0.3795,0.38009998,0.40699998,0.7928,1.0687
20,7/21/2024,0,0,0,0,0,0,0,0,0,0,0,0,0,0,0
21,7/22/2024,0,0,0,0,0.017099999,0.252,0,0.38459998,0.41419998,0.0744,0,0,0,0,0
22,7/23/2024,0,0,0,0,0,0,0,0,0,0,0,0,0,0,0
23,7/24/2024,0,0,0,0,0,0,0,0,0,0,0,0,0,0,0
24,7/25/2024,0.91429996,0.91429996,0.0003,0,0,0,0,0,0,0,0,0,0,0,0
25,7/26/2024,0.46089998,0.46089998,2.2477,2.7403,1.4219999,0.5112,0.011,0.70379996,0.5513,0.40269998,0.118499994,0.2395,0.0387,0.3216,0.2917
26,7/27/2024,4.2560997,4.2560997,8.544,10.257899,7.1106,8.404799,10.4035,7.0390997,7.0186996,7.7538996,9.932799,8.6098995,8.694099,8.390699,8.4803
27,7/28/2024,0.1489,0.1489,0.2688,0.55829996,3.2989,1.8045,1.1128,1.4376,1.3321999,0.6896,1.2419,0.7668,0.91319996,3.4571998,3.4673998
28,7/29/2024,0,0,0,0,0,0,0,0,0,0,0,0,0,0,0
29,7/30/2024,0,0,0,0,0,0,0,0,0,0,0,0,0,0,0
30,7/31/2024,0,0,0,0,0,0,0,0,0,0,0,0,0,0,0
31,8/1/2024,0,0,0,0,0,0,0,0,0,0,0,0,0,0,0
32,8/2/2024,0,0,0,0,0,0,0,0,0,0,0,0,0,0,0
33,8/3/2024,0,0,0,0,0,0,0,0,0,0,0,0,0,0,0
34,8/4/2024,0,0,0,0,0,0,0,0,0,0,0,0,0,0,0
35,8/5/2024,5.325,5.325,6.2328,6.5256996,4.0436997,5.5308,6.0534997,4.9814,5.2843,7.0046,5.8929996,6.298,6.3873997,5.1033,6.1106997
36,8/6/2024,0.599,0.599,1.3787,0.606,6.1782,5.3410997,1.7231,4.6379,4.7560997,3.6711998,1.8993,0.87409997,0.8289,0.3409,0.5451
37,8/7/2024,1.392,1.392,1.6001999,0.0683,0.8746,1.189,2.3927,1.0942,1.2741,1.2742,1.6044999,0.4129,0.267,0,0
38,8/8/2024,1.2890999,1.2890999,2.3602,2.1411998,5.5271,3.4491,3.1022,2.6952,2.5657,2.3192,2.5224,1.1852,1.3269,0.75799996,0.8254
39,8/9/2024,0,0,0,0,0,0,0,0,0,0,0,0,0,0,0
40,8/10/2024,6.3339,6.3339,5.5594,5.7949,2.9341998,4.8192997,6.2405,5.1215,5.1919,4.5111,5.9433,6.8099,6.0260997,7.1520996,7.6784
41,8/11/2024,8.0432,8.0432,8.7463,12.5511,16.9356,17.3823,21.866,12.8473,12.767799,13.1966,20.6217,19.3147,18.5567,27.5425,25.3792
42,8/12/2024,2.0823998,2.0823998,2.0894,1.5782,5.1120996,3.8992,2.0772,2.9236999,2.7069,1.9016999,2.2351,2.313,2.9499,0.8028,0.8455
43,8/13/2024,0.8707,0.8707,2.0605,1.5978,0.0077,0.7069,0.9345,1.1509,1.2078999,1.173,0.96629995,1.3849,1.6076,1.0364,1.0006
44,8/14/2024,13.5742,13.5742,13.924999,11.3345995,6.4442,6.5769,9.4531,6.7681,6.7334,6.6587,9.2429,10.9574995,10.8101,9.4908,9.279099
45,8/15/2024,1.1606,1.1606,1.2336999,0.821,0.79109997,2.027,0.57809997,1.4915,1.4481,1.0231,0.70129997,0.624,0.6138,0.7811,0.838
46,8/16/2024,0.0343,0.0343,0.2199,0.1017,0,0.0031,0,0,0,0,0,0,0,0,0
47,8/17/2024,0,0,0,0,0,0,0,0,0,0,0,0,0,0,0
48,8/18/2024,3.8693998,3.8693998,3.968,3.9487998,0.79499996,1.2968999,1.4934,1.5645,1.4483,1.4384999,1.9332999,3.3292,3.4768,3.1114,2.9196
49,8/19/2024,2.1538,2.1538,2.6176,2.2949998,0.0011,0.519,0.4806,1.1007999,1.2595,1.559,0.5859,0.6289,0.61219996,1.0332,0.85639995
50,8/20/2024,2.3813,2.3813,1.3642,0.8584,0,0,0.14649999,0,0,0,0.4396,1.4368,1.5624,0.38149998,0.43629998
51,8/21/2024,2.5569,2.5569,4.411,4.3517,0.6357,1.7686,2.7324998,2.6232,2.7977998,3.5323,2.6973,2.5867999,2.8186998,2.9569,2.9406
52,8/22/2024,11.0227995,11.0227995,11.2268,11.0246,9.514299,10.8441,9.9612,12.0308,12.4045,11.768399,10.717299,11.5455,11.1258,9.9176,9.7685995
53,8/23/2024,2.6562998,2.6562998,3.4613998,2.5665,10.0687,5.0379,2.0483,4.8223,4.9258,4.6122,2.4455,1.5443,1.7942,0.792,0.8407
54,8/24/2024,8.528399,8.528399,8.6751995,6.6179,1.1194,1.7493999,3.0135999,2.444,2.6945999,3.3026,3.3114998,4.7114997,4.4999,6.5327,6.3606997
55,8/25/2024,3.0709999,3.0709999,4.4470997,2.5835,1.5078,1.0066,0.9317,1.7734,2.0326,1.7741,1.1601,1.6888,1.9668,1.3658,1.5963
56,8/26/2024,7.5183997,7.5183997,8.651299,5.8448997,1.5924,3.3177998,3.4680998,3.6931,3.8521,3.3571,3.6413,4.6762,4.7432,3.938,3.9332
57,8/27/2024,0.1617,0.1617,1.3799,0.6957,0,0,0,0,0,0,0,0,0,0,0
58,8/28/2024,0,0,0,0,0,0,0,0,0,0,0,0,0,0,0
59,8/29/2024,0,0,0,0,0,0,0,0,0,0,0,0,0,0,0
60,8/30/2024,0,0,0,0,0,0.0307,0,0,0,0,0,0,0,0,0
61,8/31/2024,0.8142,0.8142,0.0003,0,0,0,0,0,0,0,0,0,0,0,0
62,9/1/2024,0,0,0,0,0,0,0,0,0,0,0,0,0,0,0
63,9/2/2024,0,0,0,0,0,0,0,0,0,0,0,0,0,0,0
64,9/3/2024,0,0,0,0,0,0,0,0,0,0,0,0,0,0,0
65,9/4/2024,0,0,0,0,0,0,0,0,0,0,0,0,0,0,0.3964
66,9/5/2024,1.5774,1.5774,1.9830999,2.6369998,4.3714,5.1998997,5.3094997,2.6791,2.2103999,1.8880999,4.9575,4.7173,4.2563,6.3918,6.8854
67,9/6/2024,0,0,0,0,0,0.4053,1.3356999,0.7599,0.81869996,0.85499996,1.0573,0.0453,0.0407,0,0
68,9/7/2024,0,0,0,0,0,0,0.5868,0,0,0,0.3807,0,0,0,0
69,9/8/2024,0,0,0,0,0,0,0,0,0,0,0,0,0,0,0
70,9/9/2024,0.2528,0.2528,0.9474,0.6052,0,0,0,0,0,0,0,0,0,0,0
71,9/10/2024,0,0,0,0.0036,0,0.78779995,0.0106,0.431,0.478,0.4497,0.1416,0.26639998,0.103199996,0.4204,0.29029998
72,9/11/2024,2.1608,2.1608,1.6625999,0.3367,4.0786,1.4576,0.0705,2.4938,3.1137998,3.7106998,0.39409998,0,0.0117,0.24129999,0.2307
73,9/12/2024,0.3557,0.3557,0.3874,0.6813,0.6502,1.4096999,0.6419,1.8072,1.8899,1.9253999,0.93109995,1.183,0.93079996,1.1671,1.0172
74,9/13/2024,0,0,0,0,0,0,0,0,0,0,0,0,0,0,0
75,9/14/2024,0,0,0,0,0,0,0,0.0035,0,0,0,0,0,0,0
76,9/15/2024,0,0,0,0,0,0,0,0,0,0,0,0,0,0,0
77,9/16/2024,1.7155,1.7155,1.4462999,0.5668,0.8786,1.1154,0.3599,1.7752,1.8944999,1.9652,0.5458,0.2462,0.1977,0.28059998,0.054899998
78,9/17/2024,1.7513,1.7513,3.3862,2.5142999,0.0045,0.66679996,1.158,1.0547999,1.3772,2.1215,1.0451,1.2112,1.0476,1.8889999,1.6932
79,9/18/2024,10.4794,10.4794,8.9352,6.0660996,0.6275,2.2633,3.1938,2.7129998,2.7972999,3.1332,3.2386,4.0789,4.1737,3.8902,3.6536
80,9/19/2024,0,0,0,0,0,0,0,0,0,0,0,0,0,0,0
81,9/20/2024,1.1310999,1.1310999,0.0012,0,0,0,0,0,0,0,0,0,0,0,0
82,9/21/2024,0,0,0,0,0,0,0,0,0,0,0,0,0,0,0
83,9/22/2024,20.355299,20.355299,21.228199,22.308699,10.8639,14.267099,20.0403,17.4061,17.4012,17.857399,20.9186,23.8471,24.6771,24.081999,24.052599
84,9/23/2024,1.3776,1.3776,0.1375,0,0.0014,0.5652,0,0.068399996,0.0008,0.0013,0,0,0,0,0
85,9/24/2024,0,0,0,0,0,0,0,0,0,0,0,0,0,0,0
86,9/25/2024,0,0,0,0,0,0,0,0,0,0,0,0,0,0,0
87,9/26/2024,0,0,0,0,0,0,0,0,0,0,0,0,0,0,0
88,9/27/2024,0,0,0,0,0,0,0,0,0,0,0,0,0,0,0
89,9/28/2024,0,0,0,0,0,0,0,0,0,0,0,0,0,0,0
90,9/29/2024,0,0,0,0,0,0,0,0,0,0,0,0,0,0,0
91,9/30/2024,0,0,0,0,0,0,0,0,0,0,0,0,0,0,0
