date,Date (aggregated based on UTC),Raw_Moderated_cph,Raw_Mod_Coeff_of_Var,Raw_Mod_sqrt,Corrected_Mod_cph_for_Des,SWC_Des_cm3_cm3,Corrected_Mod_cph_for_UTS,SWC_UTS_cm3_cm3,SWC_5,SWC_10,SWC_20,WeightedTDR_SWC,WeightedTDR_SD,WeightedTDR_SE,sT_5,sT_10,sT_20,PRISM_ppt_mm,BaroPress,airRH,airT,date,CRNS,Bare
2023-07-01,2023-07-01,9171.979166666666,0.0073764622960524,135.571628818045,2287.5169386936104,0.2650339541059124,2221.8146675589146,0.2521383596021075,0.0300625,0.0678958333333333,0.1960833333333333,0.078384471376725,0.0,0.0,11.643478260869566,11.51875,11.435416666666669,2.5093,724.1583333333333,74.4375,9.089583333333334,2023-07-01,0.2521383596021075,1116.3286009068038
2023-07-02,2023-07-02,9313.645833333334,0.0073192142979741,136.6324004593264,2316.492434475204,0.2490110688216502,2245.013161140498,0.2401455965909091,0.0314583333333333,0.0664166666666666,0.1850208333333333,0.0761417451945281,0.0026166402561992,0.0013479560460382,14.610638297872342,14.239583333333334,13.21875,0.0,724.1437500000001,60.35625,11.7,2023-07-02,0.2401455965909091,1124.525444250963
2023-07-03,2023-07-03,9351.0625,0.0073083274445761,136.83631867131066,2319.2618533641125,0.2474929928523805,2260.095793336846,0.2329129305752841,0.0301041666666666,0.0647916666666666,0.1720208333333333,0.0722224702133612,0.0071893485842351,0.0037035759379751,14.473333333333333,13.864583333333334,12.952083333333334,2.98,723.7166666666667,56.770833333333336,12.720833333333331,2023-07-03,0.2329129305752841,1117.0535795699154
2023-07-04,2023-07-04,9482.083333333334,0.0072427870166517,138.07596262572574,2337.2227292595285,0.2384264730130467,2270.9903557857174,0.2277773593334441,0.0247916666666666,0.0616875,0.1586458333333333,0.0659630716141818,0.0144923329985725,0.007465691105357,16.60625,15.964583333333332,14.69375,0.0,722.4875000000001,46.2625,13.875,2023-07-04,0.2277773593334441,1116.872665552523
2023-07-05,2023-07-05,9609.145833333334,0.0072088131210164,138.72465884296142,2364.1665418160696,0.2246990963247518,2297.7348022492115,0.2156715393066406,0.0203958333333333,0.0580833333333333,0.1453541666666666,0.0599533360668688,0.0215040297839585,0.0110777501388662,14.872916666666669,14.575,13.979166666666666,0.0,722.2312499999999,54.95416666666667,13.23125,2023-07-05,0.2156715393066406,1120.95319923918
2023-07-06,2023-07-06,9794.520833333334,0.0071042195203053,140.7851389388996,2390.4731887430685,0.2128331055440282,2337.367506871945,0.199851658033288,0.017625,0.0551458333333333,0.1338958333333333,0.0474946503173685,0.0360398652017022,0.0185658514126826,15.368085106382978,14.5125,13.545833333333334,0.0,722.03125,49.25208333333333,13.64375,2023-07-06,0.199851658033288,1122.2382862360564
2023-07-08,2023-07-08,10165.1875,0.0070008600322022,142.84895347145965,2438.0565339199507,0.1924902815948765,2384.4186821418007,0.1820672217835771,0.0091458333333333,0.0481458333333333,0.1117291666666666,0.0403686246593572,0.0443539633521935,0.0228488394324377,17.580851063829787,16.558333333333334,15.1375,0.0,719.9416666666666,42.454166666666666,14.9,2023-07-08,0.1820672217835771,1128.9212242169315
2023-07-09,2023-07-09,10241.9375,0.0069976692296662,142.9086870279349,2477.199270668838,0.176735122476621,2432.8534407576985,0.165059191115359,0.0061458333333333,0.0418333333333333,0.0986458333333333,0.0354080750369453,0.0501415507705391,0.0258303014175353,17.12608695652174,16.412499999999998,15.264583333333334,0.0,721.9854166666668,31.80625,14.320833333333333,2023-07-09,0.165059191115359,1134.6054980310705
2023-07-10,2023-07-10,10093.833333333334,0.0070493687484806,141.86347665936043,2462.495005227933,0.1824227604044299,2403.6605943513946,0.1748455940408909,0.0033958333333333,0.0346458333333333,0.0887083333333333,0.0308123679190014,0.0555034680415695,0.0285924804319103,16.704166666666666,16.3875,15.510416666666666,0.0,723.4729166666666,36.08125,14.504166666666668,2023-07-10,0.1748455940408909,1129.833958774562
2023-07-11,2023-07-11,10083.895833333334,0.0070439814827741,141.9690696147812,2487.105889701316,0.1730329734672414,2426.5961111200327,0.1670448996803977,0.0037291666666666,0.0326875,0.0838958333333333,0.0291135181849329,0.0574855551276723,0.0296135479115369,16.332608695652173,15.30625,14.31875,0.0,724.375,41.10625,15.3125,2023-07-11,0.1670448996803977,1136.4646332295908
2023-07-12,2023-07-12,10037.291666666666,0.0070438512478899,141.97667935588808,2496.6790823452584,0.1696415258022273,2419.952523758332,0.1693244086371527,0.002375,0.03025,0.0807708333333333,0.0276069893716938,0.0592432569689127,0.0305190238623938,18.260416666666668,17.056250000000002,15.675,0.0,724.2979166666668,45.3875,15.889583333333334,2023-07-12,0.1693244086371527,1139.2821023457814
2023-07-13,2023-07-13,10279.208333333334,0.0069650659191444,143.5797865835279,2503.576907439654,0.1671665638549876,2436.723528678898,0.1638319948886303,0.0017083333333333,0.0284791666666666,0.0771458333333333,0.0262250170072315,0.0608556359345272,0.0313496370772046,17.741666666666667,16.602083333333333,15.502083333333331,0.0,723.75625,44.39791666666667,15.939583333333331,2023-07-13,0.1638319948886303,1137.5015927089871
2023-07-14,2023-07-14,10457.041666666666,0.0069081582344249,144.76293377703922,2516.3498304483373,0.1627595086816617,2459.5556821016557,0.1569014839504076,0.0015428571428571,0.02675,0.0742083333333333,0.0250033577731216,0.062280973881132,0.0320838965529663,18.082608695652173,16.79375,15.577083333333334,0.0,723.8666666666667,39.875,15.864583333333334,2023-07-14,0.1569014839504076,1134.5801490685976
2023-07-15,2023-07-15,10241.625,0.0070022221050233,142.8212942748638,2536.3405322455,0.1565580654615856,2482.4490730517223,0.1507288614908854,0.0018333333333333,0.0248749999999999,0.071625,0.0238063998778584,0.0636774922071691,0.0328033096692803,18.506521739130434,17.29375,16.041666666666668,0.0,725.4395833333333,36.87916666666667,14.845833333333331,2023-07-15,0.1507288614908854,1149.4790134950208
2023-07-16,2023-07-16,10242.125,0.007006199733515,142.73809595682715,2564.2572443900995,0.146774060212601,2513.756217787105,0.1411464525305706,0.0014615384615384,0.0231666666666666,0.0693125,0.0227245822163482,0.0649396737723757,0.0334535195206298,18.73695652173913,17.443749999999998,16.210416666666667,0.0,726.9145833333333,35.75,15.085416666666667,2023-07-16,0.1411464525305706,1150.972072828412
2023-07-17,2023-07-17,10110.4375,0.0070125674175249,142.61305999842818,2587.7980958615426,0.1397040340333415,2529.641288583155,0.137153802916061,0.00075,0.0216041666666666,0.067625,0.0218258554640575,0.0659882389597066,0.0339936853995958,19.628260869565217,18.047916666666666,16.604166666666668,0.0,727.025,34.15416666666667,17.277083333333334,2023-07-17,0.137153802916061,1160.0259703446814
2023-07-18,2023-07-18,10309.9375,0.0069922660205656,143.0268107974932,2596.083339547639,0.1369662319225401,2526.319115220732,0.1378085666232638,0.0005714285714285,0.0200208333333333,0.0661041666666666,0.0209552893822846,0.0670039484445876,0.0345169257410681,19.715217391304343,18.147916666666667,16.839583333333334,0.0,725.8291666666668,32.420833333333334,17.927083333333332,2023-07-18,0.1378085666232638,1158.121859149367
2023-07-19,2023-07-19,10078.0,0.0070453642636154,141.94363320448454,2572.543179063023,0.14428190264132,2478.651879124339,0.1512021151455966,0.0007,0.0190625,0.0644791666666666,0.0136833405907453,0.0754882984735877,0.0388876186138085,19.75208333333333,18.075,16.820833333333333,0.0,727.2458333333334,54.18333333333334,16.570833333333333,2023-07-19,0.1512021151455966,1156.5702759050969
2023-07-20,2023-07-20,10083.8125,0.0070302916767182,142.25003148289366,2556.792358000034,0.1491306018524352,2458.8956088024856,0.156915283203125,0.0017272727272727,0.0185,0.0628958333333333,0.0133473361045106,0.0758803226412836,0.0390895689376205,17.539583333333333,16.7625,16.145833333333332,1.4382,727.2770833333334,63.04375,15.2,2023-07-20,0.156915283203125,1158.6476025358922
2023-07-21,2023-07-21,10183.395833333334,0.0069760136699894,143.36608564362456,2595.205741233952,0.1376929035649079,2516.135901611835,0.1411493474786931,0.0017083333333333,0.018625,0.0613125,0.0130113316182758,0.0762723468089795,0.0392915192614324,17.75,16.314583333333335,15.383333333333333,0.069699995,727.4416666666666,58.24166666666667,15.26875,2023-07-21,0.1411493474786931,1168.6838190934811
2023-07-22,2023-07-22,10395.5625,0.0069348638880067,144.20432209997264,2589.909715744101,0.1390370616277054,2524.140350293636,0.1385373202237216,0.0012307692307692,0.0183125,0.0608333333333333,0.0129096460500731,0.0763909857018348,0.0393526358067965,18.608888888888888,17.2625,16.075,0.0,727.1125000000001,44.85416666666666,15.24375,2023-07-22,0.1385373202237216,1154.999144789688
2023-07-23,2023-07-23,10477.916666666666,0.0069258854637828,144.3920370581879,2611.83453375194,0.1323196870204185,2550.97143362984,0.1312567528257978,0.0005,0.01775,0.0601458333333333,0.0127637493652607,0.0765612067220185,0.0394403247631886,19.421739130434784,17.785416666666666,16.502083333333335,0.0,727.2875,35.770833333333336,16.464583333333334,2023-07-23,0.1312567528257978,1168.4200081182491
2023-07-24,2023-07-24,10356.416666666666,0.00694310414486,144.03151760671994,2626.961068246522,0.1278841893463736,2556.536543372872,0.1297925866168478,0.0005,0.0169791666666666,0.0592708333333333,0.0125780626754993,0.0767778516567978,0.0395519288895057,19.815217391304348,18.022916666666667,16.741666666666667,0.0,728.3458333333333,39.677083333333336,17.625,2023-07-24,0.1297925866168478,1165.3529730412197
2023-07-25,2023-07-25,10356.208333333334,0.0069504110566129,143.88127115061374,2631.3586010707227,0.1267278369342078,2552.742797677324,0.1308268229166666,,0.0162083333333333,0.0587708333333333,0.0124719559956357,0.076901648762386,0.0396157026759726,20.123404255319148,18.48958333333333,17.214583333333334,0.0,728.1062499999999,41.28541666666667,17.45625,2023-07-25,0.1308268229166666,1172.7786116208802
2023-07-26,2023-07-26,10272.6875,0.0069855171302163,143.15892210175684,2615.3443333667456,0.1313567212244507,2532.785182524467,0.1360454153507314,,0.0156041666666666,0.0575,0.0122022681843157,0.0772162997390893,0.0397777943832427,18.610416666666666,17.183333333333334,16.337500000000002,0.0,727.8666666666667,48.07708333333333,16.583333333333332,2023-07-26,0.1360454153507314,1156.7010056723432
2023-07-27,2023-07-27,10273.395833333334,0.0069703274088829,143.47046857644534,2612.72664597486,0.1320474824120728,2533.652166491943,0.1357780124830163,0.0,0.0152708333333333,0.0566458333333333,0.0120210026062154,0.0774277864611357,0.039886741268457,18.17083333333333,16.9375,16.099999999999998,0.0,726.8645833333334,51.87708333333333,15.735416666666666,2023-07-27,0.1357780124830163,1161.068898086524
2023-07-28,2023-07-28,10303.354166666666,0.0069596636952869,143.69151727131117,2612.4760897392675,0.1322165689521498,2540.3464439389813,0.1341451009114583,0.0,0.0150625,0.0556041666666666,0.0117999470231662,0.0776856970977777,0.0400196033235965,17.965217391304346,16.78125,15.9125,0.0,726.9479166666666,43.5625,16.822916666666668,2023-07-28,0.1341451009114583,1160.3178815636659
2023-07-29,2023-07-29,10308.8125,0.0069836220515669,143.1967495149656,2622.6427264588106,0.1291470538526271,2548.191423890628,0.1319592793782552,,0.0147291666666666,0.0550624999999999,0.0116849981199806,0.0778198106288316,0.040088691592269,18.691666666666663,17.235416666666666,16.170833333333334,0.0,728.1895833333333,38.51041666666666,18.11458333333333,2023-07-29,0.1319592793782552,1167.0215883194394
2023-07-30,2023-07-30,10224.979166666666,0.0069848862028282,143.1703001296098,2624.4662419233496,0.1285928024072359,2536.2331637389643,0.1349754333496093,,0.0142499999999999,0.0543333333333333,0.0115302592118461,0.078000348074481,0.0401816950308666,17.46382978723404,16.545833333333334,15.841666666666669,0.0,728.3770833333333,46.552083333333336,17.0125,2023-07-30,0.1349754333496093,1170.1284242871131
2023-07-31,2023-07-31,10202.583333333334,0.007050753845704,141.86272138002207,2550.273642700187,0.1527011906322506,2440.6936822642188,0.1651738484700521,0.0226,0.0140208333333333,0.053125,0.0212583327447635,0.0666503807786234,0.0343347861932679,15.642553191489364,15.310416666666669,14.983333333333334,0.0104,727.2833333333333,66.75833333333334,14.454166666666666,2023-07-31,0.1651738484700521,1194.7697890377115
2023-08-01,2023-08-01,9258.478260869566,0.0073895361199576,135.35097879876295,2335.299079601335,0.2404197956873522,2229.9333458528577,0.2491366068522135,0.0825416666666666,0.0380625,0.0645208333333333,0.0633278494659376,0.0175669073321941,0.0090495508094874,14.708333333333334,14.50625,14.204166666666666,11.5675,726.6608695652175,84.16956521739131,13.382608695652175,2023-08-01,0.2491366068522135,1201.2614263228513
2023-08-02,2023-08-02,8684.208333333334,0.0075602725132663,132.28776796407806,2281.680783719509,0.2686862911546155,2185.936066886166,0.2725954922762784,0.1172291666666666,0.0913958333333333,0.0829166666666666,0.1010093995262098,0.0263970244158682,0.0135983647635512,14.702083333333334,14.610416666666666,14.214583333333332,7.8251,726.1791666666667,77.60625,13.845833333333331,2023-08-02,0.2725954922762784,1202.4139361348332
2023-08-03,2023-08-03,8939.3125,0.007466243121129,133.9484161323009,2295.2954723037474,0.2605691981858986,2209.6017676081697,0.2588905511900436,0.1177708333333333,0.108625,0.0861458333333333,0.1078951760359239,0.0344308183553762,0.017736954731251,14.289583333333333,14.522916666666667,14.383333333333333,5.8805,725.2583333333333,72.6125,12.902083333333332,2023-08-03,0.2588905511900436,1198.6941922358212
2023-08-04,2023-08-04,9112.145833333334,0.007398980486691,135.16351629892844,2331.0236380153783,0.2423894717219791,2259.0605524773764,0.234490966796875,0.0985625,0.0997083333333333,0.0856041666666666,0.0962090207992186,0.0207963120677636,0.0107131710293866,12.68125,13.077083333333334,13.252083333333331,0.057499997,724.9916666666667,64.31458333333333,12.114583333333334,2023-08-04,0.234490966796875,1199.262077461147
2023-08-05,2023-08-05,9207.833333333334,0.0073809830341451,135.4871684297072,2381.419233529391,0.2168203211742128,2308.9322522398948,0.2109097567471591,0.0829583333333333,0.0883541666666666,0.0819375,0.0846086285593785,0.0072618674425468,0.0037409338565049,12.135416666666666,12.427083333333334,12.68125,0.0348,725.21875,56.26666666666667,13.033333333333331,2023-08-05,0.2109097567471591,1202.9776528600917
2023-08-06,2023-08-06,9318.416666666666,0.007292685788664,137.13379458953085,2442.771447332255,0.1904457636110857,2371.6087184111666,0.1864527260384908,0.07125,0.0797083333333333,0.0776041666666666,0.0755249775012254,0.0033362373197329,0.0017186547732338,13.235416666666666,13.022916666666667,12.6875,0.0,724.7520833333333,56.04166666666666,13.79375,2023-08-06,0.1864527260384908,1211.5145366696827
2023-08-07,2023-08-07,9538.4375,0.0072328091511614,138.2664674923817,2464.718247893339,0.1817427973257607,2403.854694687705,0.1749613444010416,0.0583541666666666,0.0711875,0.0734791666666666,0.066004158958869,0.0144443954478441,0.0074409961893541,14.165217391304347,14.133333333333333,13.633333333333333,0.0,724.6020833333333,47.68958333333333,13.539583333333333,2023-08-07,0.1749613444010416,1200.59606484048
2023-08-08,2023-08-08,9818.875,0.0071034561596464,140.79207519862368,2498.326910944981,0.1691511427678717,2446.444609333289,0.1609705144708806,0.0479791666666666,0.0633541666666666,0.0697083333333333,0.0579100545333425,0.0238879733780606,0.0123058330491825,14.219148936170212,14.277083333333332,13.929166666666667,0.0,723.1479166666667,44.18333333333334,12.685416666666669,2023-08-08,0.1609705144708806,1197.6705198235136
2023-08-09,2023-08-09,9964.020833333334,0.0070813312518998,141.2246349128312,2520.5768091093337,0.1613936173915106,2461.8634444386794,0.1562294183775436,0.038625,0.0565208333333333,0.0664375,0.0507190474268548,0.0322778868801268,0.0166278771681839,14.167391304347827,14.28125,13.8125,0.0,722.0791666666668,44.29375,12.077083333333334,2023-08-09,0.1562294183775436,1193.0119115188616
2023-08-10,2023-08-10,10184.3125,0.0070229070477302,142.3999316720176,2535.3375198526483,0.1560799048861212,2466.7935699014,0.1546107700892857,0.0290416666666666,0.0504583333333333,0.0643541666666666,0.0439455039396079,0.0401807359691248,0.0206990112055072,14.985106382978724,14.98125,14.370833333333332,0.0,722.30625,44.3375,13.314583333333331,2023-08-10,0.1546107700892857,1193.6159720033957
2023-08-11,2023-08-11,9929.1875,0.0070975202889728,140.89924074064217,2508.7573695184497,0.1652899744288763,2417.615330501153,0.170013427734375,0.0250833333333333,0.0454791666666666,0.0623749999999999,0.0400539732983374,0.0447210743372294,0.023037955789061,14.183333333333332,14.295833333333334,14.008333333333333,1.8756,723.9770833333333,74.90625,11.61875,2023-08-11,0.170013427734375,1188.176261754468
2023-08-12,2023-08-12,10017.75,0.0070441243876091,141.96855799753425,2527.502071486781,0.1588477343856138,2437.422657845856,0.1636671278211805,0.0245208333333333,0.0420416666666666,0.0609791666666666,0.0383198940896362,0.046744264462241,0.0240801974020734,14.508333333333333,14.383333333333333,13.970833333333331,0.0,724.9833333333332,65.59375,12.502083333333331,2023-08-12,0.1636671278211805,1181.5271829722335
2023-08-13,2023-08-13,10196.791666666666,0.0069922585029124,143.02233114915373,2542.3207815739624,0.1540536660061026,2463.767317198448,0.1557547829367897,0.0214791666666666,0.039125,0.05975,0.0357061134740952,0.0497938224661514,0.0256511700030554,14.015217391304349,14.064583333333331,13.65,0.3865,725.0104166666666,63.84375,12.708333333333334,2023-08-13,0.1557547829367897,1174.9109753404723
2023-08-14,2023-08-14,10179.645833333334,0.0070246264383565,142.35977320721256,2554.738280232268,0.1497711033606111,2481.7558913242774,0.1500965465198863,0.0161875,0.0363958333333333,0.0590625,0.0251266167381023,0.0621371648097142,0.0320098136495815,14.97608695652174,14.775,14.072916666666666,0.0,727.1625,52.275,13.51875,2023-08-14,0.1500965465198863,1175.6405092024684
2023-08-15,2023-08-15,10095.0,0.0070295235072657,142.26557330531097,2573.157165312605,0.1439349067608131,2498.122391799341,0.1454501681857639,0.0107708333333333,0.0338333333333333,0.0584166666666666,0.0241029508759002,0.0633314993322243,0.0326250722571779,16.22391304347826,15.8875,14.90625,0.0,728.9499999999999,50.88125,15.014583333333334,2023-08-15,0.1454501681857639,1175.7514355192304
2023-08-16,2023-08-16,10270.729166666666,0.0069654798069202,143.5756436318487,2581.7564817929065,0.1412682833784191,2496.1972873034624,0.1459859212239583,0.0072708333333333,0.0314791666666666,0.0579375,0.0231867361346861,0.0644004681587422,0.0331757490226665,16.733333333333334,16.354166666666668,15.4625,0.0,727.6104166666668,49.37708333333333,15.839583333333332,2023-08-16,0.1459859212239583,1177.5726706384075
2023-08-17,2023-08-17,10426.729166666666,0.0069275613989313,144.35406407972135,2593.28715129086,0.1377856441918956,2505.033825831947,0.1434276492096657,0.0059791666666666,0.0289791666666666,0.0569791666666666,0.0221183782658793,0.0656469458740061,0.0338178690728191,15.108333333333334,15.079166666666666,14.797916666666666,0.0,726.3958333333334,50.770833333333336,15.477083333333333,2023-08-17,0.1434276492096657,1185.8058193722243
2023-08-18,2023-08-18,10432.791666666666,0.0069209257128446,144.49381926822983,2592.568549173316,0.1379435468224451,2493.5867277820016,0.1466902063248005,0.0065208333333333,0.0278541666666666,0.0558541666666666,0.0214903942066054,0.0663796293298784,0.0341953092241106,13.910416666666668,13.979166666666666,13.904166666666669,0.0,725.3729166666667,65.175,14.045833333333334,2023-08-18,0.1466902063248005,1176.0616214281133
2023-08-19,2023-08-19,10396.041666666666,0.0069413291388278,144.06947455378673,2589.4920333601094,0.1390658361932797,2506.790455437574,0.1431666782924107,0.0068958333333333,0.0270416666666666,0.0550208333333333,0.0210324290521356,0.0669139478162968,0.0344705621300351,13.83125,13.483333333333334,13.247916666666669,1.1108,725.4833333333332,57.04375,14.922916666666666,2023-08-19,0.1431666782924107,1184.2079332777832
2023-08-22,2023-08-22,10207.104166666666,0.0070518247056386,141.84299006028235,2593.356873996681,0.1389011467800411,2504.0517583345604,0.1459164503144054,0.0044583333333333,0.0239583333333333,0.054875,0.0199346643005468,0.0681947352185423,0.0351303567343779,16.037499999999998,15.93125,15.366666666666667,0.0,728.3354166666667,48.69166666666666,14.825,2023-08-22,0.1459164503144054,1215.3711589266213
2023-08-23,2023-08-23,9588.541666666666,0.0072085705925239,138.73615558701536,2476.9609304774262,0.1770280379754873,2375.340097649448,0.1848408092151988,0.0531666666666666,0.0256458333333333,0.05425,0.0438745021938505,0.0402635753401028,0.0207416857117544,13.95625,13.902083333333332,13.783333333333331,6.8356,727.475,78.41458333333334,13.072916666666666,2023-08-23,0.1848408092151988,1229.8664444250787
2023-08-24,2023-08-24,9763.958333333334,0.007163279211634,139.61062838470596,2472.0337491082214,0.1787417298481423,2363.429606608351,0.1891676161024305,0.0546458333333333,0.0325208333333333,0.0548541666666666,0.0470349118681893,0.0365762526318729,0.0188421701300931,13.86875,13.9625,13.852083333333333,1.4618,725.6875,76.08541666666666,13.154166666666669,2023-08-24,0.1891676161024305,1237.906940739251
2023-08-25,2023-08-25,9307.354166666666,0.0074511828351402,134.3182009680202,2306.571278475331,0.2645539884357608,2189.094798304259,0.2824442545572916,0.0876041666666666,0.0459583333333333,0.0555208333333333,0.0663864173914952,0.0139984057362952,0.0072112456431226,14.01875,14.075,13.8125,5.9075,725.9354166666667,97.50833333333333,11.564583333333331,2023-08-25,0.2824442545572916,1210.5192227702537
2023-08-26,2023-08-26,8261.208333333334,0.0077677007231585,128.74280424225248,2135.033222626017,0.3734456301296361,2034.0914959327968,0.3873519897460937,0.1491041666666666,0.1183125,0.0820833333333333,0.1242276971992019,0.0534863467120287,0.0275533651445469,13.45,13.389583333333334,13.20625,21.977499,726.9458333333333,89.77708333333334,11.808333333333332,2023-08-26,0.3873519897460937,1168.343479127529
2023-08-27,2023-08-27,8408.645833333334,0.0076897674599451,130.05487961246362,2160.5893729614177,0.3523510422124217,2069.3929324895257,0.3556625011355377,0.1355625,0.121875,0.1072708333333333,0.1248228280044851,0.0541806995203074,0.0279110593532886,14.391489361702128,14.51875,14.133333333333333,1.9755,727.0166666666668,81.11874999999999,12.852083333333333,2023-08-27,0.3556625011355377,1160.4656605783064
2023-08-28,2023-08-28,8616.854166666666,0.0076116617467331,131.383457704447,2193.672216612977,0.3264245708855969,2112.285139179436,0.3217077010717147,0.1187708333333333,0.1128541666666666,0.1175416666666666,0.1164628524786515,0.0444269236579731,0.0228864247615878,13.795833333333334,13.916666666666666,13.804166666666667,0.46069998,726.6625,72.08333333333333,12.858333333333334,2023-08-28,0.3217077010717147,1163.9154384725855
2023-08-29,2023-08-29,8670.916666666666,0.0075719568497741,132.07978347919556,2218.938240330478,0.3081540317407549,2158.865042669672,0.2886852507895611,0.099625,0.1013749999999999,0.1205833333333333,0.1046781290436309,0.0306774155847032,0.0158033981615395,12.126086956521736,12.583333333333334,12.808333333333332,0.0,727.5500000000001,59.30416666666667,12.114583333333334,2023-08-29,0.2886852507895611,1161.5592462292873
2023-08-30,2023-08-30,8977.625,0.0074502349957429,134.23333277094048,2251.923816908138,0.2862933114967825,2188.2068092529908,0.2706425364424543,0.0797083333333333,0.0884375,0.1195,0.0911729019464481,0.0149205562890287,0.0076862893217367,12.26875,12.527083333333332,12.70625,0.0,725.7166666666667,51.725,13.310416666666669,2023-08-30,0.2706425364424543,1150.7825645190376
2023-08-31,2023-08-31,9274.375,0.0073243813543061,136.53435949829213,2292.069222163355,0.2623128929146499,2235.300843297179,0.2449805850074404,0.068,0.0796666666666666,0.1155833333333333,0.0821344237848947,0.004375155784928,0.0022538511660825,12.908510638297871,12.802083333333334,12.622916666666669,0.0,723.2291666666666,44.84375,14.483333333333334,2023-08-31,0.2449805850074404,1159.126499101692
2023-09-01,2023-09-01,9390.020833333334,0.007302054885636,136.95293846138088,2314.947061466643,0.2496999004396309,2252.1923845318934,0.2365351137907608,0.057375,0.0722708333333333,0.1101458333333333,0.0737275551178317,0.0054333313845886,0.0027989678262551,13.922916666666666,13.654166666666669,13.20625,0.0,723.7312499999999,42.22291666666667,14.33125,2023-09-01,0.2365351137907608,1154.5578621547338
2023-09-02,2023-09-02,9273.270833333334,0.007368056455535,135.73171983142427,2315.722638707716,0.2495618003300651,2235.8109558527767,0.245327904110863,0.0491041666666666,0.0661458333333333,0.1050625,0.0668755988139403,0.0134276665115447,0.0069172306798922,13.79375,13.9125,13.716666666666669,0.0,726.0854166666667,59.07083333333333,12.802083333333334,2023-09-02,0.245327904110863,1144.6542486930089
2023-09-03,2023-09-03,9224.9375,0.0073269201824815,136.49456526300995,2330.396477197437,0.2413719237851218,2241.3160194235047,0.2417181105840773,0.0448125,0.0618958333333333,0.1001875,0.0624745574663061,0.0185624627478541,0.0095624088298154,13.341666666666669,13.277083333333332,12.995833333333332,0.0,725.1374999999999,73.80416666666666,11.847916666666668,2023-09-03,0.2417181105840773,1158.9051810411806
2023-09-04,2023-09-04,9846.208333333334,0.0070960742246645,140.93550627955673,2362.1412778952667,0.2255428694207443,2293.2266735943376,0.2175782669422238,0.041,0.058375,0.0957708333333333,0.0586347603469177,0.0230424424252606,0.0118702597764566,13.712765957446807,13.675,13.2625,0.0004,718.9041666666667,63.16041666666666,11.585416666666667,2023-09-04,0.2175782669422238,1162.0610329680194
2023-09-05,2023-09-05,9887.1875,0.0071086705578742,140.677243124811,2391.1180052306768,0.2124924550879178,2333.6020655428697,0.2011328408884447,0.0348125,0.054,0.0896041666666666,0.0530787968395698,0.0295247129274313,0.0152095861109632,13.180434782608694,13.5,13.28125,0.0,721.1958333333333,60.52916666666667,10.047916666666667,2023-09-05,0.2011328408884447,1162.592026893886
2023-09-06,2023-09-06,9946.958333333334,0.0070849936676288,141.15195354399427,2424.462185024327,0.1978709684118409,2376.5257422570285,0.1845217618075284,0.0276875,0.0494583333333333,0.0837708333333333,0.0471217253860325,0.0364749653024726,0.0187899922016489,13.315217391304348,13.527083333333332,13.147916666666667,0.0,724.3375,42.27708333333333,11.65,2023-09-06,0.1845217618075284,1169.6071228010849
2023-09-07,2023-09-07,10050.6875,0.0070427868076447,141.99664406866157,2449.8697219023347,0.1876940762295592,2404.9112082370343,0.1746687455610795,0.0210833333333333,0.0450208333333333,0.0788333333333333,0.0416209028203259,0.0428929015988857,0.0220961769220523,13.593478260869563,13.729166666666666,13.272916666666667,0.0,724.8291666666668,36.75416666666667,12.2375,2023-09-07,0.1746687455610795,1170.1615720351817
2023-09-08,2023-09-08,10096.416666666666,0.0070463629391108,141.92033604806815,2475.81455189754,0.1772302758479852,2435.1276372074103,0.1642872203480113,0.0157083333333333,0.0409166666666666,0.074375,0.0299403181500184,0.0565209085784678,0.0291166125207396,13.42608695652174,13.616666666666667,13.21875,0.0,726.7145833333334,33.833333333333336,12.029166666666669,2023-09-08,0.1642872203480113,1171.0041783649003
2023-09-09,2023-09-09,10100.083333333334,0.0070276693380436,142.2992173117449,2495.5286462598096,0.1700639034529539,2452.8613097508187,0.1588141547309027,0.0114791666666666,0.0373333333333333,0.0706875,0.027917967069582,0.0588804321312068,0.0303321155044414,13.157446808510638,13.329166666666666,13.085416666666667,0.0,727.6916666666666,31.6875,11.945833333333333,2023-09-09,0.1588141547309027,1169.0380879556476
2023-09-10,2023-09-10,10149.270833333334,0.0070292475289615,142.26752918044434,2500.437564082217,0.1682024701038814,2433.197828933542,0.1650610635446947,0.0091666666666666,0.0351458333333333,0.0675208333333333,0.026489094706261,0.0605475304049576,0.0311909172415615,13.683333333333332,13.6625,13.260416666666666,0.0,726.1125000000001,43.54583333333333,12.135416666666666,2023-09-10,0.1650610635446947,1180.492941880301
2023-09-11,2023-09-11,9788.9375,0.0071623186961939,139.62894845644155,2391.326013716448,0.2121593566950145,2316.4607156984,0.2077971667778201,0.0356875,0.0344375,0.065375,0.0415550907507013,0.042969686055272,0.0221357322533526,12.2875,12.458333333333334,12.44375,4.8199,724.3416666666667,75.63958333333333,9.379166666666666,2023-09-11,0.2077971667778201,1198.8005118120843
2023-09-12,2023-09-12,9960.375,0.0070781076287866,141.28924338716573,2417.311648456904,0.2008611990434288,2359.9551027038046,0.190609244413154,0.0388333333333333,0.0348958333333333,0.0638958333333333,0.0427895765579645,0.0415293830505479,0.0213937635632565,10.404347826086957,11.047916666666666,11.475,0.024799999,723.0354166666666,62.44166666666666,8.69375,2023-09-12,0.190609244413154,1178.2020282499104
2023-09-13,2023-09-13,10057.229166666666,0.0070510488016789,141.8287833344084,2451.222274146479,0.1867800034132632,2385.012480827277,0.1812092174183238,0.0326458333333333,0.035375,0.062625,0.0399520901963609,0.0448399436972852,0.023099191059059,10.733333333333334,11.189583333333331,11.420833333333334,0.0,721.2979166666668,58.19791666666666,8.989583333333334,2023-09-13,0.1812092174183238,1180.0953429269898
2023-09-14,2023-09-14,9991.145833333334,0.0071431199319108,140.04150288953392,2405.004740293654,0.2085234576270777,2328.5150074955704,0.2053484235491071,0.0329166666666666,0.0347916666666666,0.0618333333333333,0.0397019097014135,0.0451318350389888,0.0232495581941298,10.047916666666667,10.770833333333334,11.152083333333332,0.0857,721.6374999999999,80.83125,6.685416666666666,2023-09-14,0.2053484235491071,1209.4206411969308
2023-09-15,2023-09-15,9137.729166666666,0.0074231018858702,134.71844060384137,2223.555262567367,0.3046296436649025,2146.671658415444,0.2961556570870535,0.1158125,0.0675208333333333,0.06175,0.0876310548588563,0.0107882017714492,0.0055575166548987,8.672916666666667,9.335416666666667,10.033333333333331,10.457399,723.1979166666666,97.09791666666666,5.472916666666666,2023-09-15,0.2961556570870535,1204.4769775513948
2023-09-16,2023-09-16,8993.791666666666,0.0074430622205797,134.36643569676576,2229.3365581795065,0.3011078727253835,2176.0758177649664,0.2782842462713068,0.1411458333333333,0.1237083333333333,0.0625208333333333,0.1184272754662788,0.046718861171537,0.0240671109568838,7.273913043478261,8.05625,8.960416666666667,5.9474998,725.4333333333334,78.85833333333333,5.677083333333333,2023-09-16,0.2782842462713068,1199.7734829828335
2023-09-17,2023-09-17,9138.104166666666,0.0073926541690342,135.2752725426629,2264.9106276495004,0.2782995497975867,2212.742340565329,0.2568949381510416,0.114875,0.114375,0.0670833333333333,0.1045599725032224,0.0305395596294732,0.0157323819918943,8.460869565217392,9.035416666666666,9.3875,0.0,725.75625,59.19583333333333,7.956250000000001,2023-09-17,0.2568949381510416,1186.0368258655335
2023-09-18,2023-09-18,9224.520833333334,0.007380950246933,135.49398347548947,2288.7463581484694,0.2646865074898669,2230.641359497876,0.2477777654474431,0.0958958333333333,0.10175,0.0731458333333333,0.0930934899979125,0.0171613505736498,0.0088406292034713,8.35,8.84375,9.35625,0.0,723.7333333333332,61.61875,7.758333333333334,2023-09-18,0.2477777654474431,1192.3680991826418
2023-09-19,2023-09-19,9175.354166666666,0.0073837217596638,135.439964736142,2301.634975608611,0.2568086867027557,2236.6765270282726,0.2441354146817835,0.0858541666666666,0.0941666666666666,0.0773333333333333,0.0869220128825594,0.0099609461781266,0.005131357890431,8.674999999999999,8.918750000000001,9.208333333333334,2.9166,721.4895833333334,75.0125,6.860416666666667,2023-09-19,0.2441354146817835,1186.0328723970756
2023-09-20,2023-09-20,9276.9375,0.0072926595922059,137.13678918751793,2335.585485565737,0.2389992895879714,2282.0149056948594,0.2228320893787202,0.0803333333333333,0.0884375,0.0799791666666666,0.0830621730926317,0.0054575822556921,0.0028114606052102,7.512765957446809,8.164583333333333,8.831249999999999,0.0035,720.4833333333332,75.21875,6.03125,2023-09-20,0.2228320893787202,1194.5371691136825
2023-09-21,2023-09-21,9560.958333333334,0.0072197137161164,138.51721211731294,2359.330921174287,0.2270495486861749,2307.6851861987607,0.2113257119821947,0.0693125,0.081375,0.0802916666666666,0.0758159868291761,0.0029967100388326,0.001543748096628,9.304166666666667,9.404166666666669,9.404166666666669,0.0034,719.0625,53.69583333333333,8.625,2023-09-21,0.2113257119821947,1200.1838137606455
2023-09-22,2023-09-22,9816.25,0.0071248109292975,140.3609687138438,2391.6645177547693,0.211862576085099,2357.4113223598997,0.1913572799327761,0.0498958333333333,0.073,0.079375,0.0641456253855701,0.0166127893445204,0.0085580391822885,8.669565217391305,9.041666666666666,9.308333333333334,0.0034,719.1625,42.22708333333333,7.766666666666667,2023-09-22,0.1913572799327761,1202.1513487279087
2023-09-23,2023-09-23,9862.854166666666,0.0071114808056403,140.6296662410262,2412.1055657619218,0.2033943967951346,2375.2508244457817,0.1852220323350694,0.0426874999999999,0.0662916666666666,0.0774791666666666,0.058237672872268,0.0235057335214493,0.0121089230901099,8.5,8.875,9.102083333333333,0.0,720.7291666666666,42.42916666666667,6.910416666666666,2023-09-23,0.1852220323350694,1198.51018628479
2023-09-24,2023-09-24,10004.916666666666,0.0070779877136666,141.28863837143027,2428.9308016397604,0.1959349237640462,2397.585472236781,0.1769176664806547,0.0366875,0.06025,0.0751875,0.0530102143023831,0.0296047297520885,0.0152508065891417,7.888888888888889,8.527083333333334,8.829166666666667,0.0,722.50625,41.24583333333333,5.535416666666666,2023-09-24,0.1769176664806547,1179.1597587516183
2023-09-25,2023-09-25,9561.395833333334,0.0072723794889788,137.51120230406926,2449.945014305945,0.1880586933286645,2417.2487482474585,0.1707687377929687,0.0300833333333333,0.0547916666666666,0.0728333333333333,0.0477044066669079,0.0357951376408635,0.0184397805878976,8.371739130434783,8.641666666666667,8.829166666666667,0.0,725.8916666666668,36.90833333333333,7.158333333333334,2023-09-25,0.1707687377929687,1194.2580421003975
2023-09-26,2023-09-26,9572.25,0.0072091227187363,138.719486310586,2455.787448900196,0.1850814909984855,2416.8676147334345,0.1703460693359375,0.0238333333333333,0.0499999999999999,0.0707708333333333,0.0428476257046666,0.0414616557750096,0.021358874017272,9.730434782608697,9.764583333333333,9.485416666666667,0.0,725.81875,36.958333333333336,9.014583333333333,2023-09-26,0.1703460693359375,1186.1867402909875
2023-09-27,2023-09-27,9859.520833333334,0.0070969580280071,140.9138246519021,2486.797936830189,0.173224746917932,2444.9193507918644,0.1612431452824519,0.0181666666666666,0.0458125,0.0687708333333333,0.0304449714641668,0.0559321179415602,0.0288132984151838,10.465217391304348,10.43125,10.047916666666667,0.0,723.8312500000001,39.90416666666667,9.91875,2023-09-27,0.1612431452824519,1186.314248277405
2023-09-28,2023-09-28,10205.1875,0.0069770836316833,143.333526150143,2497.207023502883,0.1693513051531498,2458.1613457337817,0.1570966853651889,0.0134791666666666,0.0421874999999999,0.0669375,0.0288016828760179,0.0578493805599023,0.0298009717233945,10.71063829787234,10.689583333333331,10.35625,0.0,720.9499999999999,35.768750000000004,10.185416666666669,2023-09-28,0.1570966853651889,1195.3943577824484
2023-09-29,2023-09-29,10509.666666666666,0.006878812562283,145.38000899255297,2527.656138476088,0.1589082630705081,2490.4086870699603,0.1477465507311698,0.0094166666666666,0.0391041666666666,0.0649791666666666,0.0273192814099235,0.0595789324699049,0.0306919463036799,10.764583333333334,10.747916666666669,10.460416666666667,0.0,719.7541666666666,34.6375,9.964583333333334,2023-09-29,0.1477465507311698,1193.2014874362917
2023-09-30,2023-09-30,10693.791666666666,0.0068365604111186,146.2797280670609,2523.8697581190554,0.1599988384815753,2481.347637294577,0.1502231504858994,0.0063958333333333,0.0365208333333333,0.0631875,0.0260452461835972,0.0610653786921342,0.0314576855632582,10.541666666666666,10.60625,10.439583333333331,0.0,719.4729166666666,34.143750000000004,10.089583333333334,2023-09-30,0.1502231504858994,1182.2172845783614
2023-10-01,2023-10-01,10762.0625,0.0068138571349861,146.76658743211172,2521.089597222171,0.1611225716482579,2460.555383284813,0.1566155012263808,0.0048333333333333,0.0345,0.0615,0.0249879385303663,0.0622989638665497,0.032093164051452,10.533333333333331,10.627083333333331,10.50625,0.5703,718.2229166666666,54.82916666666667,10.104166666666666,2023-10-01,0.1566155012263808,1191.0950136157005
2023-10-02,2023-10-02,10810.229166666666,0.0068312737795392,146.41295752441565,2488.221947259036,0.174204827277867,2426.596656494668,0.1684459339488636,0.0059583333333333,0.0328333333333333,0.0599166666666666,0.0240752762225304,0.0633637879872811,0.0326417056815468,9.31875,9.714583333333334,9.914583333333333,0.018,718.475,56.45625,8.383333333333333,2023-10-02,0.1684459339488636,1221.6142909896425
2023-10-03,2023-10-03,10102.916666666666,0.0070612821458327,141.62854785600123,2317.32309439797,0.2488668610295983,2260.156586334064,0.2331821017795139,0.030125,0.0316666666666666,0.0578124999999999,0.0365340658824286,0.0488278313348845,0.0251535419539854,4.539583333333334,6.275,7.96875,6.0365996,717.2895833333333,96.00833333333333,0.4541666666666666,2023-10-03,0.2331821017795139,1246.889246123784
2023-10-04,2023-10-04,9870.9375,0.0071285356347104,140.28635420804116,2323.1547819857446,0.2452395528604477,2273.6762516920603,0.226350264115767,0.0757291666666666,0.0491875,0.0571041666666666,0.0625934170327503,0.0184237865559671,0.0094909701171942,4.666666666666667,5.285416666666666,6.233333333333333,3.4542,720.1166666666667,81.99374999999999,2.035416666666667,2023-10-04,0.226350264115767,1204.9708736821021
2023-10-05,2023-10-05,9643.458333333334,0.0072112253593274,138.67994299629405,2366.313135974215,0.2237392786276153,2317.0203209964143,0.2074443538014481,0.0683958333333333,0.0661458333333333,0.0577916666666666,0.065366999438731,0.0151877841250925,0.0078239511101459,6.425,6.708333333333333,7.008333333333333,0.0,724.7624999999999,66.15625,4.145833333333333,2023-10-05,0.2074443538014481,1203.2899480511417
2023-10-06,2023-10-06,9558.4375,0.0072331136074621,138.2607263268596,2375.860146732997,0.2192103534695605,2330.384360489273,0.2020374644886363,0.0561875,0.065625,0.0579999999999999,0.0598374616293215,0.0216392231572546,0.0111473946857186,6.358695652173913,6.960416666666667,7.40625,0.0323,725.8541666666666,63.66666666666666,5.15,2023-10-06,0.2020374644886363,1199.4720549351277
2023-10-07,2023-10-07,9668.020833333334,0.0071835621728471,139.21364717639202,2407.065137316336,0.2050599425671344,2363.765223115103,0.1889384501689189,0.0469999999999999,0.0615,0.0580208333333333,0.0543556911165896,0.0280349309849529,0.0144421284629795,6.534782608695653,6.995833333333334,7.33125,0.0,725.6291666666666,53.78333333333333,6.066666666666666,2023-10-07,0.1889384501689189,1201.7767233945883
2023-10-08,2023-10-08,9876.833333333334,0.0070896413140867,141.05929569750955,2416.5681905787865,0.2010301079879829,2377.6238761966088,0.1839017001065341,0.0400833333333333,0.0572291666666666,0.0582083333333333,0.0498620678181101,0.0332777447142145,0.0171429515692004,7.123913043478261,7.464583333333334,7.583333333333333,0.0,724.1750000000001,48.41458333333333,6.54375,2023-10-08,0.1839017001065341,1192.9363326820337
2023-10-09,2023-10-09,10263.229166666666,0.0069546516709562,143.7989011036441,2446.1402124166257,0.1887664969681358,2408.6206704505707,0.1729967070788872,0.0340625,0.0528333333333333,0.0583958333333333,0.045720967135811,0.0381092621933853,0.0196318963838948,7.502127659574469,7.797916666666667,7.858333333333333,0.0,720.6895833333333,45.98541666666667,6.402083333333334,2023-10-09,0.1729967070788872,1194.8667904893832
2023-10-10,2023-10-10,10652.645833333334,0.0068253724567939,146.51906583145282,2450.9903314815106,0.1869741927801091,2408.96516603532,0.1730666387648809,0.0287291666666666,0.048375,0.0577291666666666,0.0416807081708786,0.0428231253198933,0.0220602318367793,5.333333333333333,6.30625,7.222916666666666,0.0,716.2937499999999,46.04375,4.589583333333334,2023-10-10,0.1730666387648809,1184.3733544292613
2023-10-11,2023-10-11,11093.583333333334,0.0067415963406813,148.3635426418945,2393.8436462400814,0.2135705166731535,2338.174241663836,0.2014295001362645,0.0267083333333333,0.0455,0.0566458333333333,0.039563287728719,0.045293568485107,0.0233328747967943,4.722916666666666,5.364583333333333,6.147916666666667,0.0,709.65,72.65416666666667,3.13125,2023-10-11,0.2014295001362645,1220.6168318457082
2024-06-03,2024-06-03,8301.645833333334,0.0077408951864034,129.1946807652244,2050.579811329834,0.4583363647549471,2005.5240344619351,0.4181053524925595,0.1574375,0.1530208333333333,0.3330833333333333,0.193183749186513,0.1339389596840783,0.0689983386437981,10.86875,10.3,9.4,0.0,717.6437500000001,43.68541666666667,11.054166666666667,2024-06-03,0.4181053524925595,1087.357632070794
2024-06-05,2024-06-05,7986.458333333333,0.0079220461709575,126.23697842029117,2040.5712343830344,0.469737775646106,1988.9895538755948,0.437541872956032,0.150875,0.1462083333333333,0.3223333333333333,0.1856461070694151,0.1251446191368513,0.0644679548879612,12.32127659574468,11.495833333333332,10.447916666666666,0.0,722.7791666666667,55.57083333333333,11.329166666666666,2024-06-05,0.437541872956032,1081.2466430395264
2024-06-06,2024-06-06,7962.8125,0.0079147878645012,126.35377622720873,2076.952319993164,0.4288589035419325,2024.3995982677916,0.3975103469122024,0.1291666666666666,0.1327291666666666,0.3119375,0.1691856853621512,0.1059398662717234,0.0545746718216745,13.831914893617022,12.802083333333334,11.41875,0.0,724.3562499999999,46.01666666666667,14.129166666666668,2024-06-06,0.3975103469122024,1091.870843406756
2024-06-07,2024-06-07,8158.479166666667,0.0078250405262223,127.79761061842972,2092.5383076809426,0.4122410894471564,2034.931123697756,0.3859893798828125,0.108125,0.1206041666666666,0.3000416666666666,0.1531700060602221,0.0872540046072582,0.0449486943315029,14.510416666666666,13.627083333333331,12.379166666666668,0.0,722.725,42.24791666666667,15.047916666666666,2024-06-07,0.3859893798828125,1092.973838560845
2024-06-08,2024-06-08,8267.208333333334,0.0077820942411837,128.50904949000142,2090.0109166101784,0.4152173895861558,2021.7604518650376,0.4006271362304687,0.0994375,0.1147291666666666,0.2890416666666666,0.1449648727398047,0.0776808867098895,0.0400171252636406,13.485106382978724,12.958333333333334,12.03125,0.0033,721.6687499999999,63.53958333333333,12.360416666666666,2024-06-08,0.4006271362304687,1101.5348725688889
2024-06-09,2024-06-09,8214.1875,0.0077803004580715,128.53638179796607,2083.0623407287467,0.4221726127216639,2017.2188878686688,0.4045699270148026,0.1221666666666666,0.1234374999999999,0.2832916666666666,0.1567992458416874,0.091488322192243,0.0471299930316219,12.771739130434783,12.454166666666666,11.6875,1.903,722.3625000000001,71.68958333333333,12.025,2024-06-09,0.4045699270148026,1095.6239653598957
2024-06-10,2024-06-10,8307.583333333334,0.0077536785916128,128.97621516565,2084.9509608610488,0.4201507800068285,2021.050937315908,0.40037841796875,0.0993749999999999,0.1145208333333333,0.2764166666666667,0.1421859848488412,0.0744386942475725,0.038346917476519,14.733333333333334,13.86875,12.729166666666666,0.0,722.28125,53.09166666666667,14.1125,2024-06-10,0.40037841796875,1086.465726715458
2024-06-11,2024-06-11,8317.875,0.0077446237919305,129.1351328793477,2099.1220021214817,0.4074352739746247,2035.4600044956496,0.3884895138624238,0.087,0.1051666666666666,0.2647708333333333,0.1310109160586276,0.0614004842804398,0.0316303144153702,14.425,13.604166666666666,12.63125,0.0,723.275,63.0,12.727083333333333,2024-06-11,0.3884895138624238,1091.9806829924303
2024-06-12,2024-06-12,8462.395833333334,0.007686893413085,130.09736732060415,2139.3761457294345,0.3692185051259834,2080.3793775105405,0.3451859323601973,0.0712708333333333,0.0956041666666666,0.2515416666666666,0.1179459167312028,0.04615724885619,0.0237777976994698,14.464583333333332,13.929166666666667,13.079166666666666,0.0,724.1458333333334,45.42083333333333,14.39375,2024-06-12,0.3451859323601973,1097.4472431359625
2024-06-13,2024-06-13,8565.583333333334,0.0076344799877745,130.98885225539428,2165.858224085276,0.3473710753022057,2116.403657249399,0.3172443096454327,0.0595625,0.086875,0.2370833333333333,0.1066847725147315,0.0330186127080979,0.0170094603284616,14.585106382978724,13.785416666666668,12.79375,0.0,724.9770833333333,39.77291666666667,15.014583333333334,2024-06-13,0.3172443096454327,1097.0586478710702
2024-06-14,2024-06-14,8586.458333333334,0.0076257593250665,131.1424650458976,2171.49970706887,0.3426349897860543,2106.8042124077047,0.3244103325737847,0.0466875,0.078125,0.2223125,0.0948346794620445,0.0191928363973249,0.0098871443260512,14.966666666666669,14.620833333333332,13.758333333333333,0.0,724.7604166666666,49.61666666666667,13.279166666666669,2024-06-14,0.3244103325737847,1093.7001713299924
2024-06-15,2024-06-15,8752.916666666666,0.0075380373137041,132.66764216011765,2192.8438154615133,0.3264850106875297,2129.76117743204,0.3078561178067835,0.04325,0.0738333333333333,0.2113541666666666,0.0895056210188588,0.0129753012560446,0.0066841957872567,12.908888888888889,12.758333333333333,12.091666666666669,0.0072,721.8520833333333,66.33333333333333,10.86875,2024-06-15,0.3078561178067835,1102.7591947950443
2024-06-16,2024-06-16,9028.0625,0.0074069149102552,135.02004561563555,2220.647127384313,0.3064848754002959,2174.3588702236143,0.2786074907351762,0.0346666666666666,0.0671041666666666,0.1979583333333333,0.0805425427183693,0.0025178715052789,0.0012970755573477,14.956521739130435,14.097916666666668,12.904166666666669,0.0,718.4729166666666,42.79791666666667,13.925,2024-06-16,0.2786074907351762,1100.7559874291505
2024-06-17,2024-06-17,9495.354166666666,0.0072178385737254,138.56039230106245,2260.165568477113,0.2812261606420012,2219.314279998731,0.2532880916151889,0.0249583333333333,0.0594375,0.1821874999999999,0.0702540717231509,0.0094859244081642,0.0048866515478975,16.166666666666668,15.56875,14.16875,0.0,714.4083333333333,30.55208333333333,14.691666666666668,2024-06-17,0.2532880916151889,1105.2886471668335
2024-06-18,2024-06-18,9657.020833333334,0.0072214737316652,138.48697480297926,2293.1634548698607,0.2617667273406119,2245.973585669677,0.2396865118117559,0.0182916666666666,0.0532708333333333,0.1655833333333333,0.053570421104424,0.0289511235822168,0.0149141029149094,16.3,15.579166666666666,14.45625,0.0,714.2312499999999,36.99791666666667,12.677083333333334,2024-06-18,0.2396865118117559,1112.229819872114
2024-06-19,2024-06-19,9358.0625,0.0073338827196692,136.36063600731353,2292.886215502037,0.2623179750546888,2233.5399646724627,0.2466629028320312,0.0148125,0.0488125,0.1501666666666666,0.048756238802513,0.0345679408788886,0.0178075930752796,14.985416666666666,14.84375,14.189583333333331,0.0,720.0791666666668,47.74791666666667,10.827083333333334,2024-06-19,0.2466629028320312,1096.654429243918
2024-06-20,2024-06-20,9015.625,0.007513672432249,133.1186249579767,2238.305287920204,0.2962891181429959,2152.058629081969,0.2948150634765625,0.0169374999999999,0.0463958333333333,0.1375208333333333,0.0452364701829742,0.0386745359396242,0.0199230958187824,13.439583333333331,13.30625,12.989583333333334,1.6746,723.6333333333333,67.60416666666667,11.833333333333334,2024-06-20,0.2948150634765625,1122.5638030761418
2024-06-21,2024-06-21,8435.25,0.0077175217322589,129.58919904681417,2130.592992847147,0.3776246805628061,2047.0245524593836,0.3757151010874155,0.1165208333333333,0.0810416666666666,0.1322916666666666,0.1075920114833659,0.0340771092941573,0.0175547423440193,12.9625,12.65625,12.28125,9.8873,724.9145833333333,85.25625000000001,10.079166666666667,2024-06-21,0.3757151010874155,1134.5967327992541
2024-06-22,2024-06-22,8169.416666666667,0.007853536085453,127.34102239049945,2062.4749127115,0.4460840148013112,1989.5422065235637,0.4395189787212171,0.1604374999999999,0.1355625,0.1375833333333333,0.146980922520505,0.0800330583911933,0.0412288409481417,13.123913043478264,12.9375,12.3875,8.715099,725.5291666666667,77.01875,10.78125,2024-06-22,0.4395189787212171,1112.0767924256481
2024-06-24,2024-06-24,8341.3125,0.0077322043372929,129.33539722958758,2102.0505970976883,0.4037608833037689,2032.7281422193707,0.389111328125,0.1244583333333333,0.1248541666666666,0.1800625,0.1363952365891297,0.0676824949709251,0.0348664773810109,14.919148936170211,14.177083333333334,13.216666666666669,0.0,725.0437499999999,54.525,14.75625,2024-06-24,0.389111328125,1098.6854481093146
2024-06-25,2024-06-25,8524.0,0.007655810605109,130.62533810096775,2135.836047724753,0.3727339246449646,2068.8686627213187,0.3554035908467061,0.0949375,0.1046666666666666,0.1791666666666666,0.1161782944789543,0.0440949232902323,0.0227153955565135,16.140425531914893,15.31875,14.160416666666668,0.0,725.3229166666666,52.74583333333334,15.31875,2024-06-25,0.3554035908467061,1099.9962807104143
2024-06-26,2024-06-26,8508.583333333334,0.007689152767665,130.0649521633715,2162.755076667544,0.3502302787060535,2077.58898372452,0.3491194875616776,0.0737916666666666,0.0895624999999999,0.1731041666666666,0.1003237305914771,0.0255970386881012,0.0131862540058981,15.15625,15.170833333333334,14.679166666666667,0.0,725.81875,58.739583333333336,14.61875,2024-06-26,0.3491194875616776,1114.5953765585673
2024-06-27,2024-06-27,8273.5,0.0077429581273555,129.16242225889994,2104.141225883394,0.4014248486215209,2011.8448026116068,0.4106987847222222,0.113,0.1043333333333333,0.1713958333333333,0.1223937553134126,0.0513466445031814,0.0264511026068121,14.514893617021276,13.995833333333332,13.29375,0.8322,722.6854166666667,85.38958333333333,12.264583333333334,2024-06-27,0.4106987847222222,1114.8435632074938
2024-06-28,2024-06-28,8494.145833333334,0.0076871836692822,130.09502553706076,2064.173897233626,0.4429951924081995,1983.0755220974495,0.4459923638237847,0.1324375,0.1213541666666666,0.1725,0.1371045232104252,0.0685100359971984,0.0352927831855888,14.672916666666666,14.414583333333333,13.877083333333331,4.9042997,720.6437500000001,81.08749999999999,11.614583333333334,2024-06-28,0.4459923638237847,1111.1027902882502
2024-06-29,2024-06-29,8318.958333333334,0.0077633883238257,128.81702669053678,2141.9861753401824,0.3681242628263516,2063.3928159667994,0.3615670553067835,0.1202916666666666,0.1193124999999999,0.1712708333333333,0.1307713404309038,0.0611209658814115,0.0314863211724869,15.620833333333332,15.020833333333334,14.183333333333332,2.3199,724.74375,63.87083333333334,14.116666666666667,2024-06-29,0.3615670553067835,1124.746242778203
2024-06-30,2024-06-30,8290.708333333334,0.0077743713538351,128.63704704311507,2142.092797596534,0.3667461616932054,2053.071041577166,0.369319817958734,0.0979375,0.1046041666666666,0.1675,0.1150062231224296,0.0427274406617394,0.0220109401111911,16.052083333333332,15.427083333333334,14.577083333333334,0.0,726.9520833333332,60.50625,15.4375,2024-06-30,0.369319817958734,1118.490836473775
2024-07-03,2024-07-03,8334.916666666666,0.007714744119563,129.6314543859185,2069.458982343451,0.438270144969801,2013.670145057464,0.4116683959960937,0.1580625,0.1579791666666666,0.2530833333333333,0.1781983573946678,0.1164551581711131,0.0599915996007449,14.308695652173911,14.23125,13.85,0.9826,723.5145833333332,61.79166666666666,11.627083333333331,2024-07-03,0.4116683959960937,1124.7484572063815
2024-07-04,2024-07-04,8454.25,0.0077036708192726,129.81445324311912,2109.0098661871057,0.3978422661173966,2064.604344851664,0.359831310453869,0.1275,0.1331875,0.2468333333333333,0.1547919724103297,0.0891463900797169,0.0459235522367852,14.332608695652173,14.185416666666669,13.779166666666669,0.0,724.9187499999999,42.41458333333333,12.310416666666669,2024-07-04,0.359831310453869,1116.7455488859894
2024-07-05,2024-07-05,8478.416666666666,0.0076616165808065,130.52791098296927,2138.874476670453,0.3693564082767426,2096.2720824547896,0.3321969168526785,0.1001041666666666,0.1142291666666666,0.2374583333333333,0.1341397308856028,0.0650509445530517,0.0335108404004123,14.008695652173913,13.99375,13.65625,0.0,726.30625,42.89791666666667,11.085416666666667,2024-07-05,0.3321969168526785,1113.8523078639882
2024-07-06,2024-07-06,8759.5,0.0075358861489321,132.70489757810466,2171.2103792906155,0.3428554601975928,2123.017735902833,0.3122644668970352,0.0786041666666666,0.0996875,0.2249375,0.1169527764166713,0.0449985291927346,0.0231808860023736,14.854347826086956,14.56875,13.879166666666668,0.0,724.5583333333334,43.04791666666667,11.84375,2024-07-06,0.3122644668970352,1115.4575835946457
2024-07-07,2024-07-07,8980.083333333334,0.0074568636635326,134.11043212509048,2204.0350968709718,0.318575566946467,2156.983970529509,0.2896751990685096,0.0633125,0.0886666666666666,0.2105624999999999,0.1033333243309406,0.0291084009738758,0.0149951239916469,16.04,15.766666666666666,14.697916666666666,0.0,722.9145833333333,41.68125,12.841666666666669,2024-07-07,0.2896751990685096,1114.2708617063065
2024-07-08,2024-07-08,8987.729166666666,0.0074435664269431,134.35365901694823,2234.1042351347373,0.2983007908095452,2182.205692667164,0.2749119808799342,0.0507708333333333,0.0795,0.194625,0.0912387485522756,0.0149973810395979,0.0077258654104901,16.44222222222222,16.212500000000002,15.15,0.0,724.06875,47.88958333333333,12.135416666666666,2024-07-08,0.2749119808799342,1112.6398995919799
2024-07-09,2024-07-09,9078.8125,0.0074298975090087,134.59501273217197,2266.9819056274123,0.2768424221992904,2207.4604185230337,0.2595054989769345,0.0401875,0.0714791666666666,0.1778541666666666,0.0802289564563417,0.0021520031957518,0.0011085993620769,16.116666666666667,16.006249999999998,15.289583333333333,1.1137999,725.3020833333334,49.09166666666667,12.152083333333332,2024-07-09,0.2595054989769345,1107.7515349301455
2024-07-10,2024-07-10,9016.9375,0.0074520070280548,134.19504467644805,2285.107806789897,0.2661368694560324,2219.642986189029,0.2529366233132102,0.0349791666666666,0.0659583333333333,0.1626458333333333,0.0727903661841858,0.0065267712841666,0.0033622508072166,15.541666666666666,14.947916666666666,14.2875,0.0073,726.9854166666668,54.583333333333336,12.779166666666669,2024-07-10,0.2529366233132102,1120.82527742035
2024-07-11,2024-07-11,9107.75,0.0073929279998292,135.26908690927564,2347.6520626627057,0.2332567146876785,2280.5704210016547,0.2236648950821314,0.0270851063829787,0.0598541666666666,0.1459791666666666,0.0636539353188549,0.0171864554622807,0.008853561927538,16.606818181818184,16.554166666666667,15.383333333333333,0.0,727.2270833333333,47.97291666666666,14.8625,2024-07-11,0.2236648950821314,1131.4793400757374
2024-07-12,2024-07-12,9293.625,0.0073155284830848,136.70262455154383,2369.167200718276,0.2224409789360675,2309.882423192007,0.2105843680245535,0.0210212765957446,0.0538333333333333,0.1286666666666666,0.0552178639781719,0.0270290140632496,0.0139239327372928,17.54222222222222,17.133333333333333,15.808333333333332,0.0,727.13125,41.975,16.416666666666668,2024-07-12,0.2105843680245535,1125.7910381831307
2024-07-13,2024-07-13,9346.770833333334,0.0073238638547717,136.54509597664742,2397.1121738778425,0.2095410012593912,2335.7962120158645,0.199798583984375,0.016595744680851,0.0484999999999999,0.1117083333333333,0.0404867433347864,0.0442161515749063,0.0227778460209554,17.744444444444444,17.385416666666668,16.15625,0.0,728.3416666666667,35.68333333333333,16.966666666666665,2024-07-13,0.199798583984375,1135.1727693142325
2024-07-14,2024-07-14,9329.5,0.0073450493787994,136.15836752297247,2394.3593760589583,0.2112300953228003,2312.960788090377,0.2097331202307412,0.0132340425531914,0.044,0.09675,0.0357554090438771,0.0497363081902815,0.0256215416597214,17.66086956521739,17.395833333333332,16.4625,0.0,729.0437499999999,45.1,16.008333333333333,2024-07-14,0.2097331202307412,1149.5042997815744
2024-07-15,2024-07-15,9116.229166666666,0.007381962999967,135.47605606248194,2341.3417153734536,0.2359783749706228,2247.882539163671,0.2387637183779762,0.0391063829787234,0.0422916666666666,0.0869166666666666,0.0503544551612562,0.0327032650679935,0.0168470097366863,15.360869565217392,15.477083333333333,15.070833333333333,4.1549997,727.7020833333332,73.55833333333334,13.641666666666666,2024-07-15,0.2387637183779762,1162.258267732928
2024-07-16,2024-07-16,9154.0,0.0074188627073674,134.80121835037363,2312.2934266551542,0.2515568286092642,2218.3826335017425,0.2542638534154647,0.0594893617021276,0.0427916666666666,0.0815,0.0583829993381154,0.0233361777888564,0.0120215768550485,14.967391304347826,15.310416666666669,15.0,3.2642999,726.3895833333332,72.80833333333334,12.65,2024-07-16,0.2542638534154647,1178.6346196563218
2024-07-17,2024-07-17,9121.208333333334,0.0073800036961824,135.50955471681158,2328.536422635327,0.2426253161890608,2248.3011555958774,0.2385748000372023,0.072595744680851,0.0482499999999999,0.0782916666666666,0.0653809969664563,0.0151714528873231,0.0078155381115924,13.34318181818182,13.895833333333334,13.55625,1.5399,727.5041666666666,73.3,11.916666666666666,2024-07-17,0.2385748000372023,1170.5121775261623
2024-07-18,2024-07-18,9338.916666666666,0.0073185489749383,136.64493872358685,2368.787450582696,0.2225034108264993,2280.8116861858607,0.2230306485804115,0.0491063829787234,0.0511666666666666,0.0757083333333333,0.0554645194607938,0.0267412354345592,0.0137756842566142,16.128888888888888,16.258333333333333,15.197916666666666,0.007999999,727.8916666666668,57.8,14.7,2024-07-18,0.2230306485804115,1163.2873834359884
2024-07-19,2024-07-19,9251.0625,0.0073546626527467,135.97389914422342,2352.6009254272467,0.230299563584223,2259.2684408243604,0.233076142101753,0.0454468085106383,0.0489166666666666,0.073,0.0524945163551154,0.0302064064166638,0.0155607589014066,16.121739130434783,16.164583333333333,15.3625,0.30269998,728.36875,74.95,13.0,2024-07-19,0.233076142101753,1174.5768950410352
2024-07-20,2024-07-20,9410.770833333334,0.0072725158605782,137.5120550147756,2388.313791515756,0.2134126774274963,2311.2950683133085,0.2097836449032738,0.039875,0.0474583333333333,0.0709583333333333,0.0490950916864728,0.0341725934200072,0.0176039307658649,16.62666666666667,16.177083333333332,15.216666666666669,1.3571,727.9104166666666,60.81666666666666,13.675,2024-07-20,0.2097836449032738,1157.0806477816768
2024-07-21,2024-07-21,9565.375,0.0072164648676837,138.57763103380023,2414.218971651161,0.2019597252563541,2329.4446599965736,0.2022518581814236,0.0280851063829787,0.0445833333333333,0.0694583333333333,0.0425733568449533,0.0417816515663124,0.0215237190931556,17.677272727272726,17.625,16.539583333333333,0.0,726.94375,57.54166666666666,13.925,2024-07-21,0.2022518581814236,1152.7650692616962
2024-07-22,2024-07-22,9798.9375,0.0071281736378499,140.29408781422367,2435.5941190752183,0.1930525520979359,2365.301799764161,0.1884118056878811,0.0241702127659574,0.0410416666666666,0.06675,0.0390436459835395,0.045899846469478,0.0236451974680811,14.074418604651164,14.854166666666666,14.60625,0.017099999,726.15,57.88333333333333,12.475,2024-07-22,0.1884118056878811,1152.4086147130633
2024-07-23,2024-07-23,9844.270833333334,0.0071270807531962,140.3175125664618,2470.5989540312794,0.1794669699135893,2407.586637082146,0.1737693228372713,0.0184680851063829,0.038875,0.0649583333333333,0.0272355698477924,0.0596766006761801,0.0307422598493966,16.009302325581395,16.118750000000002,15.14375,0.0,726.6895833333333,50.525,13.5,2024-07-23,0.1737693228372713,1153.7527609405236
2024-07-24,2024-07-24,9693.875,0.0072069116734358,138.75805297683988,2507.4724635192274,0.1656658886091173,2436.477780186244,0.1638020360192587,0.0134893617021276,0.0360833333333333,0.0630833333333333,0.025871767947122,0.0612677797434702,0.0315619519866714,17.206666666666667,17.01875,15.877083333333331,0.0,728.9125,42.55,15.258333333333333,2024-07-24,0.1638020360192587,1162.9408551396768
2024-07-25,2024-07-25,9644.791666666666,0.0072007539809986,138.88328708889867,2485.779713687808,0.1736727549533413,2402.853161255552,0.1753263251726017,0.0107083333333333,0.0334583333333333,0.0613749999999999,0.0246010007218997,0.062750413113594,0.0323257270644955,17.72826086956522,17.120833333333334,16.027083333333334,0.0,729.5270833333334,50.425,15.441666666666668,2024-07-25,0.1753263251726017,1155.1215514664575
2024-07-26,2024-07-26,9633.770833333334,0.0071894528942008,139.1003429158341,2451.859901820789,0.1864380045547665,2351.5874070727214,0.1935416556693412,0.0184680851063829,0.0316666666666666,0.0599166666666666,0.0236716157474097,0.0638347479544059,0.0328843195959448,17.395555555555553,17.28125,16.352083333333333,1.4219999,726.5083333333333,68.96666666666667,14.0,2024-07-26,0.1935416556693412,1192.8602946861433
2024-07-27,2024-07-27,9443.9375,0.0072894883782698,137.20630443134968,2339.164602943711,0.2384454060890713,2244.454930185116,0.2419767157976017,0.0729361702127659,0.0400416666666666,0.058875,0.0585708783856935,0.0231169749797522,0.011908655045816,15.360869565217392,15.66875,15.175,7.1106,723.2854166666666,77.10000000000001,13.125,2024-07-27,0.2419767157976017,1200.7601508258224
2024-07-28,2024-07-28,9791.354166666666,0.007122709070288,140.403983387535,2407.366955695681,0.2050898314666827,2348.4310950043987,0.1951364370492788,0.077531914893617,0.0609583333333333,0.059625,0.0679974570584847,0.012118768676523,0.006242955052517,14.86046511627907,15.41875,14.977083333333333,3.2989,721.7375000000001,48.11666666666667,14.875,2024-07-28,0.1951364370492788,1194.7905484065918
2024-07-29,2024-07-29,9903.645833333334,0.0070951663109045,140.94627746470908,2467.491143946776,0.1805185267198504,2413.397722259183,0.1715118408203125,0.0531063829787234,0.0564166666666666,0.06025,0.0557676945356356,0.0263875140967496,0.0135934655451259,14.465116279069768,15.333333333333334,14.858333333333334,0.0,724.35,37.24166666666667,14.458333333333334,2024-07-29,0.1715118408203125,1186.6342209511497
2024-07-30,2024-07-30,9974.875,0.0070928810688833,140.99081679694643,2494.2520364449733,0.1705265371682712,2442.336074784267,0.1621166410900297,0.0377446808510638,0.049375,0.0604166666666666,0.0465800078356513,0.0371069996368775,0.019115583195805,15.265116279069767,15.814583333333331,15.072916666666666,0.0,724.4125,33.825,14.791666666666666,2024-07-30,0.1621166410900297,1173.18856601785
2024-07-31,2024-07-31,9923.854166666666,0.0071150963164736,140.5576115461759,2503.7594356348163,0.1671077786247712,2456.468859438476,0.1576675415039062,0.0259574468085106,0.0429166666666666,0.0600833333333333,0.0390672159092879,0.045872346894613,0.0236310311270585,15.583333333333334,16.21875,15.354166666666666,0.0,725.0520833333334,33.81666666666667,14.841666666666669,2024-07-31,0.1576675415039062,1167.3753777069408
2024-08-01,2024-08-01,9544.212765957447,0.0072440599872331,138.04822630263627,2560.1257701491536,0.1480786478753426,2510.697354543175,0.1419278658353365,0.0171063829787234,0.0375,0.0591666666666666,0.0255307581032179,0.061665643777164,0.0317669107036552,16.128571428571426,16.591666666666665,15.625,0.0,728.531914893617,30.689361702127663,15.91063829787234,2024-08-01,0.1419278658353365,1176.7465101828486
2024-08-02,2024-08-02,9340.875,0.0073139058298737,136.73975062496993,2560.6976991502147,0.1480408957424467,2489.760129182616,0.1480756487165178,0.0117021276595744,0.033625,0.0582916666666666,0.0240043419782342,0.0634465486027508,0.03268433961708,17.623255813953488,17.625,16.308333333333334,0.0,730.4666666666667,39.38333333333333,17.974999999999998,2024-08-02,0.1480756487165178,1176.8047156438918
2024-08-03,2024-08-03,9601.729166666666,0.0072095077383423,138.71680422514817,2584.0553332983486,0.1405386254650523,2511.2897966897563,0.1418007298519736,0.008595744680851,0.030625,0.057,0.0226922489763713,0.0649773977076507,0.033472952916762,18.226086956521737,17.833333333333332,16.704166666666666,0.0,728.9416666666666,38.34166666666667,17.974999999999998,2024-08-03,0.1418007298519736,1180.1558779915467
2024-08-04,2024-08-04,9842.395833333334,0.0071472033846735,139.92929846183162,2578.390757659807,0.1424819340519081,2484.1616162480723,0.1498325892857142,0.00655,0.02805,0.0556,0.0215042139383796,0.0663635055307374,0.0341870030870764,17.69,17.185,16.6175,0.0,727.0375,42.18333333333333,18.58333333333333,2024-08-04,0.1498325892857142,1184.6984584497595
2024-08-05,2024-08-05,9307.041666666666,0.0074072791977598,135.04242587789636,2447.6924612100606,0.1895793576588271,2330.3545663379787,0.2035898607830668,0.026695652173913,0.02725,0.054375,0.0327613809770259,0.053229509647554,0.0274210561375731,14.668181818181818,15.364583333333334,15.441666666666668,4.0436997,728.0208333333334,83.49166666666666,12.941666666666668,2024-08-05,0.2035898607830668,1228.081412633159
2024-08-06,2024-08-06,8785.0,0.0075136611874149,133.10505156739538,2356.9561177817304,0.2286465314295073,2259.512451098428,0.2335393996465773,0.0976595744680851,0.0474583333333333,0.0542083333333333,0.0710692775899005,0.0085348049603423,0.0043966846114191,13.474418604651165,14.116666666666667,13.96875,6.1782,728.9645833333334,77.10833333333333,13.491666666666667,2024-08-06,0.2335393996465773,1209.1447239114518
2024-08-07,2024-08-07,9091.083333333334,0.0074258937958266,134.68553405415338,2379.774584128496,0.2179708629331644,2280.8030658254465,0.2237200055803571,0.0746808510638297,0.0602083333333333,0.0553333333333333,0.0655676349953286,0.0149536980033066,0.007703362197548,15.0,15.33125,14.852083333333333,0.8746,727.5395833333333,65.2,15.033333333333331,2024-08-07,0.2237200055803571,1220.4605507059844
2024-08-08,2024-08-08,8998.020833333334,0.0074302840715192,134.60431880098935,2343.338362791631,0.2362068477216656,2253.7265274237734,0.2375442504882812,0.104595744680851,0.0700833333333333,0.056625,0.0824746006159952,0.004772047923411,0.0024583092135445,13.877272727272729,14.5125,14.272916666666667,5.5271,725.94375,78.10000000000001,12.508333333333333,2024-08-08,0.2375442504882812,1222.9550467328415
2024-08-09,2024-08-09,9152.083333333334,0.0074106916349662,134.94484102313382,2380.177857629473,0.2172477704825597,2284.242149565616,0.2215033637152778,0.0822978723404255,0.0729583333333333,0.058,0.0739101082856878,0.0052203424019385,0.00268924705504,15.071739130434782,15.325,14.910416666666668,0.0,726.1062499999999,67.40833333333333,13.0,2024-08-09,0.2215033637152778,1225.0301460421256
2024-08-10,2024-08-10,9061.270833333334,0.007451600212309,134.23711370772534,2365.1847697891776,0.2259461307541298,2270.235659999182,0.229827880859375,0.0899583333333333,0.0740833333333333,0.0577916666666666,0.0776394711780241,0.0008692088790293,0.0004477709004827,13.571739130434782,13.870833333333332,13.8625,2.9341998,726.8895833333332,80.91666666666667,11.683333333333332,2024-08-10,0.229827880859375,1218.3959664123836
2024-08-11,2024-08-11,8068.75,0.0079534642532497,125.74168918507458,2106.9087703258115,0.3990510242843788,2018.7352843721085,0.4040797642299107,0.128695652173913,0.09575,0.0645,0.1036734563379055,0.0295052408150082,0.0151995550982524,13.782608695652174,14.11875,13.8625,16.9356,727.0333333333333,83.27499999999999,11.058333333333332,2024-08-11,0.4040797642299107,1154.737489333619
2024-08-12,2024-08-12,8124.645833333333,0.0078154942577359,127.96092870713768,2161.7261040955177,0.350552228233171,2075.5243950114527,0.3492027488914695,0.121695652173913,0.1092916666666666,0.0879166666666666,0.110235587014175,0.037161429711482,0.0191436227201437,14.31086956521739,14.589583333333332,14.291666666666666,5.1120996,726.24375,73.04166666666667,12.816666666666668,2024-08-12,0.3492027488914695,1150.9272376781714
2024-08-13,2024-08-13,8303.3125,0.0077684208716215,128.72972706615482,2233.790938801606,0.3080095361493172,2136.796029173894,0.3138631184895833,0.1064347826086956,0.101625,0.103125,0.1040682432644345,0.0299658478087541,0.0154368357028736,13.904347826086957,14.10625,13.952083333333334,0.0077,724.9020833333334,80.39999999999999,11.533333333333331,2024-08-13,0.3138631184895833,1162.6467852571272
2024-08-16,2024-08-16,8511.333333333334,0.0076549309837134,130.6406122486418,2291.5282348929195,0.2786406350234975,2219.5615130239307,0.2683224148220486,0.1239166666666666,0.1194583333333333,0.1304166666666666,0.1237534938321108,0.0529330827292004,0.0272683525109065,13.032608695652174,12.958333333333334,12.625,0.0,725.9354166666667,57.59166666666667,13.65,2024-08-16,0.2683224148220486,1181.5135799386806
2024-08-17,2024-08-17,8582.0,0.0076543191771437,130.65122214782286,2238.341166135487,0.2949795359677472,2163.705231838625,0.2852900578425481,0.0999574468085106,0.1031666666666666,0.1313333333333333,0.1077262021418294,0.0342336726239694,0.0176353955734834,13.284782608695652,13.570833333333333,13.247916666666669,0.0,727.2708333333334,52.79166666666666,13.95,2024-08-17,0.2852900578425481,1173.8237965079861
2024-08-18,2024-08-18,8432.270833333334,0.0077026530773308,129.82911178024904,2262.3295015344534,0.2797052515981572,2170.0242621327225,0.2812159946986607,0.0877916666666666,0.0944166666666666,0.1294583333333333,0.0989261048294987,0.0239663965433203,0.0123462325574874,14.217391304347826,14.245833333333332,13.722916666666668,0.79499996,728.3291666666668,67.63333333333334,13.441666666666668,2024-08-18,0.2812159946986607,1184.679410044123
2024-08-19,2024-08-19,8580.458333333334,0.0075923590362285,131.72297602029886,2306.200108284665,0.2549496647772681,2214.358047518226,0.2565799289279514,0.0828333333333333,0.0889166666666666,0.1273333333333333,0.0943816288900389,0.0186642518673833,0.0096148452542591,14.589583333333332,14.354166666666666,13.889583333333334,0.0011,728.5604166666667,73.80833333333334,13.358333333333334,2024-08-19,0.2565799289279514,1189.6064905703445
2024-08-20,2024-08-20,8812.833333333334,0.0075088238892495,133.185963944375,2319.241359415404,0.247430199506681,2237.685475785789,0.2437603924725506,0.0688260869565217,0.0806382978723404,0.121531914893617,0.0840979300692629,0.0066660237597003,0.0034339863909968,13.293333333333337,13.889361702127658,13.91063829787234,0.0,728.9708333333333,62.06666666666666,13.808333333333332,2024-08-20,0.2437603924725506,1185.833359603456
2024-08-21,2024-08-21,8831.541666666666,0.0075364294853144,132.7205630896464,2289.563001889888,0.2649946480806592,2194.5635714667924,0.2692453484786184,0.0847083333333333,0.0806666666666666,0.116,0.0899504478307487,0.0134942909357779,0.0069515520946324,14.05,13.875,13.583333333333334,0.6357,728.1479166666667,70.5,12.933333333333332,2024-08-21,0.2692453484786184,1217.8008185412295
2024-08-22,2024-08-22,8541.791666666666,0.0077439662358225,129.1617770449796,2145.3360099095994,0.3678118242601698,2045.6903810247757,0.3818680200821314,0.1327391304347826,0.1114583333333333,0.1150833333333333,0.1216292915541484,0.0504547270400622,0.0259916334328856,13.43695652173913,13.708333333333334,13.625,9.514299,726.6895833333333,92.04166666666669,10.35,2024-08-22,0.3818680200821314,1185.2818748897525
2024-08-23,2024-08-23,8090.125,0.0078424845986002,127.51789181982902,2092.540429362035,0.4131212348063198,1999.3695492719369,0.4249786376953125,0.1604782608695652,0.1431666666666666,0.135625,0.1492143471593666,0.0826388463226955,0.0425712064447514,12.641304347826088,13.004166666666668,13.10625,10.0687,725.2020833333332,92.95833333333331,10.275,2024-08-23,0.4249786376953125,1176.3583364808142
2024-08-24,2024-08-24,8161.125,0.0078246352321715,127.80572825517127,2100.921206659053,0.4041745657980675,2011.2686179575223,0.4108259412977431,0.161,0.1475416666666666,0.15975,0.1560782213909125,0.0906470863701536,0.046696632385334,13.2875,13.289583333333333,13.141666666666666,1.1194,725.8249999999999,87.75,10.566666666666666,2024-08-24,0.4108259412977431,1167.2944090203891
2024-08-25,2024-08-25,8145.291666666667,0.0078681079055178,127.10209999251174,2107.9523159847718,0.3975741379746788,2023.6188166736729,0.3976559109157986,0.1548695652173913,0.1466666666666666,0.1765,0.1566216730895243,0.0912811439752128,0.0470232656625876,12.622222222222222,13.064583333333331,13.05,1.5078,726.9166666666666,83.50833333333334,9.933333333333334,2024-08-25,0.3976559109157986,1172.7732626136537
2024-08-26,2024-08-26,8081.6875,0.0078453686843164,127.4734641752541,2117.793051453723,0.3886557881352216,2042.3355045921785,0.3798898550180288,0.1616666666666666,0.1519583333333333,0.1885833333333333,0.1640197111218318,0.0999126052235347,0.0514697425324041,12.3125,12.4375,12.460416666666667,1.5924,728.275,79.10000000000001,10.158333333333331,2024-08-26,0.3798898550180288,1174.0827745923884
2024-08-27,2024-08-27,8209.208333333334,0.0077885755737264,128.40016696266954,2149.570868145417,0.360944397369846,2082.325062934115,0.3441146850585937,0.1408695652173913,0.1374166666666666,0.1916666666666666,0.1504547042064648,0.0840859994380698,0.0433167039531653,11.927272727272726,12.425,12.364583333333334,0.0,728.4729166666666,67.28333333333333,11.241666666666667,2024-08-27,0.3441146850585937,1170.5053641177994
2024-08-28,2024-08-28,8587.333333333334,0.0075939871120128,131.70021475166226,2188.271803140426,0.3306326133664912,2123.0554775711817,0.3133346557617187,0.1197916666666666,0.1203333333333333,0.1889999999999999,0.1346660133964757,0.0656649704716036,0.0338271544016875,12.4,12.625,12.59375,0.0,726.2479166666667,57.925,11.775,2024-08-28,0.3133346557617187,1175.907147820748
2024-08-29,2024-08-29,8837.25,0.0075200915225883,132.9833495919002,2258.5381957361287,0.2828463871149832,2200.4057054109426,0.2644378662109375,0.1017916666666666,0.10775,0.1829166666666666,0.1210690271867619,0.0498010537073768,0.0256548951598885,12.343478260869563,12.589583333333332,12.533333333333331,0.0,724.9916666666667,53.28333333333333,11.925,2024-08-29,0.2644378662109375,1200.9951262621846
2024-08-30,2024-08-30,8818.416666666666,0.0075222997478419,132.94712278165164,2281.840699526168,0.2681695343250996,2227.902505934067,0.248867943173363,0.0844680851063829,0.0957083333333333,0.1755833333333333,0.1076930242890896,0.0341949632595439,0.0176154545358524,11.076744186046511,12.104166666666666,12.252083333333331,0.0,727.9499999999999,51.95,10.908333333333331,2024-08-30,0.248867943173363,1186.2669191563625
2024-08-31,2024-08-31,8840.4375,0.0075266600074639,132.86511000299788,2289.813100305269,0.2637036736405306,2237.4595446436515,0.2439529418945312,0.0702127659574468,0.0860833333333333,0.166625,0.0961638621487559,0.0207436244308801,0.0106860291177233,11.486046511627906,12.316666666666668,12.254166666666668,0.0,728.4708333333333,45.9,11.9,2024-08-31,0.2439529418945312,1182.497164310654
2024-09-01,2024-09-01,9026.446808510638,0.0074080114916785,135.00132825050397,2356.0226524059844,0.2289681518064234,2301.323247120456,0.2142520067168445,0.0600851063829787,0.07775,0.1576666666666666,0.0869051765814088,0.0099413028780635,0.0051212386908118,12.88139534883721,13.325,12.835416666666667,0.0,728.4000000000001,40.306382978723406,13.28936170212766,2024-09-01,0.2142520067168445,1195.4808162355932
2024-09-02,2024-09-02,9206.229166666666,0.0073712078726257,135.67043006941356,2360.563982492616,0.2263455566965335,2299.729097556296,0.2146148681640625,0.051063829787234,0.0700416666666666,0.1477083333333333,0.0781393154280781,0.0002860290878878,0.0001473472088674,12.755813953488373,13.433333333333332,13.085416666666667,0.0,728.1041666666666,50.38333333333333,11.516666666666666,2024-09-02,0.2146148681640625,1185.8823330480498
2024-09-03,2024-09-03,9262.604166666666,0.0073410037112052,136.22860297835024,2385.756697970449,0.2147830412599205,2321.562687753777,0.2056289672851562,0.044127659574468,0.063875,0.136875,0.0706423592792563,0.0090329003794835,0.0046532772898144,12.43409090909091,13.010416666666666,12.852083333333333,0.0,727.1770833333334,53.64166666666667,11.625,2024-09-03,0.2056289672851562,1194.9142586748987
2024-09-04,2024-09-04,9331.291666666666,0.0073432944586111,136.18822264474204,2413.6654347092403,0.2025511128899726,2344.062887252595,0.196720221103766,0.038,0.05845,0.125,0.0635381537673138,0.0173215404633354,0.0089231506466863,12.026315789473683,12.44,12.4875,0.0,727.4541666666668,53.95,11.533333333333331,2024-09-04,0.196720221103766,1204.5254011968577
2024-09-05,2024-09-05,8730.604166666666,0.0076222827995055,131.19859180461924,2353.1793908971017,0.2303224390804707,2271.6548619506493,0.2275833129882812,0.0583404255319148,0.056,0.11525,0.0696076227171221,0.0102401513424117,0.0052751897711765,11.134782608695652,11.86875,12.133333333333333,4.3714,729.2666666666668,78.79166666666667,8.641666666666667,2024-09-05,0.2275833129882812,1215.557386693984
2024-09-06,2024-09-06,8618.020833333334,0.0075973074095106,131.6382844262253,2382.0722906419114,0.2169014077770855,2314.268709244635,0.2090274126101763,0.0633191489361702,0.0574583333333333,0.109,0.0709854247206223,0.0086326380329184,0.0044470830876211,10.152272727272727,10.935416666666669,11.125,0.0,730.1750000000001,66.85833333333333,9.816666666666666,2024-09-06,0.2090274126101763,1207.5482478216393
2024-09-07,2024-09-07,8867.291666666666,0.0074813134653223,133.68280629842465,2428.3612659950154,0.1965605619185158,2360.575157306266,0.1906112670898437,0.0511063829787234,0.0561666666666666,0.1013333333333333,0.0635160441632315,0.0173473362473012,0.0089364392838524,11.513953488372094,12.179166666666667,11.827083333333334,0.0,727.9625,57.60833333333333,11.5,2024-09-07,0.1906112670898437,1218.4560710943288
2024-09-08,2024-09-08,9120.770833333334,0.0073949092930951,135.23659364809455,2458.363000699445,0.1843084639535702,2395.222059737361,0.1778982062088815,0.0420425531914893,0.0524166666666666,0.0925416666666666,0.056348527931886,0.0257098424046641,0.0132443645739811,11.866666666666667,12.372916666666669,12.216666666666669,0.0,725.99375,54.26666666666667,11.15,2024-09-08,0.1778982062088815,1211.614520804791
2024-09-09,2024-09-09,9185.979166666666,0.0074099233531062,134.9645017757294,2501.4409665500025,0.1680212515958529,2431.256163337151,0.1657910469250801,0.0362553191489361,0.0489583333333333,0.0846666666666666,0.0509240293470012,0.0320387297559509,0.0165046759406853,11.545454545454543,12.05625,11.808333333333332,0.0,726.0416666666666,54.94166666666666,10.891666666666666,2024-09-09,0.1657910469250801,1234.7726512085485
2024-09-10,2024-09-10,9026.729166666666,0.0074431353464769,134.35705478853453,2448.0864471039886,0.1885264758202826,2368.363949219094,0.1877328973067434,0.0382553191489361,0.0455416666666666,0.0777083333333333,0.0491488134125747,0.0341099150456846,0.0175716421494134,10.725,11.71875,11.929166666666667,0.0,725.2041666666668,79.40833333333333,8.566666666666666,2024-09-10,0.1877328973067434,1236.9971772986535
2024-09-11,2024-09-11,9182.270833333334,0.0073337030299471,136.37623533503915,2404.6274122954733,0.2063193805349102,2331.4123275526867,0.2015731811523437,0.0674166666666666,0.0459583333333333,0.0738333333333333,0.0613538996051362,0.0198699600679642,0.0102359629852427,9.870833333333334,10.347916666666666,10.758333333333333,4.0786,721.6333333333333,69.10833333333333,9.241666666666667,2024-09-11,0.2015731811523437,1234.1800288121742
2024-09-12,2024-09-12,9772.395833333334,0.0071201485945395,140.46250385801517,2419.229799381235,0.2016031892902166,2364.6899627466264,0.1901982005049542,0.0627659574468085,0.048375,0.0704583333333333,0.0594191874747547,0.0221272332405432,0.0113987919271766,9.215909090909092,10.027083333333334,10.229166666666666,0.6502,716.3416666666667,55.708333333333336,10.275,2024-09-12,0.1901982005049542,1224.2776287826953
2024-09-13,2024-09-13,9818.729166666666,0.0071698193607766,139.4807070419333,2494.288612972402,0.170709723900084,2446.566366432256,0.1609752758129222,0.049063829787234,0.0474583333333333,0.0674166666666666,0.0524030537093275,0.0303131179906433,0.0156157311166308,10.25813953488372,11.09375,10.947916666666666,0.0,718.7208333333333,41.46666666666667,10.716666666666669,2024-09-13,0.1609752758129222,1235.9277464692632
2024-09-14,2024-09-14,9592.479166666666,0.0072192235130738,138.52397316931314,2503.386137440809,0.1672335541687539,2457.672001909312,0.1573478503104968,0.0385833333333333,0.0449583333333333,0.064625,0.0463154390771872,0.0374156780967916,0.0192745981751615,10.328888888888889,10.902083333333332,10.852083333333333,0.0,722.80625,43.05833333333334,9.55,2024-09-14,0.1573478503104968,1225.0975873460304
2024-09-15,2024-09-15,9642.0625,0.0072415564958717,138.1145615892581,2495.5366800637835,0.1706676792211855,2431.2431349372155,0.1667384097450658,0.0312916666666666,0.0418333333333333,0.0623333333333333,0.0415264837631593,0.0430030624860664,0.0221529260428229,10.210416666666667,10.775,10.99375,0.0,722.9291666666667,50.75,8.441666666666666,2024-09-15,0.1667384097450658,1235.879773387617
2024-09-16,2024-09-16,9320.041666666666,0.0073144457700487,136.72041165295568,2435.787319653169,0.193111108443717,2356.914082753721,0.1917023529877533,0.0579999999999999,0.040625,0.0603333333333333,0.0524835067158393,0.0302192516162093,0.0155673760756051,8.997916666666667,9.364583333333334,9.770833333333334,0.8786,721.38125,82.575,7.458333333333333,2024-09-16,0.1917023529877533,1229.3753986482848
2024-09-17,2024-09-17,9355.479166666666,0.0073028136943774,136.93847085634812,2417.946845226322,0.2006740614410921,2346.7650478816536,0.1957122802734375,0.0559574468085106,0.0422083333333333,0.059625,0.0519786302979301,0.0308083025534097,0.0158708242742417,9.728260869565217,10.172916666666667,10.252083333333331,0.0045,718.5500000000001,70.90833333333333,8.691666666666666,2024-09-17,0.1957122802734375,1229.820882303713
2024-09-18,2024-09-18,9403.08510638298,0.0072415871595888,138.10262283498943,2471.0269263224336,0.1796686467566957,2426.714386458588,0.1675688914763621,0.0566666666666666,0.0418333333333333,0.05825,0.0518704165406521,0.0309345580347145,0.015935864487151,7.621739130434783,8.55625,9.204166666666667,0.6275,717.78125,53.76666666666667,6.675,2024-09-18,0.1675688914763621,1232.097563497821
2024-09-19,2024-09-19,9521.208333333334,0.0072472034151919,137.98792128628006,2501.018302425581,0.1679924504160652,2453.4398557230666,0.158537122938368,0.0457916666666666,0.0414583333333333,0.0572916666666666,0.046732809967367,0.0369287218728533,0.019023743826858,8.208695652173914,8.9,9.091666666666669,0.0,720.7291666666666,49.84166666666667,7.616666666666667,2024-09-19,0.158537122938368,1228.0234365154429
2024-09-20,2024-09-20,9607.729166666666,0.0072017266712723,138.86824410564267,2513.944928505875,0.1635003505323786,2465.259547800161,0.1551290976034628,0.0362916666666666,0.0406666666666666,0.0569583333333333,0.0421911362160655,0.0422275971713698,0.0217534469180323,10.938297872340426,10.754166666666668,10.210416666666667,0.0,720.6,43.78333333333333,10.5,2024-09-20,0.1551290976034628,1227.0605992083847
2024-09-21,2024-09-21,9774.395833333334,0.0072186225762785,138.57808201001788,2504.9926340643647,0.1685074194457124,2448.4490720597346,0.1622250205592105,0.0284166666666666,0.0379583333333333,0.0565,0.037677691214339,0.0474935373380335,0.0244661835538435,9.15531914893617,10.010416666666666,10.295833333333333,0.0,719.75625,46.04166666666666,8.133333333333333,2024-09-21,0.1622250205592105,1239.969956988673
2024-09-22,2024-09-22,8975.6875,0.0074715723925746,133.8438886149806,2367.293400503825,0.223127848388022,2301.174042316989,0.2139999802048142,0.09025,0.0450833333333333,0.056625,0.0674868988137835,0.0127144487318167,0.0065498182256777,7.55,8.18125,8.829166666666667,10.8639,721.3354166666667,85.89166666666667,4.266666666666667,2024-09-22,0.2139999802048142,1230.2020864567426
2024-09-23,2024-09-23,9074.4375,0.0074034974713503,135.08102455484908,2404.6129564094367,0.2063285006907017,2345.6784632136887,0.1959946091110642,0.0860416666666666,0.0605833333333333,0.056875,0.0710436621163331,0.0085646911229288,0.0044120803974679,7.23695652173913,7.808333333333334,8.254166666666666,0.0014,722.44375,75.98333333333333,5.525,2024-09-23,0.1959946091110642,1232.7827306724737
2024-09-24,2024-09-24,9293.354166666666,0.007325948792814,136.5049241532172,2429.9472670712826,0.195379685413091,2369.551085961202,0.1867902706830929,0.0694166666666666,0.0606666666666666,0.057125,0.0637807572232806,0.0170384894274066,0.0087773375742496,8.656521739130435,8.918750000000001,8.90625,0.0,723.225,62.25833333333333,7.925,2024-09-24,0.1867902706830929,1218.764879502276
2024-09-25,2024-09-25,9361.270833333334,0.0072975632034345,137.03850245533152,2463.109581634833,0.1823335088204449,2400.5594407221565,0.1759573129507211,0.0554583333333333,0.056125,0.0572916666666666,0.0560780542881403,0.0260254102301455,0.0134069285937332,9.72,9.879166666666666,9.54375,0.0,724.8166666666666,56.75833333333333,10.75,2024-09-25,0.1759573129507211,1221.987039114586
2024-09-26,2024-09-26,9408.5,0.0072929303384447,137.124828159682,2491.65358371951,0.1715558649378757,2430.8127062896565,0.1658494737413194,0.0440833333333333,0.0503333333333333,0.0577083333333333,0.0491372071906207,0.0341234562919715,0.0175786178904462,10.929787234042552,10.964583333333332,10.483333333333333,0.0,724.4229166666668,50.825,11.558333333333332,2024-09-26,0.1658494737413194,1229.8026977037778
2024-09-27,2024-09-27,9476.104166666666,0.0072690715599409,137.57416026999906,2505.6645806631705,0.1667573344920805,2446.623304575754,0.1609934213999155,0.0357916666666666,0.045,0.056875,0.0434518661319282,0.0407566745610984,0.0209957046104788,10.645652173913044,10.775,10.516666666666667,0.0,725.8541666666666,47.18333333333334,11.291666666666666,2024-09-27,0.1609934213999155,1210.615319307253
2024-09-28,2024-09-28,9448.104166666666,0.0072649318425252,137.65289331201743,2530.596334458188,0.1578645226394612,2470.7575847798653,0.153461353198902,0.0293333333333333,0.04125,0.0565416666666666,0.0392304085870258,0.0456819462413921,0.0235329466803828,11.088888888888889,10.991666666666667,10.529166666666669,0.0,727.1833333333334,47.86666666666667,11.958333333333334,2024-09-28,0.153461353198902,1226.0789434059307
2024-09-29,2024-09-29,9599.416666666666,0.0071997111079818,138.9036750749241,2540.463637976793,0.1545393942390393,2481.7812970870823,0.1502275739397321,0.0240833333333333,0.0387916666666666,0.0563333333333333,0.0360162194601657,0.0494320146746869,0.0254647855740713,11.846808510638295,11.68125,11.1125,0.0,726.6020833333333,46.41666666666666,12.575,2024-09-29,0.1502275739397321,1209.4852006831193
2024-09-30,2024-09-30,9641.0,0.007190709851579,139.06832852953974,2550.238940278404,0.1509802499402937,2493.9896995011395,0.146331787109375,0.02,0.038,0.056,0.0338675854234716,0.0519388754590678,0.0267561889845619,18.9,17.3,13.5,0.0,724.5,23.2,19.8,2024-09-30,0.146331787109375,1219.7924930706179
2023-06-27,,,,,,,,,,,,,,,,,,,,,,,,1122.2477356321447
2023-06-28,,,,,,,,,,,,,,,,,,,,,,,,1113.4800770970799
2023-06-29,,,,,,,,,,,,,,,,,,,,,,,,1103.3476574725694
2023-06-30,,,,,,,,,,,,,,,,,,,,,,,,1123.7752935281555
2024-05-30,,,,,,,,,,,,,,,,,,,,,,,,1082.1073010945543
2024-05-31,,,,,,,,,,,,,,,,,,,,,,,,1082.5290983190666
2024-06-01,,,,,,,,,,,,,,,,,,,,,,,,1075.9988866886729
2024-06-02,,,,,,,,,,,,,,,,,,,,,,,,1078.5506213142214
2024-06-04,,,,,,,,,,,,,,,,,,,,,,,,1085.4935010163517
2024-06-23,,,,,,,,,,,,,,,,,,,,,,,,1089.561653745673
2024-07-01,,,,,,,,,,,,,,,,,,,,,,,,1118.7856426429403
2024-07-02,,,,,,,,,,,,,,,,,,,,,,,,1102.037551914034
