date,Date (aggregated based on UTC),Raw_Moderated_cph,Raw_Mod_Coeff_of_Var,Raw_Mod_sqrt,Corrected_Mod_cph_for_Des,SWC_Des_cm3_cm3,Corrected_Mod_cph_for_UTS,SWC_UTS_cm3_cm3,Rhov_g_cm3,BaroPress_mb,SWC_5,SWC_10,SWC_20,WeightedTDR_SWC,WeightedTDR_SD,WeightedTDR_SE,sT_5,sT_10,sT_20,PRISM_ppt_mm,BaroPress,airRH,airT,date,CRNS,Bare
2023-07-01,2023-07-01,9168.652173913044,0.0073851526810735,135.41246808571276,2324.806708323676,0.198855018344655,2253.850107801043,0.188063911769701,5.833182797092442e-06,724.2021739130436,0.0303695652173913,0.067891304347826,0.1960869565217391,0.0806450127027716,0.0,0.0,11.5,11.382608695652175,11.358695652173912,,724.2021739130436,74.23913043478261,9.115217391304348,2023-07-01,0.188063911769701,1116.3286009068038
2023-07-02,2023-07-02,9313.645833333334,0.0073274445902949,136.47895704527204,2355.7868778411525,0.1856017920305296,2283.192113550411,0.1768620808919271,5.887499761803234e-06,724.1437500000001,0.0314583333333333,0.0664166666666666,0.1850208333333333,0.0781115097683536,0.0029493040043225,0.0015098864166579,14.610638297872342,14.239583333333334,13.21875,0.0,724.1437500000001,60.35625,11.7,2023-07-02,0.1768620808919271,1124.525444250963
2023-07-03,2023-07-03,9351.0625,0.0073127569868528,136.75291593465906,2367.366562092015,0.1807931589476346,2299.061531143479,0.1711985270182291,5.507918536619473e-06,723.7166666666667,0.0301041666666666,0.0647916666666666,0.1720208333333333,0.0740428092533505,0.0076857637724436,0.0039347013073749,14.473333333333333,13.864583333333334,12.952083333333334,2.98,723.7166666666667,56.770833333333336,12.720833333333331,2023-07-03,0.1711985270182291,1117.0535795699154
2023-07-04,2023-07-04,9482.083333333334,0.0072621982944844,137.70674086071674,2371.433568423791,0.1793806889881059,2306.5476176869174,0.1687202453613281,5.211929888802424e-06,722.4875000000001,0.0247916666666666,0.0616875,0.1586458333333333,0.0676799188920426,0.015092938150152,0.0077267796968279,16.60625,15.964583333333332,14.69375,0.0,722.4875000000001,46.2625,13.875,2023-07-04,0.1687202453613281,1116.872665552523
2023-07-05,2023-07-05,9609.145833333334,0.0072138297061538,138.62757566622136,2408.359436857781,0.1650921610362093,2334.386145190805,0.1592280069986979,5.872196005282703e-06,722.2312499999999,0.0203958333333333,0.0580833333333333,0.1453541666666666,0.0615560244990486,0.0222218922989478,0.0113764241615789,14.872916666666669,14.575,13.979166666666666,0.0,722.2312499999999,54.95416666666667,13.23125,2023-07-05,0.1592280069986979,1120.95319923918
2023-07-06,2023-07-06,9794.520833333334,0.0071460151682577,139.95325290247277,2425.9586256801977,0.1589098799796046,2362.452646628538,0.1506296793619791,4.987992198850343e-06,722.03125,0.017625,0.0551458333333333,0.1338958333333333,0.049211702277967,0.0365921771968598,0.0187332439194138,15.368085106382978,14.5125,13.545833333333334,0.0,722.03125,49.25208333333333,13.64375,2023-07-06,0.1506296793619791,1122.2382862360564
2023-07-08,2023-07-08,10165.1875,0.0070139193112539,142.58096765389047,2473.112118051767,0.1428928790742618,2412.7491394642952,0.1358528137207031,4.638883651995458e-06,719.9416666666666,0.0091458333333333,0.0481458333333333,0.1117291666666666,0.0418013774561113,0.0452186920406051,0.0231495596218912,17.580851063829787,16.558333333333334,15.1375,0.0,719.9416666666666,42.454166666666666,14.9,2023-07-08,0.1358528137207031,1128.9212242169315
2023-07-09,2023-07-09,10241.9375,0.0069874658653228,143.11905261241554,2519.997033559684,0.1282489160448436,2472.738826642207,0.120031992594401,3.5428425351745832e-06,721.9854166666668,0.0061458333333333,0.0418333333333333,0.0986458333333333,0.036673066629506,0.0511886664388357,0.0262058682419835,17.12608695652174,16.412499999999998,15.264583333333334,0.0,721.9854166666668,31.80625,14.320833333333333,2023-07-09,0.120031992594401,1134.6054980310705
2023-07-10,2023-07-10,10093.833333333334,0.0070387861960616,142.0788604334113,2511.5350854324,0.130843890166233,2453.0257839135943,0.125091552734375,4.426204507649023e-06,723.4729166666666,0.0033958333333333,0.0346458333333333,0.0887083333333333,0.0319499790554113,0.0566869119335634,0.0290206768123353,16.704166666666666,16.3875,15.510416666666666,0.0,723.4729166666666,36.08125,14.504166666666668,2023-07-10,0.125091552734375,1129.833958774562
2023-07-11,2023-07-11,10083.895833333334,0.0070418715658037,142.01147039371298,2534.9495255470906,0.1238838252510108,2470.511284116424,0.1205482482910156,4.830754167458567e-06,724.375,0.0037291666666666,0.0326875,0.0838958333333333,0.0301894144061949,0.0587364222377602,0.03006991682441,16.332608695652173,15.30625,14.31875,0.0,724.375,41.10625,15.3125,2023-07-11,0.1205482482910156,1136.4646332295908
2023-07-12,2023-07-12,10037.291666666666,0.0070583117796714,141.68218582609293,2533.5129956461174,0.1243630786702451,2455.906029745605,0.1243336995442708,5.858641677710512e-06,724.2979166666668,0.002375,0.03025,0.0807708333333333,0.0286428320508817,0.0605368312570565,0.0309916302587252,18.260416666666668,17.056250000000002,15.675,0.0,724.2979166666668,45.3875,15.889583333333334,2023-07-12,0.1243336995442708,1139.2821023457814
2023-07-13,2023-07-13,10279.208333333334,0.0069746986935392,143.37983411233876,2553.415193645959,0.1187156948087468,2478.7446566177937,0.1185340881347656,5.576401021159705e-06,723.75625,0.0017083333333333,0.0284791666666666,0.0771458333333333,0.0272143784735389,0.0621997240835902,0.0318429427336215,17.741666666666667,16.602083333333333,15.502083333333331,0.0,723.75625,44.39791666666667,15.939583333333331,2023-07-13,0.1185340881347656,1137.5015927089871
2023-07-14,2023-07-14,10457.041666666666,0.0069152048345831,144.61430562222858,2555.6290276107093,0.1180553449697541,2491.7197612401965,0.1154518127441406,4.753126741774056e-06,723.8666666666667,0.0015428571428571,0.02675,0.0742083333333333,0.0259550587476568,0.0636657246395041,0.0325934568626984,18.082608695652173,16.79375,15.577083333333334,0.0,723.8666666666667,39.875,15.864583333333334,2023-07-14,0.1154518127441406,1134.5801490685976
2023-07-15,2023-07-15,10241.625,0.0069883336353599,143.1116390230416,2587.1296942862505,0.1097445833152382,2530.888896039988,0.1067390441894531,4.128012207007872e-06,725.4395833333333,0.0018333333333333,0.0248749999999999,0.071625,0.0247249873931398,0.0650976765516943,0.0333265399013932,18.506521739130434,17.29375,16.041666666666668,0.0,725.4395833333333,36.87916666666667,14.845833333333331,2023-07-15,0.1067390441894531,1149.4790134950208
2023-07-16,2023-07-16,10242.125,0.006987499450402,143.11970137213785,2624.9606210836487,0.1000671841329912,2570.4419979809823,0.0981661478678385,3.933089924419166e-06,726.9145833333333,0.0014615384615384,0.0231666666666666,0.0693125,0.0236135283854028,0.0663915493385092,0.0339889337891822,18.73695652173913,17.443749999999998,16.210416666666667,0.0,726.9145833333333,35.75,15.085416666666667,2023-07-16,0.0981661478678385,1150.972072828412
2023-07-17,2023-07-17,10110.4375,0.0070331026626572,142.19499033883656,2630.462482162922,0.0986907422762165,2569.042091529262,0.0983899434407552,4.430163001190042e-06,727.025,0.00075,0.0216041666666666,0.067625,0.0226931771724852,0.0674629495254857,0.034537433566333,19.628260869565217,18.047916666666666,16.604166666666668,0.0,727.025,34.15416666666667,17.277083333333334,2023-07-17,0.0983899434407552,1160.0259703446814
2023-07-18,2023-07-18,10309.9375,0.0069643058912124,143.59392204307127,2653.9281339241625,0.092952123008743,2587.595030269852,0.094458262125651,4.74583385217004e-06,725.8291666666668,0.0005714285714285,0.0200208333333333,0.0661041666666666,0.0218031255459972,0.0684990773271919,0.0350678757626698,19.715217391304343,18.147916666666667,16.839583333333334,0.0,725.8291666666668,32.420833333333334,17.927083333333332,2023-07-18,0.094458262125651,1158.121859149367
2023-07-19,2023-07-19,10078.0,0.007044259757621,141.9677460000451,2620.807708860777,0.1011686319170489,2523.509254929108,0.108313242594401,7.142918343744221e-06,727.2458333333334,0.0007,0.0190625,0.0644791666666666,0.0145106879647034,0.0769883571569475,0.0394139344542696,19.75208333333333,18.075,16.820833333333333,0.0,727.2458333333334,54.18333333333334,16.570833333333333,2023-07-19,0.108313242594401,1156.5702759050969
2023-07-20,2023-07-20,10083.8125,0.0070422474635073,142.0085480213015,2602.9307890559758,0.1056214185288327,2500.2546453027035,0.1135470072428385,7.604185336303759e-06,727.2770833333334,0.0017272727272727,0.0185,0.0628958333333333,0.014154367355554,0.0774031574656863,0.0396262900984731,17.539583333333333,16.7625,16.145833333333332,1.4382,727.2770833333334,63.04375,15.2,2023-07-20,0.1135470072428385,1158.6476025358922
2023-07-21,2023-07-21,10183.395833333334,0.0070080194679204,142.70605363371445,2633.607277505525,0.0980492390826122,2541.6626124424643,0.1045125325520833,6.719462928059212e-06,727.4416666666666,0.0017083333333333,0.018625,0.0613125,0.0137980467464046,0.077817957774425,0.0398386457426767,17.75,16.314583333333335,15.383333333333333,0.069699995,727.4416666666666,58.24166666666667,15.26875,2023-07-21,0.1045125325520833,1168.6838190934811
2023-07-22,2023-07-22,10395.5625,0.0069356076911457,144.18867799754787,2642.626682060184,0.0957409163775677,2571.0378634053864,0.0979703267415364,5.1577399865232095e-06,727.1125000000001,0.0012307692307692,0.0183125,0.0608333333333333,0.0136902128778462,0.0779434894468064,0.0399029112665804,18.608888888888888,17.2625,16.075,0.0,727.1125000000001,44.85416666666666,15.24375,2023-07-22,0.0979703267415364,1154.999144789688
2023-07-23,2023-07-23,10477.916666666666,0.0069082423467627,144.75907201026072,2667.8924455562287,0.0896467275698584,2604.6252375838344,0.0910860697428385,4.498542175337933e-06,727.2875,0.0005,0.01775,0.0601458333333333,0.0135354947186103,0.0781236001071798,0.0399951183226162,19.421739130434784,17.785416666666666,16.502083333333335,0.0,727.2875,35.770833333333336,16.464583333333334,2023-07-23,0.0910860697428385,1168.4200081182491
2023-07-24,2023-07-24,10356.416666666666,0.0069486553174435,143.917273552076,2676.384115065204,0.087722547881901,2601.942836534454,0.0916404724121093,5.299665276739365e-06,728.3458333333333,0.0005,0.0169791666666666,0.0592708333333333,0.0133385806977645,0.0783528318567459,0.0401124727575708,19.815217391304348,18.022916666666667,16.741666666666667,0.0,728.3458333333333,39.677083333333336,17.625,2023-07-24,0.0916404724121093,1165.3529730412197
2023-07-25,2023-07-25,10356.208333333334,0.0069487467672197,143.91567943404803,2683.2199613130347,0.0862002813212158,2601.905769324959,0.0916531880696614,5.78809412825572e-06,728.1062499999999,,0.0162083333333333,0.0587708333333333,0.0132260584001384,0.0784838214279266,0.0401795324346877,20.123404255319148,18.48958333333333,17.214583333333334,0.0,728.1062499999999,41.28541666666667,17.45625,2023-07-25,0.0916531880696614,1172.7786116208802
2023-07-26,2023-07-26,10272.6875,0.0069770142697518,143.33365137966194,2682.4774747712736,0.086830091624904,2595.1920312034194,0.0933952331542968,6.230271237769204e-06,727.8666666666667,,0.0156041666666666,0.0575,0.0129400642270053,0.0788167532546774,0.0403499757806932,18.610416666666666,17.183333333333334,16.337500000000002,0.0,727.8666666666667,48.07708333333333,16.583333333333332,2023-07-26,0.0933952331542968,1156.7010056723432
2023-07-27,2023-07-27,10273.395833333334,0.0069767743967712,143.33857859504198,2668.8957580512483,0.0893948914085015,2581.460177572974,0.0956751505533854,6.2732547017813325e-06,726.8645833333334,0.0,0.0152708333333333,0.0566458333333333,0.0127478386352273,0.0790405271054443,0.0404645360624346,18.17083333333333,16.9375,16.099999999999998,0.0,726.8645833333334,51.87708333333333,15.735416666666666,2023-07-27,0.0956751505533854,1161.068898086524
2023-07-28,2023-07-28,10303.354166666666,0.0069665661600206,143.54782514313328,2657.658027640999,0.0921149525651245,2579.5332591598235,0.0961964925130208,5.61242262280147e-06,726.9479166666666,0.0,0.0150625,0.0556041666666666,0.0125134171818396,0.079313422045404,0.0406042437230949,17.965217391304346,16.78125,15.9125,0.0,726.9479166666666,43.5625,16.822916666666668,2023-07-28,0.0961964925130208,1160.3178815636659
2023-07-29,2023-07-29,10308.8125,0.0069647402348244,143.5857146028434,2684.6770830124046,0.0859356031913914,2608.5669153444337,0.0904579162597656,5.407925710179195e-06,728.1895833333333,,0.0147291666666666,0.0550624999999999,0.0123915180260779,0.079455327414183,0.0406768917066382,18.691666666666663,17.235416666666666,16.170833333333334,0.0,728.1895833333333,38.51041666666666,18.11458333333333,2023-07-29,0.0904579162597656,1167.0215883194394
2023-07-30,2023-07-30,10224.979166666666,0.0069931991717714,143.00092733121792,2671.3087111716163,0.0888745204403301,2582.7337280401366,0.0954271952311198,6.351032868812293e-06,728.3770833333333,,0.0142499999999999,0.0543333333333333,0.0122274230087065,0.0796463538721548,0.0407746870691004,17.46382978723404,16.545833333333334,15.841666666666669,0.0,728.3770833333333,46.552083333333336,17.0125,2023-07-30,0.0954271952311198,1170.1284242871131
2023-07-31,2023-07-31,10202.583333333334,0.0070020452409269,142.83636326610005,2640.5235824087235,0.0967919134550817,2532.245078299185,0.1071154276529948,7.948598934552032e-06,727.2833333333333,0.0226,0.0140208333333333,0.053125,0.0216504148073524,0.0686768511070717,0.0351588864604768,15.642553191489364,15.310416666666669,14.983333333333334,0.0104,727.2833333333333,66.75833333333334,14.454166666666666,2023-07-31,0.1071154276529948,1194.7697890377115
2023-08-01,2023-08-01,9258.478260869566,0.0073519055636608,136.0576756845746,2418.0400294157284,0.1643750610491462,2300.557489079976,0.1728887143342391,9.43921087693368e-06,726.6608695652175,0.0825416666666666,0.0380625,0.0645208333333333,0.0630974240731009,0.0204275166642269,0.0104577994985139,14.708333333333334,14.50625,14.204166666666666,11.5675,726.6608695652175,84.16956521739131,13.382608695652175,2023-08-01,0.1728887143342391,1201.2614263228513
2023-08-02,2023-08-02,8684.208333333334,0.0075352474896155,132.73972590871287,2358.872231042381,0.1857075188086222,2252.912700715678,0.1895797404837101,8.710356149379475e-06,726.1791666666667,0.1172291666666666,0.0913958333333333,0.0829166666666666,0.100569594812707,0.0231946247241207,0.0118744113048706,14.702083333333334,14.610416666666666,14.214583333333332,7.8251,726.1791666666667,77.60625,13.845833333333331,2023-08-02,0.1895797404837101,1202.4139361348332
2023-08-03,2023-08-03,8939.3125,0.0074795926372775,133.7063704862803,2339.903334077891,0.1920724447213766,2246.642362957939,0.1907361348470052,7.693843933310715e-06,725.2583333333333,0.1177708333333333,0.108625,0.0861458333333333,0.1074895535651402,0.0312502941220273,0.0159984845720413,14.289583333333333,14.522916666666667,14.383333333333333,5.8805,725.2583333333333,72.6125,12.902083333333332,2023-08-03,0.1907361348470052,1198.6941922358212
2023-08-04,2023-08-04,9112.145833333334,0.0074081744336563,134.993587067964,2379.14229554553,0.17668561412769,2300.167389755712,0.1712748209635416,6.361677915021312e-06,724.9916666666667,0.0985625,0.0997083333333333,0.0856041666666666,0.0960427286560376,0.0179248047047632,0.0091765444000693,12.68125,13.077083333333334,13.252083333333331,0.057499997,724.9916666666667,64.31458333333333,12.114583333333334,2023-08-04,0.1712748209635416,1199.262077461147
2023-08-05,2023-08-05,9207.833333333334,0.0073693540521594,135.7019206198905,2440.391210226117,0.1538804680430776,2364.2482484251377,0.1499430338541666,5.963913280359532e-06,725.21875,0.0829583333333333,0.0883541666666666,0.0819375,0.0845954324521228,0.0045987666433047,0.002354323351519,12.135416666666666,12.427083333333334,12.68125,0.0348,725.21875,56.26666666666667,13.033333333333331,2023-08-05,0.1499430338541666,1202.9776528600917
2023-08-06,2023-08-06,9318.416666666666,0.0073265196954234,136.50808692644318,2475.8538067948284,0.1424056198874137,2399.7160001887964,0.1398696899414062,5.881653002566303e-06,724.7520833333333,0.07125,0.0797083333333333,0.0776041666666666,0.0756063563872966,0.0058656056978473,0.0030028774096095,13.235416666666666,13.022916666666667,12.6875,0.0,724.7520833333333,56.04166666666666,13.79375,2023-08-06,0.1398696899414062,1211.5145366696827
2023-08-07,2023-08-07,9538.4375,0.0072406056312166,138.11602912324523,2516.430138477972,0.1293542577873232,2449.935248693408,0.1258366902669271,5.031094174083412e-06,724.6020833333333,0.0583541666666666,0.0711875,0.0734791666666666,0.0661979993750907,0.016818071800504,0.0086099561553307,14.165217391304347,14.133333333333333,13.633333333333333,0.0,724.6020833333333,47.68958333333333,13.539583333333333,2023-08-07,0.1258366902669271,1200.59606484048
2023-08-08,2023-08-08,9818.875,0.0071372510941929,140.12647130626758,2543.190456664809,0.1218526209053658,2485.825221213156,0.1171964009602864,4.282001001299054e-06,723.1479166666667,0.0479791666666666,0.0633541666666666,0.0697083333333333,0.0581885886152811,0.0261419951736564,0.0133833078445595,14.219148936170212,14.277083333333332,13.929166666666667,0.0,723.1479166666667,44.18333333333334,12.685416666666669,2023-08-08,0.1171964009602864,1197.6705198235136
2023-08-09,2023-08-09,9964.020833333334,0.0070843456490558,141.16324312684364,2562.971237901425,0.1161977599866119,2505.26248179054,0.1124496459960937,4.271681514938511e-06,722.0791666666668,0.038625,0.0565208333333333,0.0664375,0.0510755926159985,0.0344223832870544,0.0176224251138378,14.167391304347827,14.28125,13.8125,0.0,722.0791666666668,44.29375,12.077083333333334,2023-08-09,0.1124496459960937,1193.0119115188616
2023-08-10,2023-08-10,10184.3125,0.0070069930705464,142.7173169685643,2589.3086037255625,0.1089294175019711,2524.557293652056,0.1078097025553385,4.750878510898765e-06,722.30625,0.0290416666666666,0.0504583333333333,0.0643541666666666,0.0443982197400514,0.0421956533685075,0.0216019249862815,14.985106382978724,14.98125,14.370833333333332,0.0,722.30625,44.3375,13.314583333333331,2023-08-10,0.1078097025553385,1193.6159720033957
2023-08-11,2023-08-11,9929.1875,0.0070967667517172,140.91624392785636,2558.5516039637755,0.1172964998397002,2463.849233717772,0.1222852071126302,7.12069202058687e-06,723.9770833333333,0.0250833333333333,0.0454791666666666,0.0623749999999999,0.0405321027086477,0.0466962814463344,0.0239060066242478,14.183333333333332,14.295833333333334,14.008333333333333,1.8756,723.9770833333333,74.90625,11.61875,2023-08-11,0.1222852071126302,1188.176261754468
2023-08-12,2023-08-12,10017.75,0.0070652110644268,141.54406611303432,2567.1049568751464,0.1149270524885727,2473.936085651584,0.1197509765625,6.974880635563642e-06,724.9833333333332,0.0245208333333333,0.0420416666666666,0.0609791666666666,0.0387873827824273,0.0487273465755346,0.024945803690075,14.508333333333333,14.383333333333333,13.970833333333331,0.0,724.9833333333332,65.59375,12.502083333333331,2023-08-12,0.1197509765625,1181.5271829722335
2023-08-13,2023-08-13,10196.791666666666,0.007002994308439,142.80275785349554,2590.400708729995,0.1088565637087714,2503.594118979316,0.1128031412760416,6.423600587550777e-06,725.0104166666666,0.0214791666666666,0.039125,0.05975,0.0361968565213297,0.051743032632718,0.0264896741788319,14.015217391304349,14.064583333333331,13.65,0.3865,725.0104166666666,63.84375,12.708333333333334,2023-08-13,0.1128031412760416,1174.9109753404723
2023-08-14,2023-08-14,10179.645833333334,0.0070088131123342,142.68315572756674,2610.573323918056,0.1035352444838324,2535.840405128785,0.1053695678710937,5.458231394861355e-06,727.1625,0.0161875,0.0363958333333333,0.0590625,0.0258838035654361,0.063748674294465,0.0326359226638191,14.97608695652174,14.775,14.072916666666666,0.0,727.1625,52.275,13.51875,2023-08-14,0.1053695678710937,1175.6405092024684
2023-08-15,2023-08-15,10095.0,0.0070382596335501,142.08787478985326,2621.8019621510134,0.1007113542598001,2543.3991317711702,0.1037178039550781,5.7098833818771246e-06,728.9499999999999,0.0107708333333333,0.0338333333333333,0.0584166666666666,0.0248518971925114,0.0649499381873966,0.0332509057351134,16.22391304347826,15.8875,14.90625,0.0,728.9499999999999,50.88125,15.014583333333334,2023-08-15,0.1037178039550781,1175.7514355192304
2023-08-16,2023-08-16,10270.729166666666,0.006977822439693,143.31899602735103,2629.234637509235,0.0988271727364978,2543.731365207443,0.1036059061686198,6.226971251852651e-06,727.6104166666668,0.0072708333333333,0.0314791666666666,0.0579375,0.0239295767132527,0.0660236308387024,0.0338005791317847,16.733333333333334,16.354166666666668,15.4625,0.0,727.6104166666668,49.37708333333333,15.839583333333332,2023-08-16,0.1036059061686198,1177.5726706384075
2023-08-17,2023-08-17,10426.729166666666,0.006925100899755,144.40558603752189,2650.292864858177,0.0937665882208697,2563.4548329896534,0.0993703206380208,6.271489339074168e-06,726.3958333333334,0.0059791666666666,0.0289791666666666,0.0569791666666666,0.0228489674426489,0.0672815907982522,0.0344445875666019,15.108333333333334,15.079166666666666,14.797916666666666,0.0,726.3958333333334,50.770833333333336,15.477083333333333,2023-08-17,0.0993703206380208,1185.8058193722243
2023-08-18,2023-08-18,10432.791666666666,0.0069231482374658,144.44714485796712,2653.189457733324,0.0931067219999245,2547.2563012792293,0.1028544108072916,7.701693525784718e-06,725.3729166666667,0.0065208333333333,0.0278541666666666,0.0558541666666666,0.0222065685829209,0.0680294208100628,0.0348274366642693,13.910416666666668,13.979166666666666,13.904166666666669,0.0,725.3729166666667,65.175,14.045833333333334,2023-08-18,0.1028544108072916,1176.0616214281133
2023-08-19,2023-08-19,10396.041666666666,0.0069355010261023,144.1916306179534,2651.525362588782,0.0936270313222428,2563.225011815304,0.0996119181315104,6.383636863555175e-06,725.4833333333332,0.0068958333333333,0.0270416666666666,0.0550208333333333,0.0217379254218274,0.0685749781618363,0.0351067329435757,13.83125,13.483333333333334,13.247916666666669,1.1108,725.4833333333332,57.04375,14.922916666666666,2023-08-19,0.0996119181315104,1184.2079332777832
2023-08-22,2023-08-22,10207.104166666666,0.0070001596072619,142.8702614411781,2676.7843604390373,0.0878689141964787,2595.2404343223675,0.0935071309407552,5.854360523191775e-06,728.3354166666667,0.0044583333333333,0.0239583333333333,0.054875,0.0206383451937191,0.0698550226116678,0.0357620474600468,16.037499999999998,15.93125,15.366666666666667,0.0,728.3354166666667,48.69166666666666,14.825,2023-08-22,0.0935071309407552,1215.3711589266213
2023-08-23,2023-08-23,9588.541666666666,0.0072220076942921,138.4760937123114,2529.783278252184,0.1255477622420671,2420.921219728009,0.1335474650065104,8.328388239955247e-06,727.475,0.0531666666666666,0.0256458333333333,0.05425,0.0438889002637199,0.042788562873611,0.0219054630436507,13.95625,13.902083333333332,13.783333333333331,6.8356,727.475,78.41458333333334,13.072916666666666,2023-08-23,0.1335474650065104,1229.8664444250787
2023-08-24,2023-08-24,9763.958333333334,0.0071565478101251,139.7389386489053,2531.933245561365,0.1247425912369023,2423.4287470219465,0.1327374776204427,8.292380059933994e-06,725.6875,0.0546458333333333,0.0325208333333333,0.0548541666666666,0.0470379850526504,0.0391226470967748,0.0200287096035358,13.86875,13.9625,13.852083333333333,1.4618,725.6875,76.08541666666666,13.154166666666669,2023-08-24,0.1327374776204427,1237.906940739251
2023-08-25,2023-08-25,9307.354166666666,0.0073343302337544,136.40601286630735,2427.1591903191456,0.161161352543346,2301.814380763313,0.1732292175292968,1.0095526805767407e-05,725.9354166666667,0.0876041666666666,0.0459583333333333,0.0555208333333333,0.0659755015236512,0.0170770862248763,0.0087425577320095,14.01875,14.075,13.8125,5.9075,725.9354166666667,97.50833333333333,11.564583333333331,2023-08-25,0.1732292175292968,1210.5192227702537
2023-08-26,2023-08-26,8261.208333333334,0.0077802429314304,128.53660023257115,2177.042448725402,0.276442022379345,2073.7603734418217,0.2767728169759114,9.220899654230751e-06,726.9458333333333,0.1491041666666666,0.1183125,0.0820833333333333,0.1233682938015814,0.0497350693029531,0.0254617040027104,13.45,13.389583333333334,13.20625,21.977499,726.9458333333333,89.77708333333334,11.808333333333332,2023-08-26,0.2767728169759114,1168.343479127529
2023-08-27,2023-08-27,8408.645833333334,0.0077121949264614,129.6759041178387,2204.617575864172,0.26009035481753,2105.3770082782758,0.2584571838378906,8.734196264954028e-06,727.0166666666668,0.1355625,0.121875,0.1072708333333333,0.1244600584301463,0.0510060154491212,0.0261123606727554,14.391489361702128,14.51875,14.133333333333333,1.9755,727.0166666666668,81.11874999999999,12.852083333333333,2023-08-27,0.2584571838378906,1160.4656605783064
2023-08-28,2023-08-28,8616.854166666666,0.0076180749987995,131.2737309007992,2237.9971285355296,0.2412845278644298,2151.253068024688,0.2342453002929687,7.489669887711537e-06,726.6625,0.1187708333333333,0.1128541666666666,0.1175416666666666,0.1164471877224163,0.0416780642778884,0.0213369469656398,13.795833333333334,13.916666666666666,13.804166666666667,0.46069998,726.6625,72.08333333333333,12.858333333333334,2023-08-28,0.2342453002929687,1163.9154384725855
2023-08-29,2023-08-29,8670.916666666666,0.0075943344158108,131.68462651771347,2261.4798930856077,0.2286011034719673,2195.523040151544,0.2122968037923177,5.566684851751061e-06,727.5500000000001,0.099625,0.1013749999999999,0.1205833333333333,0.104947018715603,0.0282904758755203,0.0144832154239211,12.126086956521736,12.583333333333334,12.808333333333332,0.0,727.5500000000001,59.30416666666667,12.114583333333334,2023-08-29,0.2122968037923177,1161.5592462292873
2023-08-30,2023-08-30,8977.625,0.0074634483302394,133.99356348270126,2300.290857184278,0.2097676631484997,2235.094943214479,0.1954511006673177,5.405568190007976e-06,725.7166666666667,0.0797083333333333,0.0884375,0.1195,0.0916833203738387,0.0128499259159928,0.0065784770126044,12.26875,12.527083333333332,12.70625,0.0,725.7166666666667,51.725,13.310416666666669,2023-08-30,0.1954511006673177,1150.7825645190376
2023-08-31,2023-08-31,9274.375,0.0073429877342191,136.1906478070733,2334.301144308529,0.1946367481863821,2272.823423867625,0.1807276407877604,5.00942027344454e-06,723.2291666666666,0.068,0.0796666666666666,0.1155833333333333,0.0827447658136933,0.0024443667200852,0.0012513854463894,12.908510638297871,12.802083333333334,12.622916666666669,0.0,723.2291666666666,44.84375,14.483333333333334,2023-08-31,0.1807276407877604,1159.126499101692
2023-09-01,2023-09-01,9390.020833333334,0.0072974146908501,137.03847271552078,2356.2824666529705,0.1851950703892888,2296.4373996545514,0.1719678243001302,4.826124096834124e-06,723.7312499999999,0.057375,0.0722708333333333,0.1101458333333333,0.0744044007989852,0.0072648274557803,0.0037192043542374,13.922916666666666,13.654166666666669,13.20625,0.0,723.7312499999999,42.22291666666667,14.33125,2023-09-01,0.1719678243001302,1154.5578621547338
2023-09-02,2023-09-02,9273.270833333334,0.0073437314636509,136.18064371381598,2372.7484718680985,0.178751176553554,2293.003379160108,0.1734275817871093,6.445262664714184e-06,726.0854166666667,0.0491041666666666,0.0661458333333333,0.1050625,0.0675933052625949,0.0151937668962683,0.0077783986394484,13.79375,13.9125,13.716666666666669,0.0,726.0854166666667,59.07083333333333,12.802083333333334,2023-09-02,0.1734275817871093,1144.6542486930089
2023-09-03,2023-09-03,9224.9375,0.0073629129870389,135.82548167802398,2378.6754327277363,0.1763269053687721,2286.236503845487,0.1756782531738281,7.487718164620787e-06,725.1374999999999,0.0448125,0.0618958333333333,0.1001875,0.0631847782742558,0.0203258258030242,0.0104057391989303,13.341666666666669,13.277083333333332,12.995833333333332,0.0,725.1374999999999,73.80416666666666,11.847916666666668,2023-09-03,0.1756782531738281,1158.9051810411806
2023-09-04,2023-09-04,9846.208333333334,0.0071277468431576,140.31872541049526,2406.1055106072995,0.1658378093348513,2330.356600012908,0.1606178283691406,6.032324622053898e-06,718.9041666666667,0.041,0.058375,0.0957708333333333,0.0593372236768644,0.0248048449613512,0.0126987582221293,13.712765957446807,13.675,13.2625,0.0004,718.9041666666667,63.16041666666666,11.585416666666667,2023-09-04,0.1606178283691406,1162.0610329680194
2023-09-05,2023-09-05,9887.1875,0.0071116922286823,140.61876074472858,2428.3516473732047,0.1580484845116786,2363.8945087104344,0.150122324625651,5.055150019313486e-06,721.1958333333333,0.0348125,0.054,0.0896041666666666,0.0537814947177103,0.0312723857893343,0.0160097943279496,13.180434782608694,13.5,13.28125,0.0,721.1958333333333,60.52916666666667,10.047916666666667,2023-09-05,0.150122324625651,1162.592026893886
2023-09-06,2023-09-06,9946.958333333334,0.0070904589276976,141.0420617282277,2470.2168782815334,0.1439036481315009,2420.0721260506143,0.1339009602864583,3.8420290746041226e-06,724.3375,0.0276875,0.0494583333333333,0.0837708333333333,0.0478409502378477,0.0381878984513867,0.0195501681304993,13.315217391304348,13.527083333333332,13.147916666666667,0.0,724.3375,42.27708333333333,11.65,2023-09-06,0.1339009602864583,1169.6071228010849
2023-09-07,2023-09-07,10050.6875,0.0070536454215714,141.77643376611624,2488.4804093178805,0.1380488541401222,2440.9803662974723,0.1282437642415364,3.605100112868037e-06,724.8291666666668,0.0210833333333333,0.0450208333333333,0.0788333333333333,0.0423614738922903,0.0445666720095295,0.0228157601265299,13.593478260869563,13.729166666666666,13.272916666666667,0.0,724.8291666666668,36.75416666666667,12.2375,2023-09-07,0.1282437642415364,1170.1615720351817
2023-09-08,2023-09-08,10096.416666666666,0.0070375193518964,142.09949952200935,2530.786498173811,0.1250426030202588,2487.52055043108,0.1163736979166666,3.221849748621473e-06,726.7145833333334,0.0157083333333333,0.0409166666666666,0.074375,0.0308939015366255,0.0579163139653181,0.0296500651106042,13.42608695652174,13.616666666666667,13.21875,0.0,726.7145833333334,33.833333333333336,12.029166666666669,2023-09-08,0.1163736979166666,1171.0041783649003
2023-09-09,2023-09-09,10100.083333333334,0.007036185459131,142.1256798949395,2543.79639600582,0.1212823634560967,2501.7649444196936,0.1129900614420573,3.112764250860618e-06,727.6916666666666,0.0114791666666666,0.0373333333333333,0.0706875,0.0288243000603013,0.0603255805339699,0.0308834811507221,13.157446808510638,13.329166666666666,13.085416666666667,0.0,727.6916666666666,31.6875,11.945833333333333,2023-09-09,0.1129900614420573,1169.0380879556476
2023-09-10,2023-09-10,10149.270833333334,0.0070192851530305,142.4701810249092,2566.1424988102417,0.1151911885499726,2503.473051924417,0.1127878824869791,4.645981541604312e-06,726.1125000000001,0.0091666666666666,0.0351458333333333,0.0675208333333333,0.0273548350002013,0.0620362156893859,0.0317592351527628,13.683333333333332,13.6625,13.260416666666666,0.0,726.1125000000001,43.54583333333333,12.135416666666666,2023-09-10,0.1127878824869791,1180.492941880301
2023-09-11,2023-09-11,9788.9375,0.0071482018706589,139.91237403380333,2463.115523416113,0.1467573996365663,2381.4778064305856,0.1452878316243489,6.352092800253064e-06,724.3416666666667,0.0356875,0.0344375,0.065375,0.0419360406548081,0.045061927781225,0.0230693046785186,12.2875,12.458333333333334,12.44375,4.8199,724.3416666666667,75.63958333333333,9.379166666666666,2023-09-11,0.1452878316243489,1198.8005118120843
2023-09-12,2023-09-12,9960.375,0.0070857446570191,141.13672842715488,2476.689757276637,0.1417273046661339,2415.5400951344373,0.1350529988606771,4.692349713397868e-06,723.0354166666666,0.0388333333333333,0.0348958333333333,0.0638958333333333,0.0431112305866011,0.0436938644864916,0.0223689292059262,10.404347826086957,11.047916666666666,11.475,0.024799999,723.0354166666666,62.44166666666666,8.69375,2023-09-12,0.1350529988606771,1178.2020282499104
2023-09-13,2023-09-13,10057.229166666666,0.0070513736559225,141.8224055675885,2502.842690680989,0.1334946069320227,2438.554699155699,0.1287651062011718,4.882000434223165e-06,721.2979166666668,0.0326458333333333,0.035375,0.062625,0.0403367106025569,0.0469237415029531,0.024022454046866,10.733333333333334,11.189583333333331,11.420833333333334,0.0,721.2979166666668,58.19791666666666,8.989583333333334,2023-09-13,0.1287651062011718,1180.0953429269898
2023-09-14,2023-09-14,9991.145833333334,0.0070752583437051,141.35173833669228,2496.967497162237,0.1355373925582599,2418.067185048716,0.1345952351888021,6.049647096361632e-06,721.6374999999999,0.0329166666666666,0.0347916666666666,0.0618333333333333,0.0400729123628267,0.0472308345772101,0.0241796693291126,10.047916666666667,10.770833333333334,11.152083333333332,0.0857,721.6374999999999,80.83125,6.685416666666666,2023-09-14,0.1345952351888021,1209.4206411969308
2023-09-15,2023-09-15,9137.729166666666,0.0073977465641679,135.18325473062313,2287.923349284804,0.2157658438486469,2206.83922199558,0.2074330647786458,6.805172030051384e-06,723.1979166666666,0.1158125,0.0675208333333333,0.06175,0.0869382392806493,0.0073260773035208,0.0037505610109232,8.672916666666667,9.335416666666667,10.033333333333331,10.457399,723.1979166666666,97.09791666666666,5.472916666666666,2023-09-15,0.2074330647786458,1204.4769775513948
2023-09-16,2023-09-16,8993.791666666666,0.0074570296024463,134.11239415118078,2271.8922739001555,0.2234212691302477,2212.968724822572,0.2047665913899739,4.938840362620488e-06,725.4333333333334,0.1411458333333333,0.1237083333333333,0.0625208333333333,0.1174187348355516,0.0428090626881254,0.0219159578557942,7.273913043478261,8.05625,8.960416666666667,5.9474998,725.4333333333334,78.85833333333333,5.677083333333333,2023-09-16,0.2047665913899739,1199.7734829828335
2023-09-17,2023-09-17,9138.104166666666,0.0073974624923827,135.1868469584361,2317.40917579118,0.2018616343980164,2262.658708816314,0.1844355265299479,4.481962781630516e-06,725.75625,0.114875,0.114375,0.0670833333333333,0.1039467554118713,0.0271260483443754,0.0138870906060382,8.460869565217392,9.035416666666666,9.3875,0.0,725.75625,59.19583333333333,7.956250000000001,2023-09-17,0.1844355265299479,1186.0368258655335
2023-09-18,2023-09-18,9224.520833333334,0.0073628280233609,135.82396467626475,2358.73092727624,0.1846548792868375,2300.9955005764537,0.1707191467285156,4.644980611180267e-06,723.7333333333332,0.0958958333333333,0.10175,0.0731458333333333,0.0928014735489264,0.01415159152369,0.0072448604092337,8.35,8.84375,9.35625,0.0,723.7333333333332,61.61875,7.758333333333334,2023-09-18,0.1707191467285156,1192.3680991826418
2023-09-19,2023-09-19,9175.354166666666,0.0073826475470541,135.46078841352173,2357.4519791651987,0.1850042849140874,2289.4968324727865,0.1747385660807291,5.498596664929427e-06,721.4895833333334,0.0858541666666666,0.0941666666666666,0.0773333333333333,0.0868125297767991,0.0071797362284622,0.0036756421822415,8.674999999999999,8.918750000000001,9.208333333333334,2.9166,721.4895833333334,75.0125,6.860416666666667,2023-09-19,0.1747385660807291,1186.0328723970756
2023-09-20,2023-09-20,9276.9375,0.0073430060536821,136.20307142122186,2371.620058681493,0.17960388612772,2311.9814290455884,0.167205810546875,4.78411981863903e-06,720.4833333333332,0.0803333333333333,0.0884375,0.0799791666666666,0.083057482176902,0.0028084064098362,0.0014377543598259,7.512765957446809,8.164583333333333,8.831249999999999,0.0035,720.4833333333332,75.21875,6.03125,2023-09-20,0.167205810546875,1194.5371691136825
2023-09-21,2023-09-21,9560.958333333334,0.0072322201526543,138.27804531306435,2403.0818085557617,0.1672042271571908,2349.2375008417416,0.154577891031901,4.245826733457507e-06,719.0625,0.0693125,0.081375,0.0802916666666666,0.0759566450177822,0.0054578273422256,0.0027941166310468,9.304166666666667,9.404166666666669,9.404166666666669,0.0034,719.0625,53.69583333333333,8.625,2023-09-21,0.154577891031901,1200.1838137606455
2023-09-22,2023-09-22,9816.25,0.0071374116519264,140.1129483306443,2435.744968073673,0.1552595849514225,2396.8173246502847,0.1402002970377604,3.012258041692706e-06,719.1625,0.0498958333333333,0.073,0.079375,0.0645234618028503,0.0187674361766426,0.0096079267912281,8.669565217391305,9.041666666666666,9.308333333333334,0.0034,719.1625,42.22708333333333,7.766666666666667,2023-09-22,0.1402002970377604,1202.1513487279087
2023-09-23,2023-09-23,9862.854166666666,0.007120868706185,140.44293293144247,2449.6140950888075,0.1509951834652171,2411.888161276803,0.1363538106282552,2.900661588073106e-06,720.7291666666666,0.0426874999999999,0.0662916666666666,0.0774791666666666,0.0586836661884921,0.0255656649672511,0.0130882575042468,8.5,8.875,9.102083333333333,0.0,720.7291666666666,42.42916666666667,6.910416666666666,2023-09-23,0.1363538106282552,1198.51018628479
2023-09-24,2023-09-24,10004.916666666666,0.0070696125904127,141.45423000524917,2474.890139664038,0.1421665253525018,2441.8606350410714,0.127838134765625,2.5055517599169125e-06,722.50625,0.0366875,0.06025,0.0751875,0.0535037908703278,0.0315956666736682,0.0161752969059495,7.888888888888889,8.527083333333334,8.829166666666667,0.0,722.50625,41.24583333333333,5.535416666666666,2023-09-24,0.127838134765625,1179.1597587516183
2023-09-25,2023-09-25,9561.395833333334,0.0072330697913618,138.27468580225832,2524.496907391184,0.1272032907777363,2491.187154362861,0.115753173828125,2.476249537117054e-06,725.8916666666668,0.0300833333333333,0.0547916666666666,0.0728333333333333,0.0482524952696648,0.037708810231749,0.0193049005032383,8.371739130434783,8.641666666666667,8.829166666666667,0.0,725.8916666666668,36.90833333333333,7.158333333333334,2023-09-25,0.115753173828125,1194.2580421003975
2023-09-26,2023-09-26,9572.25,0.007227874947695,138.36018041759152,2500.6233809122045,0.1341756460072032,2461.5297469245747,0.122839609781901,2.939965010661916e-06,725.81875,0.0238333333333333,0.0499999999999999,0.0707708333333333,0.0434494187401511,0.0433001725503469,0.0221673799231593,9.730434782608697,9.764583333333333,9.485416666666667,0.0,725.81875,36.958333333333336,9.014583333333333,2023-09-26,0.122839609781901,1186.1867402909875
2023-09-27,2023-09-27,9859.520833333334,0.0071219141456826,140.4202330839718,2536.16083004562,0.1236405991631353,2491.949405788432,0.1154123942057291,3.2845485802973747e-06,723.8312500000001,0.0181666666666666,0.0458125,0.0687708333333333,0.0313265579538114,0.0574126495383434,0.0293922157753955,10.465217391304348,10.43125,10.047916666666667,0.0,723.8312500000001,39.90416666666667,9.91875,2023-09-27,0.1154123942057291,1186.314248277405
2023-09-28,2023-09-28,10205.1875,0.0070002545502229,142.86055815768978,2542.647165958421,0.1216363025243526,2502.359479022359,0.112866719563802,2.982178303081622e-06,720.9499999999999,0.0134791666666666,0.0421874999999999,0.0669375,0.0296598109722927,0.0593529447241135,0.0303855434693217,10.71063829787234,10.689583333333331,10.35625,0.0,720.9499999999999,35.768750000000004,10.185416666666669,2023-09-28,0.112866719563802,1195.3943577824484
2023-09-29,2023-09-29,10509.666666666666,0.0068980487159481,144.97647359120248,2567.7738193423997,0.1147659058098187,2528.4158301383304,0.1070111592610677,2.882454565907627e-06,719.7541666666666,0.0094166666666666,0.0391041666666666,0.0649791666666666,0.0281523374152896,0.0611078263694749,0.0312839493153417,10.764583333333334,10.747916666666669,10.460416666666667,0.0,719.7541666666666,34.6375,9.964583333333334,2023-09-29,0.1070111592610677,1193.2014874362917
2023-09-30,2023-09-30,10693.791666666666,0.0068383824728508,146.24108924913926,2574.3615859064507,0.1129514752915808,2534.5481568207047,0.1056378682454427,2.909232588388044e-06,719.4729166666666,0.0063958333333333,0.0365208333333333,0.0631875,0.026855359597526,0.0626176655014853,0.032056906458254,10.541666666666666,10.60625,10.439583333333331,0.0,719.4729166666666,34.143750000000004,10.089583333333334,2023-09-30,0.1056378682454427,1182.2172845783614
2023-10-01,2023-10-01,10762.0625,0.0068166200366454,146.7074327016136,2574.804391267818,0.1128647539853907,2511.22392454322,0.1110280354817708,4.699698189883806e-06,718.2229166666666,0.0048333333333333,0.0345,0.0615,0.0257764357701358,0.0638736634011728,0.0326999104230232,10.533333333333331,10.627083333333331,10.50625,0.5703,718.2229166666666,54.82916666666667,10.104166666666666,2023-10-01,0.1110280354817708,1191.0950136157005
2023-10-02,2023-10-02,10810.229166666666,0.0068015643298023,147.03430596264394,2571.5850822888974,0.1137564003598507,2509.223399552238,0.1114082336425781,4.605818650476918e-06,718.475,0.0059583333333333,0.0328333333333333,0.0599166666666666,0.024843487471995,0.0649597281197694,0.0332559176585666,9.31875,9.714583333333334,9.914583333333333,0.018,718.475,56.45625,8.383333333333333,2023-10-02,0.1114082336425781,1221.6142909896425
2023-10-03,2023-10-03,10102.916666666666,0.0070359343888637,142.14065323699046,2380.8890345459085,0.1760254198296189,2320.767839650044,0.1641807556152343,4.798219211028135e-06,717.2895833333333,0.030125,0.0316666666666666,0.0578124999999999,0.0368893028433641,0.0509369413183523,0.0260769984002879,4.539583333333334,6.275,7.96875,6.0365996,717.2895833333333,96.00833333333333,0.4541666666666666,2023-10-03,0.1641807556152343,1246.889246123784
2023-10-04,2023-10-04,9870.9375,0.0071174980888159,140.5034578771962,2371.410636065209,0.1791777433481884,2317.8586256974486,0.1646982828776041,4.280825511318094e-06,720.1166666666667,0.0757291666666666,0.0491875,0.0571041666666666,0.0623549151329056,0.0212918869243965,0.0109003109903372,4.666666666666667,5.285416666666666,6.233333333333333,3.4542,720.1166666666667,81.99374999999999,2.035416666666667,2023-10-04,0.1646982828776041,1204.9708736821021
2023-10-05,2023-10-05,9643.458333333334,0.0072012598570774,138.87309599055746,2414.529478602311,0.1628966414010081,2364.198393028196,0.1498807271321614,3.943517532706562e-06,724.7624999999999,0.0683958333333333,0.0661458333333333,0.0577916666666666,0.0652309755577074,0.0179438045471049,0.0091862713064269,6.425,6.708333333333333,7.008333333333333,0.0,724.7624999999999,66.15625,4.145833333333333,2023-10-05,0.1498807271321614,1203.2899480511417
2023-10-06,2023-10-06,9558.4375,0.0072331627076002,138.2598886009539,2430.0605181290607,0.1573945534667209,2380.730387848449,0.1449851989746093,3.84065470539328e-06,725.8541666666666,0.0561875,0.065625,0.0579999999999999,0.0598605476178083,0.0241956325647062,0.0123868739534321,6.358695652173913,6.960416666666667,7.40625,0.0323,725.8541666666666,63.66666666666666,5.15,2023-10-06,0.1449851989746093,1199.4720549351277
2023-10-07,2023-10-07,9668.020833333334,0.0071919301470931,139.05097558498414,2458.1800623231634,0.1475905777551478,2413.446997129221,0.135443369547526,3.433366715243627e-06,725.6291666666666,0.0469999999999999,0.0615,0.0580208333333333,0.0544968398710676,0.0304396374642356,0.0155834715810512,6.534782608695653,6.995833333333334,7.33125,0.0,725.6291666666666,53.78333333333333,6.066666666666666,2023-10-07,0.135443369547526,1201.7767233945883
2023-10-08,2023-10-08,9876.833333333334,0.0071154055713052,140.54519106277675,2462.185811713976,0.1462852465619298,2420.672999959044,0.1334749857584635,3.177132167416007e-06,724.1750000000001,0.0400833333333333,0.0572291666666666,0.0582083333333333,0.0500943239727794,0.0355646987347478,0.0182072297238349,7.123913043478261,7.464583333333334,7.583333333333333,0.0,724.1750000000001,48.41458333333333,6.54375,2023-10-08,0.1334749857584635,1192.9363326820337
2023-10-09,2023-10-09,10263.229166666666,0.0069803334595395,143.26692653841846,2499.103036551712,0.1345473151074941,2459.100883290937,0.123382568359375,3.012152490560134e-06,720.6895833333333,0.0340625,0.0528333333333333,0.0583958333333333,0.0460328544984038,0.0402927406965232,0.0206277351464738,7.502127659574469,7.797916666666667,7.858333333333333,0.0,720.6895833333333,45.98541666666667,6.402083333333334,2023-10-09,0.123382568359375,1194.8667904893832
2023-10-10,2023-10-10,10652.645833333334,0.0068513642704277,145.96099596920416,2497.7627055693715,0.1349338792178482,2458.9818382051785,0.1234245300292968,2.922623153826492e-06,716.2937499999999,0.0287291666666666,0.048375,0.0577291666666666,0.0420524588129682,0.0449264029569303,0.0229999231935911,5.333333333333333,6.30625,7.222916666666666,0.0,716.2937499999999,46.04375,4.589583333333334,2023-10-10,0.1234245300292968,1184.3733544292613
2023-10-11,2023-10-11,11093.583333333334,0.006714168985665,148.94863601658125,2491.2851576821345,0.1371719929972767,2434.7270217038345,0.1299769083658854,4.30883954653312e-06,709.65,0.0267083333333333,0.0455,0.0566458333333333,0.0399470830970758,0.047377315069614,0.0242546595320424,4.722916666666666,5.364583333333333,6.147916666666667,0.0,709.65,72.65416666666667,3.13125,2023-10-11,0.1299769083658854,1220.6168318457082
2024-05-31,2024-05-31,8053.416666666667,0.007880161667474,126.90878706737608,2046.4910144237224,0.3755065025354633,2006.6390647962864,0.3241907755533854,3.6801926743200178e-06,720.9395833333333,0.1835833333333333,0.17375,0.3493541666666666,0.2174870600604153,0.1593007028919418,0.0815534672275504,8.529166666666667,8.179166666666667,7.591666666666666,0.0,720.9395833333333,49.30833333333334,7.566666666666666,2024-05-31,0.3241907755533854,1082.5290983190666
2024-06-02,2024-06-02,8290.354166666666,0.0077665644096172,128.76308271016794,2046.0176770382104,0.375653957856201,2007.9638666593216,0.3230018615722656,3.5139427707538846e-06,717.7604166666666,0.1699583333333333,0.1629791666666666,0.3393125000000001,0.205655944777467,0.1455278529751068,0.0745025023295205,10.770212765957446,9.822916666666666,8.583333333333334,0.0,717.7604166666666,39.12291666666666,11.395833333333334,2024-06-02,0.3230018615722656,1078.5506213142214
2024-06-03,2024-06-03,8301.645833333334,0.0077615411030984,128.8493111562017,2061.1541110125254,0.3626392009567232,2016.8032637837612,0.3163948059082031,4.0705120037791024e-06,717.6437500000001,0.1574375,0.1530208333333333,0.3330833333333333,0.19543758209442,0.1336324422497772,0.0684126862073376,10.86875,10.3,9.4,0.0,717.6437500000001,43.68541666666667,11.054166666666667,2024-06-03,0.3163948059082031,1087.357632070794
2024-06-04,2024-06-04,8224.208333333334,0.0077984852841583,128.2442124122076,2050.971953234266,0.3721915367006714,1990.6290193075904,0.3389549255371094,5.632066330630824e-06,717.8000000000001,0.1665208333333333,0.1571458333333333,0.3288958333333333,0.1998189187368438,0.1387328483034823,0.0710238221935371,12.397916666666667,11.158333333333331,9.754166666666666,0.42119998,717.8000000000001,61.90208333333334,11.079166666666666,2024-06-04,0.3389549255371094,1085.4935010163517
2024-06-05,2024-06-05,7986.458333333333,0.007913314156431,126.37909832976646,2053.8840136434223,0.3693414768786355,2000.1568879481567,0.3300183614095052,4.977712159518947e-06,722.7791666666667,0.150875,0.1462083333333333,0.3223333333333333,0.1878462136984525,0.1247951707770061,0.063888474346675,12.32127659574468,11.495833333333332,10.447916666666666,0.0,722.7791666666667,55.57083333333333,11.329166666666666,2024-06-05,0.3300183614095052,1081.2466430395264
2024-06-06,2024-06-06,7962.8125,0.0079248130925077,126.1931574991135,2090.708172425849,0.3373690293679108,2038.0167603975576,0.3005854288736979,4.790357688859504e-06,724.3562499999999,0.1291666666666666,0.1327291666666666,0.3119375,0.1715307965633053,0.1058020508420828,0.0541650095028795,13.831914893617022,12.802083333333334,11.41875,0.0,724.3562499999999,46.01666666666667,14.129166666666668,2024-06-06,0.3005854288736979,1091.870843406756
2024-06-07,2024-06-07,8158.479166666667,0.0078288222550616,127.7362772731508,2107.315823350531,0.3240734989314313,2052.512593597457,0.2902768452962239,4.9461443021178095e-06,722.725,0.108125,0.1206041666666666,0.3000416666666666,0.1556323083934871,0.087294286676935,0.0446900209378795,14.510416666666666,13.627083333333331,12.379166666666668,0.0,722.725,42.24791666666667,15.047916666666666,2024-06-07,0.2902768452962239,1092.973838560845
2024-06-08,2024-06-08,8267.208333333334,0.0077776113191252,128.58220009588322,2110.650618563141,0.3217720717914349,2043.4581417114105,0.296857198079427,6.096367211203716e-06,721.6687499999999,0.0994375,0.1147291666666666,0.2890416666666666,0.1473974519921392,0.0777079172950123,0.0397823108837052,13.485106382978724,12.958333333333334,12.03125,0.0033,721.6687499999999,63.53958333333333,12.360416666666666,2024-06-08,0.296857198079427,1101.5348725688889
2024-06-09,2024-06-09,8214.1875,0.0078025762481926,128.1697389502589,2094.0812191091204,0.3347344129045587,2022.2296459125057,0.3123079935709635,6.589946203251656e-06,722.3625000000001,0.1221666666666666,0.1234374999999999,0.2832916666666666,0.1588666556895441,0.0910594583300011,0.0466175880950861,12.771739130434783,12.454166666666666,11.6875,1.903,722.3625000000001,71.68958333333333,12.025,2024-06-09,0.3123079935709635,1095.6239653598957
2024-06-10,2024-06-10,8307.583333333334,0.0077585596686497,128.89652263871696,2102.4165562974463,0.328083281462863,2036.9947012206208,0.3013458251953125,5.952472969242825e-06,722.28125,0.0993749999999999,0.1145208333333333,0.2764166666666667,0.1444573743414959,0.0742853111198774,0.0380301189883184,14.733333333333334,13.86875,12.729166666666666,0.0,722.28125,53.09166666666667,14.1125,2024-06-10,0.3013458251953125,1086.465726715458
2024-06-11,2024-06-11,8317.875,0.007754077451981,128.97455806229408,2112.79047634313,0.3208405776390418,2044.908876132808,0.296667734781901,6.157335822943706e-06,723.275,0.087,0.1051666666666666,0.2647708333333333,0.1332916070451642,0.0612870067757109,0.0313756801308529,14.425,13.604166666666666,12.63125,0.0,723.275,63.0,12.727083333333333,2024-06-11,0.296667734781901,1091.9806829924303
2024-06-12,2024-06-12,8462.395833333334,0.0076871686830912,130.09252584556404,2152.051115346487,0.2923784630024892,2094.000037737835,0.2643915812174479,5.135867213631777e-06,724.1458333333334,0.0712708333333333,0.0956041666666666,0.2515416666666666,0.1202585743158962,0.046114979502837,0.0236084110195977,14.464583333333332,13.929166666666667,13.079166666666666,0.0,724.1458333333334,45.42083333333333,14.39375,2024-06-12,0.2643915812174479,1097.4472431359625
2024-06-13,2024-06-13,8565.583333333334,0.0076405701731787,130.88415150729742,2179.773860895245,0.2745475656561574,2128.063218941354,0.2452570597330729,4.500900070943252e-06,724.9770833333333,0.0595625,0.086875,0.2370833333333333,0.1089620903396913,0.032964505124784,0.0168760692172845,14.585106382978724,13.785416666666668,12.79375,0.0,724.9770833333333,39.77291666666667,15.014583333333334,2024-06-13,0.2452570597330729,1097.0586478710702
2024-06-14,2024-06-14,8586.458333333334,0.0076316756925012,131.04126797049148,2196.540002573633,0.2643382674076798,2132.887212031185,0.2428092956542968,5.530344771096433e-06,724.7604166666666,0.0466875,0.078125,0.2223125,0.0970875968247791,0.0191411576965811,0.009799252285562,14.966666666666669,14.620833333333332,13.758333333333333,0.0,724.7604166666666,49.61666666666667,13.279166666666669,2024-06-14,0.2428092956542968,1093.7001713299924
2024-06-15,2024-06-15,8752.916666666666,0.0075586637904932,132.30591071167524,2212.8812021431872,0.2546474629450176,2145.133049119618,0.2364018758138021,5.855258044011868e-06,721.8520833333333,0.04325,0.0738333333333333,0.2113541666666666,0.0916620522407113,0.0128251672352961,0.0065658018880247,12.908888888888889,12.758333333333333,12.091666666666669,0.0072,721.8520833333333,66.33333333333333,10.86875,2024-06-15,0.2364018758138021,1102.7591947950443
2024-06-16,2024-06-16,9028.0625,0.0074427707923796,134.36823525207703,2236.04172543972,0.2417450577631782,2184.1559691416314,0.2172597249348958,4.400661826840105e-06,718.4729166666666,0.0346666666666666,0.0671041666666666,0.1979583333333333,0.0826371900967293,0.0023191355673996,0.0011872737725486,14.956521739130435,14.097916666666668,12.904166666666669,0.0,718.4729166666666,42.79791666666667,13.925,2024-06-16,0.2172597249348958,1100.7559874291505
2024-06-17,2024-06-17,9495.354166666666,0.0072576872757203,137.7994549856265,2269.2266850910314,0.2246630932268699,2227.567831153026,0.198394775390625,3.4626157710469064e-06,714.4083333333333,0.0249583333333333,0.0594375,0.1821874999999999,0.0722708928236935,0.0097484889227946,0.0049907066161695,16.166666666666668,15.56875,14.16875,0.0,714.4083333333333,30.55208333333333,14.691666666666668,2024-06-17,0.198394775390625,1105.2886471668335
2024-06-18,2024-06-18,9657.020833333334,0.0071964490226095,138.96910654599446,2304.5984369739,0.2076711023687326,2258.226838947892,0.1861139933268229,3.8030155066030887e-06,714.2312499999999,0.0182916666666666,0.0532708333333333,0.1655833333333333,0.0556940967399079,0.0290458855843766,0.0148699449223865,16.3,15.579166666666666,14.45625,0.0,714.2312499999999,36.99791666666667,12.677083333333334,2024-06-18,0.1861139933268229,1112.229819872114
2024-06-19,2024-06-19,9358.0625,0.0073102697626673,136.80253378602487,2311.336672480081,0.2052024101796348,2255.575691354485,0.1878293355305989,4.586388282985163e-06,720.0791666666668,0.0148125,0.0488125,0.1501666666666666,0.0506821801617169,0.0348803629921498,0.0178568863069922,14.985416666666666,14.84375,14.189583333333331,0.0,720.0791666666668,47.74791666666667,10.827083333333334,2024-06-19,0.1878293355305989,1096.654429243918
2024-06-20,2024-06-20,9015.625,0.0074481114083878,134.27443572251943,2280.581682009566,0.2192828721738289,2198.1468431161597,0.21136474609375,6.9518310868950135e-06,723.6333333333333,0.0169374999999999,0.0463958333333333,0.1375208333333333,0.0470001935685518,0.0391666409575543,0.0200512321148504,13.439583333333331,13.30625,12.989583333333334,1.6746,723.6333333333333,67.60416666666667,11.833333333333334,2024-06-20,0.21136474609375,1122.5638030761418
2024-06-21,2024-06-21,8435.25,0.0076998780284347,129.8817228894108,2168.821333840759,0.2821874298861859,2080.705463268128,0.273053487141927,7.839920302985268e-06,724.9145833333333,0.1165208333333333,0.0810416666666666,0.1322916666666666,0.1077950122082205,0.0316058849472649,0.0161805281172735,12.9625,12.65625,12.28125,9.8873,724.9145833333333,85.25625000000001,10.079166666666667,2024-06-21,0.273053487141927,1134.5967327992541
2024-06-22,2024-06-22,8169.416666666667,0.0078250912346899,127.81357977701376,2091.4952880185124,0.3402067527628821,2015.1034404649647,0.3205223083496094,7.015071231245163e-06,725.5291666666667,0.1604374999999999,0.1355625,0.1375833333333333,0.1466881250544759,0.0768821749012681,0.0393595748001595,13.123913043478264,12.9375,12.3875,8.715099,725.5291666666667,77.01875,10.78125,2024-06-22,0.3205223083496094,1112.0767924256481
2024-06-24,2024-06-24,8341.3125,0.007742797245807,129.1582484794797,2114.857146586822,0.3189544055795839,2045.1660044532337,0.2958017985026042,6.312749088538956e-06,725.0437499999999,0.1244583333333333,0.1248541666666666,0.1800625,0.1371086995913084,0.0657305644200594,0.0336505447494222,14.919148936170211,14.177083333333334,13.216666666666669,0.0,725.0437499999999,54.525,14.75625,2024-06-24,0.2958017985026042,1098.6854481093146
2024-06-25,2024-06-25,8524.0,0.0076594305390419,130.56466518524957,2149.716227820531,0.2947236783983689,2080.992829642483,0.2731259663899739,6.121360455713615e-06,725.3229166666666,0.0949375,0.1046666666666666,0.1791666666666666,0.1172588828554229,0.04262297563897,0.0218206912073158,16.140425531914893,15.31875,14.160416666666668,0.0,725.3229166666666,52.74583333333334,15.31875,2024-06-25,0.2731259663899739,1099.9962807104143
2024-06-26,2024-06-26,8508.583333333334,0.0076664044171348,130.4463377860393,2192.169757993591,0.2667777886862587,2112.265945530281,0.2537778218587239,7.009152619411995e-06,725.81875,0.0737916666666666,0.0895624999999999,0.1731041666666666,0.1015977475397383,0.0243915189189897,0.0124871573237146,15.15625,15.170833333333334,14.679166666666667,0.0,725.81875,58.739583333333336,14.61875,2024-06-26,0.2537778218587239,1114.5953765585673
2024-06-27,2024-06-27,8273.5,0.0077756830627253,128.62557487797707,2127.3746280794817,0.3150663457014502,2029.7745187256005,0.3168500264485677,8.903124136596148e-06,722.6854166666667,0.113,0.1043333333333333,0.1713958333333333,0.1231432026941637,0.0494730360148027,0.0253275569287191,14.514893617021276,13.995833333333332,13.29375,0.8322,722.6854166666667,85.38958333333333,12.264583333333334,2024-06-27,0.3168500264485677,1114.8435632074938
2024-06-28,2024-06-28,8494.145833333334,0.0076732213461521,130.33386398251682,2087.336165883828,0.3404529739647822,2000.68842505101,0.3293940226236979,8.026617789344e-06,720.6437500000001,0.1324375,0.1213541666666666,0.1725,0.1376187749655013,0.0663243538817476,0.0339545332976504,14.672916666666666,14.414583333333333,13.877083333333331,4.9042997,720.6437500000001,81.08749999999999,11.614583333333334,2024-06-28,0.3293940226236979,1111.1027902882502
2024-06-29,2024-06-29,8318.958333333334,0.0077534373813787,128.98371946462643,2151.575399067585,0.2936413304238677,2071.447282546837,0.2791773478190104,7.167180043988654e-06,724.74375,0.1202916666666666,0.1193124999999999,0.1712708333333333,0.1314254838281821,0.059114613524598,0.0302635306011037,15.620833333333332,15.020833333333334,14.183333333333332,2.3199,724.74375,63.87083333333334,14.116666666666667,2024-06-29,0.2791773478190104,1124.746242778203
2024-06-30,2024-06-30,8290.708333333334,0.0077665830619556,128.7648101508085,2164.0545205153294,0.2846976865403796,2077.164836753815,0.2748959859212239,7.749868422410751e-06,726.9520833333332,0.0979375,0.1046041666666666,0.1675,0.1158986754132013,0.0410395295724373,0.0210100512380674,16.052083333333332,15.427083333333334,14.577083333333334,0.0,726.9520833333332,60.50625,15.4375,2024-06-30,0.2748959859212239,1118.490836473775
2024-07-01,2024-07-01,8115.914893617021,0.0078500788370884,127.3985581041187,2068.6568304321872,0.3574285134290573,1970.1818467170024,0.3574679760222739,9.262625769401416e-06,724.5723404255319,0.149875,0.13075,0.1668333333333333,0.147074578529977,0.077332053512931,0.0395898886653626,15.25,14.914583333333333,14.316666666666668,5.8080997,724.5723404255319,88.00851063829786,12.172340425531916,2024-07-01,0.3574679760222739,1118.7856426429403
2024-07-03,2024-07-03,8334.916666666666,0.0077460080516921,129.1073898799264,2079.0038501342774,0.3478112885593438,2016.970074833893,0.3173077901204427,5.706150459830647e-06,723.5145833333332,0.1580625,0.1579791666666666,0.2530833333333333,0.1794175935935836,0.1149832369961149,0.0588652873455379,14.308695652173911,14.23125,13.85,0.9826,723.5145833333332,61.79166666666666,11.627083333333331,2024-07-03,0.3173077901204427,1124.7484572063815
2024-07-04,2024-07-04,8454.25,0.0076910614375474,130.02881998461916,2126.003330087884,0.3111471595049953,2079.5179595124896,0.273657480875651,4.140448852389084e-06,724.9187499999999,0.1275,0.1331875,0.2468333333333333,0.1563230636887869,0.0880984094315441,0.0451016889187762,14.332608695652173,14.185416666666669,13.779166666666669,0.0,724.9187499999999,42.41458333333333,12.310416666666669,2024-07-04,0.273657480875651,1116.7455488859894
2024-07-05,2024-07-05,8478.416666666666,0.0076798001588415,130.21617315325088,2151.588726722765,0.2928761558133065,2107.1392854552737,0.256970723470052,3.908869049868994e-06,726.30625,0.1001041666666666,0.1142291666666666,0.2374583333333333,0.135901899174581,0.0643257026955595,0.0329313304425904,14.008695652173913,13.99375,13.65625,0.0,726.30625,42.89791666666667,11.085416666666667,2024-07-05,0.256970723470052,1113.8523078639882
2024-07-06,2024-07-06,8759.5,0.007555635567055,132.35674938793912,2185.225076888597,0.2710769445088064,2137.6954806231392,0.2401199340820312,4.118891644004762e-06,724.5583333333334,0.0786041666666666,0.0996875,0.2249375,0.1188300327043226,0.0444519841938052,0.022757046079126,14.854347826086956,14.56875,13.879166666666668,0.0,724.5583333333334,43.04791666666667,11.84375,2024-07-06,0.2401199340820312,1115.4575835946457
2024-07-07,2024-07-07,8980.083333333334,0.0074623063827903,134.01263855420098,2221.4030739745176,0.2501156810540299,2172.1398411124405,0.2231114705403646,4.19910924341962e-06,722.9145833333333,0.0633125,0.0886666666666666,0.2105624999999999,0.1052222653696776,0.0286108962894895,0.014647253593592,16.04,15.766666666666666,14.697916666666666,0.0,722.9145833333333,41.68125,12.841666666666669,2024-07-07,0.2231114705403646,1114.2708617063065
2024-07-08,2024-07-08,8987.729166666666,0.0074592522070969,134.0689456161824,2242.704298416974,0.2384199436757026,2189.145381727201,0.2153256734212239,4.53668090901775e-06,724.06875,0.0507708333333333,0.0795,0.194625,0.0930840558351743,0.0144805515012212,0.0074132703801863,16.44222222222222,16.212500000000002,15.15,0.0,724.06875,47.88958333333333,12.135416666666666,2024-07-08,0.2153256734212239,1112.6398995919799
2024-07-09,2024-07-09,9078.8125,0.0074215314490239,134.74784370833436,2284.6096282187623,0.2170122367970708,2226.91549282098,0.1986211140950521,4.800439638840505e-06,725.3020833333334,0.0401875,0.0714791666666666,0.1778541666666666,0.0819948241405418,0.0015713438592918,0.000804444284335,16.116666666666667,16.006249999999998,15.289583333333333,1.1137999,725.3020833333334,49.09166666666667,12.152083333333332,2024-07-09,0.1986211140950521,1107.7515349301455
2024-07-10,2024-07-10,9016.9375,0.0074469374273048,134.28796965860096,2307.051223941184,0.2065065542773648,2239.8475340747923,0.1932805379231771,5.555659237511898e-06,726.9854166666668,0.0349791666666666,0.0659583333333333,0.1626458333333333,0.0744279271629999,0.0072374399210539,0.0037051833965441,15.541666666666666,14.947916666666666,14.2875,0.0073,726.9854166666668,54.583333333333336,12.779166666666669,2024-07-10,0.1932805379231771,1120.82527742035
2024-07-11,2024-07-11,9107.75,0.0074096997893084,134.96261732148722,2360.8914703763166,0.183725006762831,2293.581003858897,0.1733716328938802,5.436691433023356e-06,727.2270833333333,0.0270851063829787,0.0598541666666666,0.1459791666666666,0.065178900558501,0.0180044261479714,0.0092173063342064,16.606818181818184,16.554166666666667,15.383333333333333,0.0,727.2270833333333,47.97291666666666,14.8625,2024-07-11,0.1733716328938802,1131.4793400757374
2024-07-12,2024-07-12,9293.625,0.0073353486559765,136.33210126555795,2379.5627676414765,0.1760875356051206,2316.0233129145595,0.1654408772786458,5.086290045095619e-06,727.13125,0.0210212765957446,0.0538333333333333,0.1286666666666666,0.0565984941036174,0.0279930576085132,0.0143309531272024,17.54222222222222,17.133333333333333,15.808333333333332,0.0,727.13125,41.975,16.416666666666668,2024-07-12,0.1654408772786458,1125.7910381831307
2024-07-13,2024-07-13,9346.770833333334,0.0073145313733101,136.7209414989923,2415.783742729647,0.1624470600526139,2356.86770867434,0.1521784464518229,4.634176830754799e-06,728.3416666666667,0.016595744680851,0.0484999999999999,0.1117083333333333,0.0419192224109542,0.0450815062523095,0.0230793278119447,17.744444444444444,17.385416666666668,16.15625,0.0,728.3416666666667,35.68333333333333,16.966666666666665,2024-07-13,0.1521784464518229,1135.1727693142325
2024-07-14,2024-07-14,9329.5,0.0073211404783723,136.59554586987025,2427.762379570611,0.158232147693007,2353.913562983555,0.1530291239420572,5.810015786658713e-06,729.0437499999999,0.0132340425531914,0.044,0.09675,0.036996035580029,0.050812691496747,0.0260133891156434,17.66086956521739,17.395833333333332,16.4625,0.0,729.0437499999999,45.1,16.008333333333333,2024-07-14,0.1530291239420572,1149.5042997815744
2024-07-15,2024-07-15,9116.229166666666,0.0074067616183633,135.02232862778283,2365.9082218758085,0.1817338335247498,2268.3545133467364,0.1825879414876302,7.964692201032992e-06,727.7020833333332,0.0391063829787234,0.0422916666666666,0.0869166666666666,0.050967862583229,0.034547794082012,0.0176866287549447,15.360869565217392,15.477083333333333,15.070833333333333,4.1549997,727.7020833333332,73.55833333333334,13.641666666666666,2024-07-15,0.1825879414876302,1162.258267732928
2024-07-16,2024-07-16,9154.0,0.007391601221292,135.3009243663212,2346.347927166062,0.1896973106784097,2252.965255886738,0.1884867350260416,7.678610506938614e-06,726.3895833333332,0.0594893617021276,0.0427916666666666,0.0815,0.058665724909248,0.0255865507874324,0.0130989499307129,14.967391304347826,15.310416666666669,15.0,3.2642999,726.3895833333332,72.80833333333334,12.65,2024-07-16,0.1884867350260416,1178.6346196563218
2024-07-17,2024-07-17,9121.208333333334,0.0074046681873987,135.0596404480388,2343.14970950384,0.1909188553250745,2258.794391816946,0.1861089070638021,6.918634953608002e-06,727.5041666666666,0.072595744680851,0.0482499999999999,0.0782916666666666,0.0654545228434815,0.0176835684541712,0.0090530443005744,13.34318181818182,13.895833333333334,13.55625,1.5399,727.5041666666666,73.3,11.916666666666666,2024-07-17,0.1861089070638021,1170.5121775261623
2024-07-18,2024-07-18,9338.916666666666,0.0073175423610805,136.66387957280554,2385.6403191271843,0.1736988826432481,2302.6495062038084,0.1699473063151041,6.675484414986999e-06,727.8916666666668,0.0491063829787234,0.0511666666666666,0.0757083333333333,0.0558058181021847,0.0289158283988668,0.0148033625770256,16.128888888888888,16.258333333333333,15.197916666666666,0.007999999,727.8916666666668,57.8,14.7,2024-07-18,0.1699473063151041,1163.2873834359884
2024-07-19,2024-07-19,9251.0625,0.0073522694020617,136.01914810062763,2383.675476665379,0.1745678571783601,2285.666636411943,0.1760838826497396,7.943936841703738e-06,728.36875,0.0454468085106383,0.0489166666666666,0.073,0.052847995111053,0.0323590922977601,0.0165661301256703,16.121739130434783,16.164583333333333,15.3625,0.30269998,728.36875,74.95,13.0,2024-07-19,0.1760838826497396,1174.5768950410352
2024-07-20,2024-07-20,9410.770833333334,0.0072895378621567,137.1887087326131,2409.812120265868,0.1644839457961052,2328.310061571653,0.1611874898274739,6.487533261926543e-06,727.9104166666666,0.039875,0.0474583333333333,0.0709583333333333,0.049493792154002,0.0362637904444047,0.0185651274091404,16.62666666666667,16.177083333333332,15.216666666666669,1.3571,727.9104166666666,60.81666666666666,13.675,2024-07-20,0.1611874898274739,1157.0806477816768
2024-07-21,2024-07-21,9565.375,0.0072304018293483,138.3109355581747,2430.583836182055,0.1570605778586317,2348.8048773142427,0.1545702616373697,6.450950425319751e-06,726.94375,0.0280851063829787,0.0445833333333333,0.0694583333333333,0.0431039281836043,0.043702365367271,0.0223732812036855,17.677272727272726,17.625,16.539583333333333,0.0,726.94375,57.54166666666666,13.925,2024-07-21,0.1545702616373697,1152.7650692616962
2024-07-22,2024-07-22,9798.9375,0.0071436833406039,139.98953569599823,2460.720734166975,0.1467815940255416,2384.69043886159,0.1436843872070312,5.9086957950300645e-06,726.15,0.0241702127659574,0.0410416666666666,0.06675,0.0395896922335844,0.0477933612839221,0.0244676530134757,14.074418604651164,14.854166666666666,14.60625,0.017099999,726.15,57.88333333333333,12.475,2024-07-22,0.1436843872070312,1152.4086147130633
2024-07-23,2024-07-23,9844.270833333334,0.007127364793002,140.31200736144638,2489.8663365231164,0.1375189955697131,2423.2667680754207,0.1329663594563802,5.09740865387538e-06,726.6895833333333,0.0184680851063829,0.038875,0.0649583333333333,0.0280683626789855,0.0612055831246295,0.0313339955623641,16.009302325581395,16.118750000000002,15.14375,0.0,726.6895833333333,50.525,13.5,2024-07-23,0.1329663594563802,1153.7527609405236
2024-07-24,2024-07-24,9693.875,0.0071824573447108,139.23594519669743,2535.184818196953,0.1239249094023696,2468.304205184345,0.1212031046549479,5.020999934967291e-06,728.9125,0.0134893617021276,0.0360833333333333,0.0630833333333333,0.026680552683827,0.062821161903069,0.0321610857670468,17.206666666666667,17.01875,15.877083333333331,0.0,728.9125,42.55,15.258333333333333,2024-07-24,0.1212031046549479,1162.9408551396768
2024-07-25,2024-07-25,9644.791666666666,0.0072007195845981,138.88295532498816,2519.875148648728,0.1283606654270297,2440.2712617036764,0.1283391316731771,6.043470515937949e-06,729.5270833333334,0.0107083333333333,0.0334583333333333,0.0613749999999999,0.0253879128901096,0.0643259510501292,0.0329314575868898,17.72826086956522,17.120833333333334,16.027083333333334,0.0,729.5270833333334,50.425,15.441666666666668,2024-07-25,0.1283391316731771,1155.1215514664575
2024-07-26,2024-07-26,9633.770833333334,0.0072048577629391,138.8034627098297,2483.7879263501777,0.1393236479499452,2382.5604042421705,0.1443036397298177,7.872693657247463e-06,726.5083333333333,0.0184680851063829,0.0316666666666666,0.0599166666666666,0.024439848089701,0.06542961320667,0.0334964737725045,17.395555555555553,17.28125,16.352083333333333,1.4219999,726.5083333333333,68.96666666666667,14.0,2024-07-26,0.1443036397298177,1192.8602946861433
2024-07-27,2024-07-27,9443.9375,0.0072786716691884,137.4179426185909,2386.487521289315,0.1756074091002557,2285.6703975589844,0.1781400044759114,8.175958436515242e-06,723.2854166666666,0.0729361702127659,0.0400416666666666,0.058875,0.0583910509172773,0.0259063045534128,0.0132626468121539,15.360869565217392,15.66875,15.175,7.1106,723.2854166666666,77.10000000000001,13.125,2024-07-27,0.1781400044759114,1200.7601508258224
2024-07-28,2024-07-28,9791.354166666666,0.0071466098070953,139.93429684969715,2413.0210314428537,0.1634945483650953,2345.3573923762083,0.1559499104817708,5.356314217908152e-06,721.7375000000001,0.077531914893617,0.0609583333333333,0.059625,0.0677679888591163,0.0149904140508023,0.0076742928237347,14.86046511627907,15.41875,14.977083333333333,3.2989,721.7375000000001,48.11666666666667,14.875,2024-07-28,0.1559499104817708,1194.7905484065918
2024-07-29,2024-07-29,9903.645833333334,0.0071056385769567,140.73668710977347,2479.926367763617,0.1405560427745753,2425.781554556156,0.1320775349934896,4.132795456617437e-06,724.35,0.0531063829787234,0.0564166666666666,0.06025,0.0558592961196445,0.0288535735149688,0.0147714913954077,14.465116279069768,15.333333333333334,14.858333333333334,0.0,724.35,37.24166666666667,14.458333333333334,2024-07-29,0.1320775349934896,1186.6342209511497
2024-07-30,2024-07-30,9974.875,0.0070803850063613,141.2408062414126,2529.954364614014,0.1254530240025764,2478.706792727726,0.1186383565266927,3.829138182573411e-06,724.4125,0.0377446808510638,0.049375,0.0604166666666666,0.0468707071543512,0.0393173788133188,0.0201284018608519,15.265116279069767,15.814583333333331,15.072916666666666,0.0,724.4125,33.825,14.791666666666666,2024-07-30,0.1186383565266927,1173.18856601785
2024-07-31,2024-07-31,9923.854166666666,0.0070986682615879,140.87842649813186,2534.373542133017,0.1242784461876719,2483.9365573933724,0.1174799601236979,3.762556491121807e-06,725.0520833333334,0.0259574468085106,0.0429166666666666,0.0600833333333333,0.0395047865814572,0.0478922017377486,0.0245182540564439,15.583333333333334,16.21875,15.354166666666666,0.0,725.0520833333334,33.81666666666667,14.841666666666669,2024-07-31,0.1174799601236979,1167.3753777069408
2024-08-01,2024-08-01,9544.212765957447,0.0072384685495792,138.15750563406118,2581.2766313438337,0.1111373079831275,2531.717160489777,0.1062602591007313,3.62406634070899e-06,728.531914893617,0.0171063829787234,0.0375,0.0591666666666666,0.0262892615547316,0.0632766721289382,0.0323942827184904,16.128571428571426,16.591666666666665,15.625,0.0,728.531914893617,30.689361702127663,15.91063829787234,2024-08-01,0.1062602591007313,1176.7465101828486
2024-08-02,2024-08-02,9340.875,0.0073171115899114,136.67610342869835,2584.5168735107645,0.1102545012757047,2515.085455593103,0.110083262125651,5.123593272389272e-06,730.4666666666667,0.0117021276595744,0.033625,0.0582916666666666,0.0247516881569809,0.065066593631424,0.0333106271033101,17.623255813953488,17.625,16.308333333333334,0.0,730.4666666666667,39.38333333333333,17.974999999999998,2024-08-02,0.110083262125651,1176.8047156438918
2024-08-03,2024-08-03,9601.729166666666,0.0072169548173537,138.571876808372,2609.3510623147918,0.1038609168326765,2538.1529040329765,0.1049461364746093,5.202397870982904e-06,728.9416666666666,0.008595744680851,0.030625,0.057,0.0234230757145956,0.0666132592947183,0.0341024374669406,18.226086956521737,17.833333333333332,16.704166666666666,0.0,728.9416666666666,38.34166666666667,17.974999999999998,2024-08-03,0.1049461364746093,1180.1558779915467
2024-08-04,2024-08-04,9842.395833333334,0.0071278861161203,140.2996818507905,2606.570519190626,0.1045383906902138,2519.9899294458096,0.1089096069335937,6.367422709149305e-06,727.0375,0.00655,0.02805,0.0556,0.0222171235017508,0.0680171336072546,0.034821146271488,17.69,17.185,16.6175,0.0,727.0375,42.18333333333333,18.58333333333333,2024-08-04,0.1089096069335937,1184.6984584497595
2024-08-05,2024-08-05,9307.041666666666,0.0073324340707546,136.41586943589837,2518.5428984792447,0.1295743224504595,2402.1769179913986,0.1397069295247396,8.98761095773142e-06,728.0208333333334,0.026695652173913,0.02725,0.054375,0.0331165311857938,0.0553289040849645,0.0283254491920869,14.668181818181818,15.364583333333334,15.441666666666668,4.0436997,728.0208333333334,83.49166666666666,12.941666666666668,2024-08-05,0.1397069295247396,1228.081412633159
2024-08-06,2024-08-06,8785.0,0.007544964337844,132.547474594381,2373.902277103676,0.1785462332954827,2271.9422190307546,0.1812464396158854,8.312987781100976e-06,728.9645833333334,0.0976595744680851,0.0474583333333333,0.0542083333333333,0.0705126520976879,0.0117952938991474,0.0060385616446147,13.474418604651165,14.116666666666667,13.96875,6.1782,728.9645833333334,77.10833333333333,13.491666666666667,2024-08-06,0.1812464396158854,1209.1447239114518
2024-08-07,2024-08-07,9091.083333333334,0.0074174447330461,134.83324377629785,2415.1313165391093,0.1631015045336197,2316.407069394391,0.1655820210774739,7.89233725386699e-06,727.5395833333333,0.0746808510638297,0.0602083333333333,0.0553333333333333,0.0653196440953404,0.0178405836391889,0.0091334277044961,15.0,15.33125,14.852083333333333,0.8746,727.5395833333333,65.2,15.033333333333331,2024-08-07,0.1655820210774739,1220.4605507059844
2024-08-08,2024-08-08,8998.020833333334,0.0074559112195062,134.14009745950588,2362.731093623172,0.1838306971226637,2268.343157674503,0.1834513346354166,7.716697056697323e-06,725.94375,0.104595744680851,0.0700833333333333,0.056625,0.0818597006620958,0.0014140437785836,0.0007239150290081,13.877272727272729,14.5125,14.272916666666667,5.5271,725.94375,78.10000000000001,12.508333333333333,2024-08-08,0.1834513346354166,1222.9550467328415
2024-08-09,2024-08-09,9152.083333333334,0.0073918741383274,135.2898236550013,2411.038123132145,0.1644028636401065,2317.7318713776267,0.1649805704752604,7.456005404917953e-06,726.1062499999999,0.0822978723404255,0.0729583333333333,0.058,0.0735985054177406,0.0082029872039614,0.0041994921300509,15.071739130434782,15.325,14.910416666666668,0.0,726.1062499999999,67.40833333333333,13.0,2024-08-09,0.1649805704752604,1225.0301460421256
2024-08-10,2024-08-10,9061.270833333334,0.0074292147588243,134.61456964314507,2409.405866745596,0.1651333006362807,2310.751385451053,0.1674359639485677,7.905532426327244e-06,726.8895833333332,0.0899583333333333,0.0740833333333333,0.0577916666666666,0.0772270201150759,0.0039789569961368,0.0020370138555157,13.571739130434782,13.870833333333332,13.8625,2.9341998,726.8895833333332,80.91666666666667,11.683333333333332,2024-08-10,0.1674359639485677,1218.3959664123836
2024-08-11,2024-08-11,8068.75,0.0078812446822638,126.98185428638892,2181.1637398853427,0.2824512586298749,2090.897800356257,0.2756856282552083,8.01917939255987e-06,727.0333333333333,0.128695652173913,0.09575,0.0645,0.1028503424482652,0.025849690973707,0.0132336636775327,13.782608695652174,14.11875,13.8625,16.9356,727.0333333333333,83.27499999999999,11.058333333333332,2024-08-11,0.2756856282552083,1154.737489333619
2024-08-12,2024-08-12,8124.645833333333,0.0078455375307369,127.46880001272284,2177.9526851010064,0.2757917369979549,2089.761185280217,0.2670860290527344,7.816076338657537e-06,726.24375,0.121695652173913,0.1092916666666666,0.0879166666666666,0.109802385154007,0.0339427099758639,0.0173768579508941,14.31086956521739,14.589583333333332,14.291666666666666,5.1120996,726.24375,73.04166666666667,12.816666666666668,2024-08-12,0.2670860290527344,1150.9272376781714
2024-08-13,2024-08-13,8303.3125,0.0077604691063684,128.86385805238243,2272.924337512361,0.2307566456063146,2176.5075758826947,0.2280591328938802,8.188612704620935e-06,724.9020833333334,0.1064347826086956,0.101625,0.103125,0.1040258616230269,0.0272181375470988,0.0139342353683649,13.904347826086957,14.10625,13.952083333333334,0.0077,724.9020833333334,80.39999999999999,11.533333333333331,2024-08-13,0.2280591328938802,1169.163520698244
2024-08-16,2024-08-16,8511.333333333334,0.0076650329023714,130.46815635248262,2320.2613155167305,0.215456877549794,2245.808759305691,0.2038358052571614,6.125581286478085e-06,725.9354166666667,0.1239166666666666,0.1194583333333333,0.1304166666666666,0.1238369774677545,0.0502806738075409,0.0257410244217438,13.032608695652174,12.958333333333334,12.625,0.0,725.9354166666667,57.59166666666667,13.65,2024-08-16,0.2038358052571614,1181.5135799386806
2024-08-17,2024-08-17,8582.0,0.0076334387005256,131.00848332915268,2268.085245481122,0.2254195083757792,2196.4185037125912,0.2118771870930989,6.041187698587429e-06,727.2708333333334,0.0999574468085106,0.1031666666666666,0.1313333333333333,0.1081287355103346,0.03199437925603,0.0163794164919184,13.284782608695652,13.570833333333333,13.247916666666669,0.0,727.2708333333334,52.79166666666666,13.95,2024-08-17,0.2118771870930989,1173.8237965079861
2024-08-18,2024-08-18,8432.270833333334,0.0077008039321541,129.86122662829598,2282.7309529978425,0.2178927815676019,2194.172831360108,0.2126693725585937,7.474924244254624e-06,728.3291666666668,0.0877916666666666,0.0944166666666666,0.1294583333333333,0.0994606198659185,0.0219036436848554,0.0112134978376618,14.217391304347826,14.245833333333332,13.722916666666668,0.79499996,728.3291666666668,67.63333333333334,13.441666666666668,2024-08-18,0.2126693725585937,1184.679410044123
2024-08-19,2024-08-19,8580.458333333334,0.0076347219373864,130.99329545008365,2313.7807362898484,0.2038624595617948,2216.994776914426,0.2032089233398437,8.090247135077758e-06,728.5604166666667,0.0828333333333333,0.0889166666666666,0.1273333333333333,0.0949525088868777,0.0166556569618918,0.0085268084166355,14.589583333333332,14.354166666666666,13.889583333333334,0.0011,728.5604166666667,73.80833333333334,13.358333333333334,2024-08-19,0.2032089233398437,1189.6064905703445
2024-08-20,2024-08-20,8812.833333333334,0.0075327776366915,132.75883523120962,2337.365394510406,0.1933021973349924,2253.2709884383253,0.1881357828776041,6.911740984595628e-06,728.9708333333333,0.0688260869565217,0.0806382978723404,0.121531914893617,0.0847739974014213,0.0048066378531,0.002460742328886,13.293333333333337,13.889361702127658,13.91063829787234,0.0,728.9708333333333,62.06666666666666,13.808333333333332,2024-08-20,0.1881357828776041,1185.833359603456
2024-08-21,2024-08-21,8831.541666666666,0.0075273333809815,132.88486046802373,2321.2918629701367,0.2022478099732823,2228.3420212563838,0.2009010314941406,7.763364294893015e-06,728.1479166666667,0.0847083333333333,0.0806666666666666,0.116,0.0903520316472981,0.0113001447340745,0.0057850716695333,14.05,13.875,13.583333333333334,0.6357,728.1479166666667,70.5,12.933333333333332,2024-08-21,0.2009010314941406,1217.8008185412295
2024-08-22,2024-08-22,8541.791666666666,0.0076539095757769,130.6867835799346,2225.942574421662,0.2504071310963385,2125.4044558792825,0.2500152587890625,8.771500811138263e-06,726.6895833333333,0.1327391304347826,0.1114583333333333,0.1150833333333333,0.121403130610729,0.0474473815370577,0.0242905298279839,13.43695652173913,13.708333333333334,13.625,9.514299,726.6895833333333,92.04166666666669,10.35,2024-08-22,0.2500152587890625,1185.2818748897525
2024-08-23,2024-08-23,8090.125,0.0078621456853148,127.19832275855993,2110.9978667885234,0.3219075170061747,2015.3814383746555,0.317212422688802,8.783201779702968e-06,725.2020833333332,0.1604782608695652,0.1431666666666666,0.135625,0.1488957621016906,0.0794521315786369,0.0406752556092152,12.641304347826088,13.004166666666668,13.10625,10.0687,725.2020833333332,92.95833333333331,10.275,2024-08-23,0.317212422688802,1176.3583364808142
2024-08-24,2024-08-24,8161.125,0.0078278360893478,127.75544490929258,2125.867639156228,0.3108964653663229,2033.9064377459931,0.3037605285644531,8.374305870750077e-06,725.8249999999999,0.161,0.1475416666666666,0.15975,0.1560624256673293,0.0877949952337863,0.0449463570251686,13.2875,13.289583333333333,13.141666666666666,1.1194,725.8249999999999,87.75,10.566666666666666,2024-08-24,0.3037605285644531,1167.2944090203891
2024-08-25,2024-08-25,8145.291666666667,0.0078357999951587,127.62951953572728,2141.6338504404525,0.2998370644970846,2055.862921938952,0.2885042826334635,7.724596011175639e-06,726.9166666666666,0.1548695652173913,0.1466666666666666,0.1765,0.156899366597573,0.0887692957579402,0.04544514695154,12.622222222222222,13.064583333333331,13.05,1.5078,726.9166666666666,83.50833333333334,9.933333333333334,2024-08-25,0.2885042826334635,1172.7732626136537
2024-08-26,2024-08-26,8081.6875,0.0078664478951439,127.1308829203806,2136.9634147621405,0.3031330534986609,2057.6328451094,0.2877388000488281,7.1468216260962266e-06,728.275,0.1616666666666666,0.1519583333333333,0.1885833333333333,0.1643652607338321,0.0974605000083016,0.0498945801814774,12.3125,12.4375,12.460416666666667,1.5924,728.275,79.10000000000001,10.158333333333331,2024-08-26,0.2877388000488281,1174.0827745923884
2024-08-27,2024-08-27,8209.208333333334,0.0078047284018593,128.13206598470708,2174.54397697118,0.2778056821293187,2104.247301716384,0.2584775288899739,6.187762221805461e-06,728.4729166666666,0.1408695652173913,0.1374166666666666,0.1916666666666666,0.1511065562060562,0.0820257634525766,0.0419928179229829,11.927272727272726,12.425,12.364583333333334,0.0,728.4729166666666,67.28333333333333,11.241666666666667,2024-08-27,0.2584775288899739,1170.5053641177994
2024-08-28,2024-08-28,8587.333333333334,0.0076322569091855,131.0423368909983,2198.9776402587554,0.2639451616131449,2134.540837257752,0.2428525288899739,5.592680627298993e-06,726.2479166666667,0.1197916666666666,0.1203333333333333,0.1889999999999999,0.1355540320286729,0.0639207432410188,0.0327240127910998,12.4,12.625,12.59375,0.0,726.2479166666667,57.925,11.775,2024-08-28,0.2428525288899739,1175.907147820748
2024-08-29,2024-08-29,8837.25,0.0075224650594806,132.9420378680022,2277.641603205786,0.2206498349081335,2216.945890512419,0.2031809488932291,5.078758979737855e-06,724.9916666666667,0.1017916666666666,0.10775,0.1829166666666666,0.122109853444651,0.0482700924389147,0.0247117139492985,12.343478260869563,12.589583333333332,12.533333333333331,0.0,724.9916666666667,53.28333333333333,11.925,2024-08-29,0.2031809488932291,1200.9951262621846
2024-08-30,2024-08-30,8818.416666666666,0.0075307052205097,132.79906324540528,2302.7104443619382,0.2092867815682535,2247.3475495002967,0.1910222371419271,4.563795869725132e-06,727.9499999999999,0.0844680851063829,0.0957083333333333,0.1755833333333333,0.1088619422802043,0.0328479206642501,0.0168163841888522,11.076744186046511,12.104166666666666,12.252083333333331,0.0,727.9499999999999,51.95,10.908333333333331,2024-08-30,0.1910222371419271,1186.2669191563625
2024-08-31,2024-08-31,8840.4375,0.0075209486300054,132.96694783824373,2321.3909173462484,0.2001720253791146,2267.966894742181,0.1824480692545572,4.361733711712238e-06,728.4708333333333,0.0702127659574468,0.0860833333333333,0.166625,0.0974006632982836,0.0195056049570844,0.0099858298534952,11.486046511627906,12.316666666666668,12.254166666666668,0.0,728.4708333333333,45.9,11.9,2024-08-31,0.1824480692545572,1182.497164310654
2024-09-01,2024-09-01,9026.446808510638,0.0074443816035001,134.35054662813857,2358.204935532992,0.1853429573449074,2305.259873771859,0.1697796760721409,4.259273230280269e-06,728.4000000000001,0.0600851063829787,0.07775,0.1576666666666666,0.0881569491907028,0.0087448031194646,0.0044768729934506,12.88139534883721,13.325,12.835416666666667,0.0,728.4000000000001,40.306382978723406,13.28936170212766,2024-09-01,0.1697796760721409,1195.4808162355932
2024-09-02,2024-09-02,9206.229166666666,0.0073701555234083,135.68911784282656,2392.240976512732,0.1712140667546175,2331.4497090392365,0.1602630615234375,4.829359540738441e-06,728.1041666666666,0.051063829787234,0.0700416666666666,0.1477083333333333,0.0793790407042277,0.0014737446063087,0.0007544786700276,12.755813953488373,13.433333333333332,13.085416666666667,0.0,728.1041666666666,50.38333333333333,11.516666666666666,2024-09-02,0.1602630615234375,1185.8823330480498
2024-09-03,2024-09-03,9262.604166666666,0.0073477641707196,136.1034948696496,2413.184974053774,0.1635699097391796,2348.64259212331,0.1548169453938802,5.088055786890812e-06,727.1770833333334,0.044127659574468,0.063875,0.136875,0.0718320652252363,0.0102593373515667,0.0052522337773043,12.43409090909091,13.010416666666666,12.852083333333333,0.0,727.1770833333334,53.64166666666667,11.625,2024-09-03,0.1548169453938802,1194.9142586748987
2024-09-04,2024-09-04,9331.291666666666,0.0073204201140815,136.6087697044814,2447.0012633764786,0.1516679113509467,2378.2074786936705,0.1457316080729166,5.354200243889826e-06,727.4541666666668,0.038,0.05845,0.125,0.0646541015308714,0.0186153557240243,0.0095300697072141,12.026315789473683,12.44,12.4875,0.0,727.4541666666668,53.95,11.533333333333331,2024-09-04,0.1457316080729166,1204.5254011968577
2024-09-05,2024-09-05,8730.604166666666,0.0075704829438353,132.1243409452734,2409.591296088039,0.1661668549594061,2328.4330541382674,0.1627286275227864,6.468922994291582e-06,729.2666666666668,0.0583404255319148,0.056,0.11525,0.0703378851846291,0.0119987437351452,0.00614271711431,11.134782608695652,11.86875,12.133333333333333,4.3714,729.2666666666668,78.79166666666667,8.641666666666667,2024-09-05,0.1627286275227864,1215.557386693984
2024-09-06,2024-09-06,8618.020833333334,0.0076175868814877,131.28244617859454,2405.8794054237146,0.1662425978595772,2335.7581740291016,0.1589813232421875,5.561837884254652e-06,730.1750000000001,0.0633191489361702,0.0574583333333333,0.109,0.0715716724406078,0.0105624660639785,0.0054074195176345,10.152272727272727,10.935416666666669,11.125,0.0,730.1750000000001,66.85833333333333,9.816666666666666,2024-09-06,0.1589813232421875,1207.5482478216393
2024-09-07,2024-09-07,8867.291666666666,0.0075099373667928,133.16645732264962,2451.6552423684147,0.1500877272665572,2382.82534660983,0.1444282531738281,5.3503913728823806e-06,727.9625,0.0511063829787234,0.0561666666666666,0.1013333333333333,0.064160426505204,0.0191900531953613,0.0098242841742163,11.513953488372094,12.179166666666667,11.827083333333334,0.0,727.9625,57.60833333333333,11.5,2024-09-07,0.1444282531738281,1218.4560710943288
2024-09-08,2024-09-08,9120.770833333334,0.0074045455231481,135.05822253959113,2481.2417039497423,0.1404141389468423,2416.5793306971123,0.1348342895507812,4.95542531280523e-06,725.99375,0.0420425531914893,0.0524166666666666,0.0925416666666666,0.0569963063912244,0.0275299559649869,0.0140938697746326,11.866666666666667,12.372916666666669,12.216666666666669,0.0,725.99375,54.26666666666667,11.15,2024-09-08,0.1348342895507812,1211.614520804791
2024-09-09,2024-09-09,9185.979166666666,0.0073782297504073,135.5400840129333,2546.593638580648,0.1207062741166733,2480.4136363308694,0.1182365417480468,4.940808581949854e-06,726.0416666666666,0.0362553191489361,0.0489583333333333,0.0846666666666666,0.0515449770841048,0.0338759629642097,0.0173426870393498,11.545454545454543,12.05625,11.808333333333332,0.0,726.0416666666666,54.94166666666666,10.891666666666666,2024-09-09,0.1182365417480468,1234.7726512085485
2024-09-10,2024-09-10,9026.729166666666,0.0074431590578257,134.35930027406798,2492.7723380709044,0.136775450331407,2409.8542495739107,0.1366984049479166,6.374139956225064e-06,725.2041666666668,0.0382553191489361,0.0455416666666666,0.0777083333333333,0.0496549125957479,0.0360762267524256,0.0184691047982591,10.725,11.71875,11.929166666666667,0.0,725.2041666666668,79.40833333333333,8.566666666666666,2024-09-10,0.1366984049479166,1236.9971772986535
2024-09-11,2024-09-11,9182.270833333334,0.0073806400025718,135.50706575378396,2424.4244860151025,0.1595421085559801,2349.0577436620247,0.1546567281087239,5.938451609084496e-06,721.6333333333333,0.0674166666666666,0.0459583333333333,0.0738333333333333,0.0614366213237714,0.0223608920443949,0.0114475846208811,9.870833333333334,10.347916666666666,10.758333333333333,4.0786,721.6333333333333,69.10833333333333,9.241666666666667,2024-09-11,0.1546567281087239,1234.1800288121742
2024-09-12,2024-09-12,9772.395833333334,0.007154298384874,139.7938111186293,2437.426338490799,0.1559332269277372,2377.9128765510104,0.1468048095703125,4.6427414383517095e-06,716.3416666666667,0.0627659574468085,0.048375,0.0704583333333333,0.0595181503437639,0.0245942244264679,0.0125909317368895,9.215909090909092,10.027083333333334,10.229166666666666,0.6502,716.3416666666667,55.708333333333336,10.275,2024-09-12,0.1468048095703125,1224.2776287826953
2024-09-13,2024-09-13,9818.729166666666,0.0071369060918787,140.12804625838058,2529.611245159032,0.1256341939642348,2480.441261909606,0.1183128356933593,3.673274727312285e-06,718.7208333333333,0.049063829787234,0.0474583333333333,0.0674166666666666,0.0526385723085588,0.0326028857828994,0.0166909393929219,10.25813953488372,11.09375,10.947916666666666,0.0,718.7208333333333,41.46666666666667,10.716666666666669,2024-09-13,0.1183128356933593,1235.9277464692632
2024-09-14,2024-09-14,9592.479166666666,0.0072201459849612,138.50697261844493,2528.620429614584,0.1257389072490199,2481.9603614211587,0.117773691813151,3.482163045270228e-06,722.80625,0.0385833333333333,0.0449583333333333,0.064625,0.0466494705784198,0.039574924960368,0.0202602517578182,10.328888888888889,10.902083333333332,10.852083333333333,0.0,722.80625,43.05833333333334,9.55,2024-09-14,0.117773691813151,1225.0975873460304
2024-09-15,2024-09-15,9642.0625,0.0072018365395761,138.86270567751157,2548.271213742036,0.1201020098298396,2491.628651939194,0.1155446370442708,4.221814161649997e-06,722.9291666666667,0.0312916666666666,0.0418333333333333,0.0623333333333333,0.0419245961104928,0.0450752506157551,0.0230761252595299,10.210416666666667,10.775,10.99375,0.0,722.9291666666667,50.75,8.441666666666666,2024-09-15,0.1155446370442708,1235.879773387617
2024-09-16,2024-09-16,9320.041666666666,0.0073250405402141,136.52513604537526,2467.5179748144005,0.1446612636130116,2386.821675189144,0.1431096394856771,6.261547592919608e-06,721.38125,0.0579999999999999,0.040625,0.0603333333333333,0.0525137603978535,0.0327481819509162,0.0167653232849043,8.997916666666667,9.364583333333334,9.770833333333334,0.8786,721.38125,82.575,7.458333333333333,2024-09-16,0.1431096394856771,1229.3753986482848
2024-09-17,2024-09-17,9355.479166666666,0.0073109481092667,136.7857206318994,2462.1093330803265,0.1463663020557116,2385.673624459552,0.1433906555175781,5.934458493520641e-06,718.5500000000001,0.0559574468085106,0.0422083333333333,0.059625,0.0520259381147325,0.033316066121667,0.0170560497052377,9.728260869565217,10.172916666666667,10.252083333333331,0.0045,718.5500000000001,70.90833333333333,8.691666666666666,2024-09-17,0.1433906555175781,1229.820882303713
2024-09-18,2024-09-18,9403.08510638298,0.0072515677919124,137.9245771122796,2486.7787184963336,0.1397052015848884,2438.532627204987,0.1298124893851902,3.667888983480708e-06,717.78125,0.0566666666666666,0.0418333333333333,0.05825,0.0518910008437928,0.0334731494343043,0.0171364679868686,7.621739130434783,8.55625,9.204166666666667,0.6275,717.78125,53.76666666666667,6.675,2024-09-18,0.1298124893851902,1232.097563497821
2024-09-19,2024-09-19,9521.208333333334,0.0072470274320799,137.9920473697958,2523.3908800462555,0.1272611018120698,2475.226837498292,0.1193834940592448,3.603011748782564e-06,720.7291666666666,0.0457916666666666,0.0414583333333333,0.0572916666666666,0.0468804475206901,0.0393060398481821,0.0201225969152058,8.208695652173914,8.9,9.091666666666669,0.0,720.7291666666666,49.84166666666667,7.616666666666667,2024-09-19,0.1193834940592448,1228.0234365154429
2024-09-20,2024-09-20,9607.729166666666,0.0072146928880661,138.61521329448394,2540.532006256596,0.1223097846478634,2489.447750689242,0.1160176595052083,3.805112689712832e-06,720.6,0.0362916666666666,0.0406666666666666,0.0569583333333333,0.0424562359854825,0.0444563574655387,0.0227592849611053,10.938297872340426,10.754166666666668,10.210416666666667,0.0,720.6,43.78333333333333,10.5,2024-09-20,0.1160176595052083,1227.0605992083847
2024-09-21,2024-09-21,9774.395833333334,0.0071527541700287,139.81342592860042,2567.7763131661573,0.1147927152936914,2517.747855288956,0.1094284057617187,3.681321248601168e-06,719.75625,0.0284166666666666,0.0379583333333333,0.0565,0.0380378625694767,0.0495998788056516,0.0253924936753797,9.15531914893617,10.010416666666666,10.295833333333333,0.0,719.75625,46.04166666666666,8.133333333333333,2024-09-21,0.1094284057617187,1239.969956988673
2024-09-22,2024-09-22,8975.6875,0.0074643196922167,133.97870170584133,2396.2075742479105,0.1700111898078914,2327.786082418251,0.1616439819335937,5.440244403615281e-06,721.3354166666667,0.09025,0.0450833333333333,0.056625,0.0670562651129763,0.0158189466196601,0.0080984573281885,7.55,8.18125,8.829166666666667,10.8639,721.3354166666667,85.89166666666667,4.266666666666667,2024-09-22,0.1616439819335937,1230.2020864567426
2024-09-23,2024-09-23,9074.4375,0.0074237739831886,134.71262090249937,2422.865104546054,0.160104896662449,2361.311804093891,0.1509564717610677,4.830708187260736e-06,722.44375,0.0860416666666666,0.0605833333333333,0.056875,0.0706698780224656,0.0116122638962093,0.005944860040822,7.23695652173913,7.808333333333334,8.254166666666666,0.0014,722.44375,75.98333333333333,5.525,2024-09-23,0.1509564717610677,1232.7827306724737
2024-09-24,2024-09-24,9293.354166666666,0.007335311421441,136.33100864742585,2442.0396765746914,0.1531091262867678,2382.3069191709224,0.1443608601888021,4.643344290702844e-06,723.225,0.0694166666666666,0.0606666666666666,0.057125,0.0636231981494862,0.0198154520134282,0.0101444550277496,8.656521739130435,8.918750000000001,8.90625,0.0,723.225,62.25833333333333,7.925,2024-09-24,0.1443608601888021,1218.764879502276
2024-09-25,2024-09-25,9361.270833333334,0.0073087576390114,136.82760949376896,2485.686253150193,0.1388863279959654,2422.4548629290616,0.1331456502278646,4.834692677733767e-06,724.8166666666666,0.0554583333333333,0.056125,0.0572916666666666,0.0561015661668923,0.0285715418619683,0.0146271062247678,9.72,9.879166666666666,9.54375,0.0,724.8166666666666,56.75833333333333,10.75,2024-09-25,0.1331456502278646,1221.987039114586
2024-09-26,2024-09-26,9408.5,0.0072905179831436,137.17154035275425,2518.4725073274208,0.1288647077455252,2455.67737755302,0.1244379679361979,4.737651401406844e-06,724.4229166666668,0.0440833333333333,0.0503333333333333,0.0577083333333333,0.0493119197773631,0.0364755118998686,0.0186735175070249,10.929787234042552,10.964583333333332,10.483333333333333,0.0,724.4229166666668,50.825,11.558333333333332,2024-09-26,0.1244379679361979,1229.8026977037778
2024-09-27,2024-09-27,9476.104166666666,0.0072642123453121,137.66507677719594,2529.626358324933,0.1255539785609407,2470.8955352832504,0.1205558776855468,4.401586105262034e-06,725.8541666666666,0.0357916666666666,0.045,0.056875,0.0437222248649126,0.0429825932078357,0.0220047962306114,10.645652173913044,10.775,10.516666666666667,0.0,725.8541666666666,47.18333333333334,11.291666666666666,2024-09-27,0.1205558776855468,1210.615319307253
2024-09-28,2024-09-28,9448.104166666666,0.007275118904899,137.46058602730534,2553.0869550362963,0.1188790149487194,2492.4179050815424,0.1153958638509114,4.511190304143297e-06,727.1833333333334,0.0293333333333333,0.04125,0.0565416666666666,0.0395793096721104,0.0478054478419105,0.0244738406868061,11.088888888888889,10.991666666666667,10.529166666666669,0.0,727.1833333333334,47.86666666666667,11.958333333333334,2024-09-28,0.1153958638509114,1226.0789434059307
2024-09-29,2024-09-29,9599.416666666666,0.0072176222350462,138.5564912588674,2567.3064671274446,0.1149126240543731,2506.481242838277,0.112060546875,4.4983475546179945e-06,726.6020833333333,0.0240833333333333,0.0387916666666666,0.0563333333333333,0.0364297608855678,0.0514719037681173,0.0263508706546022,11.846808510638295,11.68125,11.1125,0.0,726.6020833333333,46.41666666666666,12.575,2024-09-29,0.112060546875,1209.4852006831193
2024-09-30,2024-09-30,9641.0,0.0072015165109916,138.85964136494087,2558.858518989045,0.1169399350522879,2505.2763363052886,0.112030029296875,3.960691393250295e-06,724.5,0.02,0.038,0.056,0.0343291844701884,0.0539172289142225,0.0276027467640182,18.9,17.3,13.5,0.0,724.5,23.2,19.8,2024-09-30,0.112030029296875,1219.7924930706179
2023-06-27,,,,,,,,,,,,,,,,,,,,,,,,,,1122.2477356321447
2023-06-28,,,,,,,,,,,,,,,,,,,,,,,,,,1113.4800770970799
2023-06-29,,,,,,,,,,,,,,,,,,,,,,,,,,1103.3476574725694
2023-06-30,,,,,,,,,,,,,,,,,,,,,,,,,,1123.7752935281555
2024-05-27,,,,,,,,,,,,,,,,,,,,,,,,,,1059.6757480227154
2024-05-28,,,,,,,,,,,,,,,,,,,,,,,,,,1064.8103552680848
2024-05-29,,,,,,,,,,,,,,,,,,,,,,,,,,1069.8185293142174
2024-05-30,,,,,,,,,,,,,,,,,,,,,,,,,,1082.1073010945543
2024-06-01,,,,,,,,,,,,,,,,,,,,,,,,,,1075.9988866886729
2024-06-23,,,,,,,,,,,,,,,,,,,,,,,,,,1089.561653745673
2024-07-02,,,,,,,,,,,,,,,,,,,,,,,,,,1102.037551914034
