date,Date (aggregated based on UTC),Raw_Moderated_cph,Raw_Mod_Coeff_of_Var,Raw_Mod_sqrt,Corrected_Mod_cph_for_Des,SWC_Des_cm3_cm3,Corrected_Mod_cph_for_UTS,SWC_UTS_cm3_cm3,SWC_5,SWC_10,WeightedTDR_SWC,WeightedTDR_SD,WeightedTDR_SE,sT_5,sT_10,PRISM_ppt_mm,BaroPress,airRH,airT,date,CRNS,Bare
2023-07-01,2023-07-01,4792.520833333333,0.0102050838693944,98.0051582635482,2032.456464538013,0.1530168605748637,1963.545168947108,0.1329757690429687,0.0668958333333333,0.0472291666666666,0.0581096476898827,0.0,0.0,12.535416666666668,12.166666666666666,0.0,793.75,73.09375,12.125,2023-07-01,0.1329757690429687,1002.4202481571858
2023-07-02,2023-07-02,4870.354166666667,0.010118640138072,98.83467477209872,2051.388890532668,0.1447907854742781,1975.6974615904903,0.1284271240234375,0.0660833333333333,0.0472916666666666,0.0576880584918159,0.0005173225349984,0.0002998085277149,13.2875,12.714583333333332,0.0063,793.1020833333333,68.33749999999999,13.660416666666668,2023-07-02,0.1284271240234375,1013.2606856475203
2023-07-03,2023-07-03,4915.979166666667,0.0101046336323875,98.96993363932836,2055.938255085551,0.1429907205554435,1985.3925365154369,0.1252370981069711,0.0654583333333333,0.0472291666666666,0.0573143582930586,0.0009758815660101,0.0005655613195557,13.620833333333332,12.891666666666666,1.37,792.2833333333333,64.72916666666667,14.5,2023-07-03,0.1252370981069711,1015.6575297363152
2023-07-04,2023-07-04,4926.458333333333,0.010052997163221,99.47824443032518,2061.7774454327373,0.140893860797745,1970.0690705155864,0.1302842360276442,0.0648333333333333,0.0469166666666666,0.056828969293749,0.0015714913888771,0.0009107403751846,14.189583333333331,13.464583333333332,0.0,790.6708333333332,64.825,15.710416666666667,2023-07-04,0.1302842360276442,1022.9129446826544
2023-07-05,2023-07-05,4942.395833333333,0.0100463392962114,99.5504539217784,2066.326975923316,0.1394667959981098,1988.57936089984,0.1244931104706554,0.0639375,0.046875,0.0563147393623029,0.0022024912648883,0.0012764293429305,13.958333333333334,13.341666666666669,0.8857,790.7916666666666,66.66875,15.116666666666667,2023-07-05,0.1244931104706554,1018.9505867748244
2023-07-06,2023-07-06,5065.375,0.0098949735353149,101.0856717533501,2086.175929241856,0.1319600431611442,2022.818211995056,0.1140181378620426,0.0632708333333333,0.0464166666666666,0.0557411466960965,0.0029063338052073,0.0016843334674953,14.289583333333333,13.51875,0.0,790.5333333333333,61.10625,15.472916666666668,2023-07-06,0.1140181378620426,1021.5302421612715
2023-07-07,2023-07-07,5166.854166666667,0.0098369663341994,101.67488754264976,2087.948620213765,0.1314799916880693,2022.5324553822572,0.1141023181733631,0.0620833333333333,0.0458333333333333,0.0548235612974313,0.0040322820189939,0.0023368642455323,14.30625,13.658333333333331,0.0,788.8458333333333,55.14791666666667,15.295833333333334,2023-07-07,0.1141023181733631,1017.5899819994796
2023-07-08,2023-07-08,5196.083333333333,0.0098039565551938,102.01619489429204,2097.1943822229377,0.1283238964788713,2037.5450655887785,0.1098789122046493,0.0608125,0.0453333333333333,0.053897101765801,0.0051691194799017,0.0029957057657592,14.45625,13.76875,0.0,788.2041666666668,54.06458333333333,15.533333333333331,2023-07-08,0.1098789122046493,1024.7083996763756
2023-07-09,2023-07-09,5220.4375,0.0098110548538335,101.93010422832884,2132.0543502264286,0.1160129100835975,2073.578983048892,0.0994129669971955,0.0592708333333333,0.044625,0.0527277311009755,0.0066040276783431,0.0038272908703634,14.060416666666669,13.602083333333333,0.0,790.3791666666666,52.45625,14.229166666666666,2023-07-09,0.0994129669971955,1025.1112223548573
2023-07-10,2023-07-10,5163.708333333333,0.0098642106751089,101.38154198833868,2122.982084806424,0.1188810787366516,2052.903683098519,0.1049346923828125,0.058125,0.0442708333333333,0.0519355789693912,0.0075760595773925,0.0043906211582018,14.760416666666666,13.975,0.0,791.4250000000001,52.18541666666667,16.193749999999998,2023-07-10,0.1049346923828125,1026.9845275561026
2023-07-11,2023-07-11,5124.5,0.0098802860669005,101.2193780559767,2140.2753413369087,0.1134793409230078,2064.268017283017,0.1020060694494912,0.0569583333333333,0.0436041666666666,0.0509922899038292,0.0087335481773625,0.0050614308166384,15.204166666666666,14.310416666666669,0.0,792.4729166666666,55.80416666666667,16.852083333333333,2023-07-11,0.1020060694494912,1030.5503847750988
2023-07-12,2023-07-12,5117.145833333333,0.0098570600378503,101.45884916492324,2159.5633329835027,0.1074139862359894,2066.779777556681,0.10120849609375,0.0562083333333333,0.0431041666666666,0.0503539787043816,0.0095168053607305,0.0055153588152871,15.733333333333334,14.722916666666668,0.0,792.2624999999999,59.13958333333333,17.83125,2023-07-12,0.10120849609375,1031.1377133764115
2023-07-13,2023-07-13,5232.958333333333,0.0097580225949236,102.48788489271269,2160.459873081423,0.1073582429637178,2075.94126094742,0.0989090768914473,0.0551666666666666,0.0423749999999999,0.0494519230384053,0.0106236973920548,0.006156845794492,15.633333333333333,14.797916666666666,0.0,791.6062499999999,60.49166666666667,17.077083333333334,2023-07-13,0.0989090768914473,1027.7512473828067
2023-07-14,2023-07-14,5287.4375,0.0097275452919455,102.80845331808196,2147.586248717407,0.1111725473086339,2078.2873522328355,0.0983003315172697,0.0539166666666666,0.041875,0.0485369894400623,0.0117463916418611,0.0068074907738557,15.439583333333331,14.658333333333331,0.0,792.0124999999999,59.92083333333333,16.160416666666666,2023-07-14,0.0983003315172697,1024.1753366940936
2023-07-15,2023-07-15,5166.541666666667,0.0098663371314079,101.36250571070455,2168.505605008132,0.1054581281461735,2099.2044044837576,0.0932803270293445,0.0526875,0.0412708333333333,0.0475870447747765,0.0129120471771721,0.0074830334889347,14.995833333333332,14.445833333333333,0.0,794.0729166666666,55.06875,14.741666666666667,2023-07-15,0.0932803270293445,1036.9216469102735
2023-07-16,2023-07-16,5138.1875,0.0099019121947294,100.99841624595622,2178.191328726249,0.1020851354200818,2112.1131206329237,0.0899672735305059,0.0517291666666666,0.040625,0.0467683224421336,0.0139166827668049,0.0080652588834243,15.054166666666667,14.308333333333332,0.0,795.5479166666668,56.75,15.322916666666666,2023-07-16,0.0899672735305059,1033.5588211063337
2023-07-17,2023-07-17,5083.75,0.0098855684730011,101.1701877117992,2202.1577867010374,0.09546571050988,2126.1436450341157,0.0867724296374198,0.0507499999999999,0.0403125,0.0460869925769398,0.014752727178399,0.0085497791337264,15.745833333333332,14.65,0.0,794.9208333333332,54.33958333333334,17.322916666666668,2023-07-17,0.0867724296374198,1046.3641074669508
2023-07-18,2023-07-18,5204.395833333333,0.0098150813930259,101.8914745801894,2221.5632793273794,0.0899894721928817,2138.137016145958,0.0837562962582236,0.0499583333333333,0.0399583333333333,0.0454907813112398,0.0154843244887213,0.0089737682268916,16.631249999999998,15.341666666666669,0.0,793.4104166666666,51.60208333333333,18.41875,2023-07-18,0.0837562962582236,1046.2155475479758
2023-07-19,2023-07-19,5083.541666666667,0.0099388211666264,100.62190588004948,2184.809236386355,0.1001504184542672,2085.353893476809,0.0965301513671875,0.0491875,0.0395625,0.0448874811787349,0.0162246203865845,0.0094027984898251,17.337500000000002,15.822916666666666,0.0063,795.4499999999999,56.57708333333333,19.34375,2023-07-19,0.0965301513671875,1033.6500184755407
2023-07-20,2023-07-20,5030.645833333333,0.0099465225813716,100.5474429899327,2173.130732210543,0.1036234402128192,2063.7133423026357,0.1022284092047275,0.0484375,0.039125,0.0442770921794254,0.0169736148719886,0.0098368699225268,16.98125,15.935416666666669,2.9585,795.6833333333334,70.82083333333334,17.595833333333335,2023-07-20,0.1022284092047275,1030.6431903102862
2023-07-21,2023-07-21,5093.458333333333,0.0098651137267129,101.3922993289224,2203.584895668548,0.0956013888311324,2115.372029400768,0.0897594633556547,0.0476875,0.0383541666666666,0.0435177847793793,0.0179053437465331,0.0103768430402792,16.316666666666666,15.477083333333333,1.1761,796.1374999999999,67.27499999999999,16.83125,2023-07-21,0.0897594633556547,1046.9514336001437
2023-07-22,2023-07-22,5242.75,0.00977668163534,102.29766931901162,2200.012799486874,0.0961158115977013,2130.5144759930427,0.0858340379668445,0.0468333333333333,0.0379791666666666,0.0428776883137713,0.0186907915894815,0.0108320406113495,15.979166666666666,15.2375,0.0,795.6208333333334,58.82083333333333,15.925,2023-07-22,0.0858340379668445,1035.5850733233933
2023-07-23,2023-07-23,5267.520833333333,0.0097613772681449,102.44925552464316,2217.670566380605,0.0910181043207298,2144.857817111469,0.0822284977610518,0.0458333333333333,0.0375416666666666,0.0421289881150141,0.0196095046081048,0.0113644705344087,16.125,15.202083333333334,0.0,795.1895833333333,52.94583333333333,16.724999999999998,2023-07-23,0.0822284977610518,1047.3772886319912
2023-07-24,2023-07-24,5227.875,0.0097802016466682,102.25432435107832,2237.3749250069395,0.0858235181602195,2152.964231709904,0.0804450802686737,0.0451041666666666,0.0373958333333333,0.0416604286496362,0.0201844632919095,0.0116976814518278,16.910416666666666,15.6,0.0,796.1979166666666,53.66875,18.504166666666663,2023-07-24,0.0804450802686737,1044.132060365953
2023-07-25,2023-07-25,5179.104166666667,0.0098422344598779,101.609203884266,2230.3363407239194,0.0877620438520889,2131.86114313497,0.0851789202008928,0.0444791666666666,0.0372083333333333,0.0412308840506028,0.0207115477188489,0.0120031473755627,17.095833333333335,16.006249999999998,0.0,796.0666666666666,61.25833333333333,17.841666666666665,2023-07-25,0.0851789202008928,1048.9294655295382
2023-07-26,2023-07-26,5107.291666666667,0.0099160786644208,100.85562622190022,2214.9856241671446,0.0918704133895892,2108.2182048304844,0.0908299888052591,0.043625,0.0368125,0.0405814801849487,0.0215084164611185,0.0124649638019487,16.058333333333334,15.460416666666667,2.7268999,796.2479166666667,67.85000000000001,17.120833333333334,2023-07-26,0.0908299888052591,1045.4665900638938
2023-07-27,2023-07-27,5039.270833333333,0.0099540620366116,100.46781206638993,2181.328566564417,0.1009424548894891,2080.416754527551,0.0976212664348323,0.0436666666666666,0.0363541666666666,0.0403997692505107,0.0217313898239832,0.0125941855371672,15.85,15.189583333333331,2.5683,795.2166666666667,77.22291666666666,16.004166666666666,2023-07-27,0.0976212664348323,1047.2727333821258
2023-07-28,2023-07-28,5083.541666666667,0.0098979199835548,101.03943713899334,2191.568593374171,0.0983584975479689,2095.5753251283422,0.0940069901315789,0.0440208333333333,0.0361458333333333,0.0405026361159346,0.0216051642284688,0.0125210328956507,15.8,15.175,0.561,794.7645833333332,67.90208333333334,17.662499999999998,2023-07-28,0.0940069901315789,1046.3047264177146
2023-07-29,2023-07-29,5113.3125,0.0099137647603175,100.876031468478,2202.5915825222223,0.0954149075611551,2111.32653501787,0.0900698930789262,0.0441458333333333,0.036,0.0405066399153363,0.0216002512571081,0.0125181856376816,15.647916666666667,15.13125,0.0,795.9916666666667,61.895833333333336,16.891666666666666,2023-07-29,0.0900698930789262,1046.9732848331498
2023-07-30,2023-07-30,5079.958333333333,0.0100018193039626,100.00781088482314,2178.342201226974,0.1024337671254568,2070.671632041617,0.1012534117087339,0.0449583333333333,0.036,0.0409561513135412,0.0210486660241458,0.0121985205440197,16.847916666666666,15.683333333333332,0.1836,796.0875,63.55625,19.03125,2023-07-30,0.1012534117087339,1060.6264834562187
2023-07-31,2023-07-31,4789.744680851064,0.0101801483632205,98.24776557694918,2077.71744459217,0.1349122081187739,1965.821050842592,0.131964706793064,0.0517021276595744,0.036,0.0446871204419042,0.0164704784986204,0.0095452828271766,16.7,15.827659574468084,8.7726,795.6021276595745,82.03829787234044,17.097872340425532,2023-07-31,0.131964706793064,1060.4214827715225
2023-08-01,2023-08-01,4867.875,0.0101642367215695,98.39682521151158,2096.6083131204327,0.1282324060615874,1983.210613498157,0.1262668707431891,0.0508333333333333,0.036,0.0442064645005612,0.0170602804934956,0.0098870960206177,17.2,16.289583333333333,0.7643,794.96875,73.78750000000001,18.035416666666663,2023-08-01,0.1262668707431891,1058.568252747707
2023-08-02,2023-08-02,4690.541666666667,0.0102954363173324,97.15146170757268,2084.8374433118647,0.1323617782465967,1977.3362437824985,0.1281561600534539,0.052,0.0360208333333333,0.0448612241646963,0.0162568397724849,0.0094214708769669,16.78125,16.041666666666668,6.167,794.90625,79.94791666666667,17.158333333333335,2023-08-02,0.1281561600534539,1065.5664976123987
2023-08-03,2023-08-03,4524.1875,0.0105749767707093,94.57442886878174,1957.52029802052,0.1869280998695256,1856.6146256912775,0.1762562287159455,0.0987916666666666,0.0363125,0.0708787739286281,0.015668704952199,0.0090806238760367,16.04375,15.875,13.223599,794.1583333333333,83.75208333333333,15.26875,2023-08-03,0.1762562287159455,1064.525344264206
2023-08-04,2023-08-04,4499.729166666667,0.0105250381489243,95.02477425098378,1963.0594267233569,0.1855065465216221,1877.38885950499,0.1676127115885416,0.1444583333333333,0.0387083333333333,0.0972139706996942,0.0479840271088449,0.0278086098093143,14.8,14.8375,5.0889,793.8291666666668,78.09166666666667,14.429166666666667,2023-08-04,0.1676127115885416,1062.0880839594188
2023-08-05,2023-08-05,4563.1875,0.0104847882641165,95.38413582090293,2008.6431573369127,0.1633900109695928,1921.0572971893123,0.1486573830629006,0.1341458333333333,0.041125,0.0925882921278174,0.0423079619348219,0.024519109298684,15.316666666666668,14.997916666666669,0.0,793.8166666666666,69.18541666666667,15.7625,2023-08-05,0.1486573830629006,1066.9279514439504
2023-08-06,2023-08-06,4638.604166666667,0.0103411140981189,96.7186159367932,2057.200428057311,0.1429994903007131,1980.790727351154,0.1272711502878289,0.1188125,0.0429374999999999,0.0849149490323653,0.0328921768049972,0.0190622956358855,14.8,14.775,0.0039,793.4125,70.175,14.970833333333331,2023-08-06,0.1272711502878289,1077.9805623436716
2023-08-07,2023-08-07,4746.416666666667,0.0102389833401623,97.68091431065024,2086.3927911215937,0.1319884838107222,2013.530787283788,0.1168116127572408,0.1048541666666666,0.0440833333333333,0.0777044807324024,0.0240443748295973,0.013934650299952,15.002083333333331,14.702083333333334,0.0,793.2458333333334,57.84583333333333,16.472916666666666,2023-08-07,0.1168116127572408,1066.8218100578317
2023-08-08,2023-08-08,4911.708333333333,0.010050396469774,99.51817277648487,2117.992335799612,0.1209028666123105,2050.213220192694,0.1059323265438988,0.0916666666666666,0.0442083333333333,0.0704644093618144,0.0151602475982142,0.0087859530654863,14.110416666666666,14.310416666666669,0.0,791.6062499999999,59.489583333333336,14.3625,2023-08-08,0.1059323265438988,1074.9867382541697
2023-08-09,2023-08-09,4974.0625,0.0100265938511679,99.75046477340008,2132.904485305532,0.1162011938237523,2064.754385534437,0.1021030970982142,0.0822083333333333,0.044,0.0651385616489176,0.0086250207648767,0.0049985349604697,13.795833333333334,13.827083333333334,0.0,790.9645833333334,61.1,13.5375,2023-08-09,0.1021030970982142,1073.0397570653195
2023-08-10,2023-08-10,5085.3125,0.0099357809091852,100.651536869154,2147.4880981276374,0.1110635534937131,2070.9797379273573,0.1001362047697368,0.075625,0.0433958333333333,0.0612264521287943,0.0038245599764553,0.002216481243567,14.427083333333334,14.125,0.0,790.78125,58.12083333333334,15.1375,2023-08-10,0.1001362047697368,1058.1049535065301
2023-08-11,2023-08-11,4988.854166666667,0.0100143543362291,99.86177042605794,2138.42418395241,0.1140298200045032,2042.26771304984,0.1079886300223214,0.0709583333333333,0.0430416666666666,0.0584864172716555,0.000462325401236,0.00026793554986,15.289583333333333,14.79375,0.9111,792.7166666666667,62.28541666666666,16.802083333333332,2023-08-11,0.1079886300223214,1065.9830820208115
2023-08-12,2023-08-12,5018.020833333333,0.0099830763131495,100.1770156938078,2138.0946790960543,0.1141541247418854,2040.673074563079,0.108502197265625,0.0683541666666666,0.0423749999999999,0.0567478388092695,0.0016710447647441,0.0009684354281323,15.422916666666666,15.014583333333334,0.0,793.40625,69.0625,16.070833333333333,2023-08-12,0.108502197265625,1062.8468279543436
2023-08-13,2023-08-13,5046.291666666667,0.0099133072005093,100.88813456026853,2147.2707193958863,0.1116081700506609,2059.823523570474,0.1034080868675595,0.0652708333333333,0.0418541666666666,0.0548093156815976,0.0040497624908122,0.0023469948587669,14.616666666666667,14.577083333333334,0.1314,793.7458333333334,71.88125000000001,14.983333333333334,2023-08-13,0.1034080868675595,1061.4454627863097
2023-08-14,2023-08-14,5075.229166666667,0.0099475291517246,100.53498306989162,2167.422692612716,0.1053674065007247,2084.965432697966,0.0965711016987645,0.0628958333333333,0.0412291666666666,0.053216137285464,0.0060047155360323,0.0034799661766336,14.060416666666669,14.058333333333332,0.0,795.9666666666667,66.99166666666666,14.077083333333334,2023-08-14,0.0965711016987645,1052.8139117748756
2023-08-15,2023-08-15,5025.791666666667,0.0099894128705149,100.11826557351968,2169.756502767255,0.1044398181129309,2081.051214255252,0.0976089477539062,0.0610625,0.04075,0.0519877849551225,0.007511998797362,0.0043534954448492,14.864583333333334,14.4125,0.0,797.6166666666667,65.01666666666667,16.408333333333335,2023-08-15,0.0976089477539062,1053.215956386044
2023-08-16,2023-08-16,5087.0,0.0099253870784897,100.7604447388662,2174.5251610261657,0.1030767987645066,2066.8858667125032,0.1013066218449519,0.0597916666666666,0.0402916666666666,0.0510799402235842,0.0086259944596273,0.0049990992544447,15.629166666666668,15.016666666666666,0.0,795.9041666666667,66.3625,17.270833333333332,2023-08-16,0.1013066218449519,1064.8519793475114
2023-08-17,2023-08-17,4945.895833333333,0.0100383781132139,99.63471058272022,2102.395714647442,0.1263753243625378,2001.5705714141704,0.1204603241711128,0.0595416666666666,0.03975,0.0506996366229398,0.0090926563751995,0.0052695479830097,15.664583333333333,15.195833333333333,6.509,794.8208333333333,76.86041666666667,16.818749999999998,2023-08-17,0.1204603241711128,1080.7731783082559
2023-08-18,2023-08-18,4979.875,0.0100887245777581,99.14305313357956,2090.812958398307,0.1310319840955891,1976.0684762157716,0.1297959547776442,0.0638125,0.0400416666666666,0.0531927565474818,0.0060334055088744,0.0034965931316492,16.389583333333334,15.8125,0.0,793.8333333333334,70.68124999999999,17.599999999999998,2023-08-18,0.1297959547776442,1080.4450542613672
2023-08-19,2023-08-19,4770.375,0.0102353078216573,97.71045722889946,2034.283592500788,0.1519871907483395,1936.0255213582768,0.1427525111607142,0.0862708333333333,0.0402291666666666,0.065701479231611,0.0093157641525381,0.0053988476166432,15.522916666666667,15.214583333333332,3.9222999,793.8958333333334,76.56666666666666,16.439583333333335,2023-08-19,0.1427525111607142,1073.7781253857202
2023-08-20,2023-08-20,4870.729166666667,0.0101060718727656,98.96657481921343,2102.6075192840417,0.1262627759972851,2021.0158176213572,0.1146587992823401,0.083375,0.0410208333333333,0.0644530557064246,0.0077838519836244,0.0045110449386639,15.833333333333334,15.425,0.0348,793.7729166666667,65.31458333333333,17.6375,2023-08-20,0.1146587992823401,1083.6354350252327
2023-08-21,2023-08-21,4904.5,0.0101164324709265,98.85815379379385,2124.299543080879,0.1187473862403698,2042.043712500639,0.1081475978944359,0.0767708333333333,0.04125,0.0609017162548552,0.0034260839569523,0.0019855488935249,15.220833333333331,15.11875,0.0,795.5583333333334,59.91041666666666,16.735416666666666,2023-08-21,0.1081475978944359,1076.0355739059019
2023-08-22,2023-08-22,4905.479166666667,0.0101142832331918,98.87493603371352,2142.6961571549737,0.1125836471312341,2040.560115277092,0.1084075927734375,0.0718541666666666,0.0412083333333333,0.0581629811989592,6.54443383329624e-05,3.792753919553029e-05,15.31875,15.110416666666666,0.0,796.5541666666667,68.61458333333333,15.966666666666669,2023-08-22,0.1084075927734375,1065.7962605883367
2023-08-23,2023-08-23,4896.291666666667,0.0101035790967466,98.98516690569647,2138.3799491186337,0.114018583978659,2035.0168378449605,0.1100326538085937,0.0695,0.041125,0.0568233211373096,0.0015784221134325,0.0009147569996005,15.247916666666669,14.933333333333332,1.2672,796.1166666666667,74.49583333333334,16.10625,2023-08-23,0.1100326538085937,1071.0805275050916
2023-08-24,2023-08-24,4911.354166666667,0.0101877774444253,98.20758315234876,2088.923925383781,0.1331997689483364,1972.9912829550155,0.1322677612304687,0.066875,0.041,0.0553152091428329,0.0034289921081613,0.0019872342802486,15.647916666666667,15.2875,5.3382,794.4854166666668,83.40833333333333,15.910416666666668,2023-08-24,0.1322677612304687,1067.2557269255515
2023-08-25,2023-08-25,4425.625,0.0106661357280804,93.75914812746038,1925.8001295511915,0.2030734144339454,1804.3862001525592,0.2026813213641826,0.1244166666666666,0.0617708333333333,0.0964293147282599,0.0470211935777549,0.027250610333433,15.847916666666668,15.485416666666666,10.4927,795.3541666666666,95.63958333333332,15.229166666666666,2023-08-25,0.2026813213641826,1046.7275672842518
2023-08-26,2023-08-26,4357.041666666667,0.0106722699583882,93.7133424986958,1929.3579306966396,0.202221341165027,1818.2807225817,0.19586181640625,0.1612916666666666,0.0669166666666666,0.1191291444581589,0.0748756393599347,0.0433933449241394,15.933333333333332,15.502083333333331,5.2587,795.9333333333334,88.20625,16.1125,2023-08-26,0.19586181640625,1045.2842037998976
2023-08-27,2023-08-27,4466.395833333333,0.0106030391688591,94.32149529450666,1942.133646685083,0.1949580362746595,1836.0348274998169,0.1865325927734375,0.1539583333333333,0.0681875,0.1156397673438352,0.0705939039107701,0.0409119127145744,15.775,15.508333333333333,3.5089,795.9333333333334,82.72500000000001,15.666666666666666,2023-08-27,0.1865325927734375,1060.0011677895086
2023-08-28,2023-08-28,4358.208333333333,0.010723490066882,93.26753611620067,1888.654495964478,0.2270315340996276,1792.1746911726125,0.2117599096053685,0.22025,0.0827291666666666,0.1588118522961679,0.1235693893622973,0.0716132667513842,15.139583333333334,15.072916666666666,3.2131999,795.4333333333334,85.47083333333335,15.035416666666668,2023-08-28,0.2117599096053685,1053.8355709122393
2023-08-29,2023-08-29,4371.458333333333,0.0106623291597395,93.80216374421406,1912.0814072163776,0.2113499501645569,1836.3636810425885,0.1858782087053571,0.2085208333333333,0.1029791666666666,0.1613695447001545,0.1267078756523728,0.0734321416122752,14.139583333333334,14.375,1.6951,796.5708333333333,74.95833333333333,13.877083333333331,2023-08-29,0.1858782087053571,1048.6764060724418
2023-08-30,2023-08-30,4550.270833333333,0.0104396466681551,95.8022881038595,1947.2530823955087,0.1918772668275214,1867.9362149564183,0.1707473754882812,0.1867916666666666,0.1012916666666666,0.1485940968777669,0.1110314136283846,0.0643470222114639,14.127083333333331,14.110416666666666,0.0012,794.0520833333334,71.51875,14.5875,2023-08-30,0.1707473754882812,1054.7692780765674
2023-08-31,2023-08-31,4741.0625,0.0102668646741019,97.40775265337412,1977.586255711553,0.1767331625350022,1905.102107470989,0.1546998635316506,0.1685,0.0964583333333333,0.1363150106408345,0.0959640256386481,0.0556148849004024,14.254166666666668,14.195833333333333,0.0,791.2583333333333,64.64999999999999,15.614583333333334,2023-08-31,0.1546998635316506,1049.4332205202065
2023-09-01,2023-09-01,4777.375,0.0102170434270007,97.8843696079078,2008.1524928988183,0.1631453027923979,1927.2995149655144,0.1460489412633384,0.1491458333333333,0.0914375,0.1233643352058352,0.0800725457888387,0.0464051543074804,14.183333333333332,14.135416666666666,0.0012,791.6979166666666,65.62916666666666,15.427083333333334,2023-09-01,0.1460489412633384,1053.100401810072
2023-09-02,2023-09-02,4729.479166666667,0.0103176574187938,96.92738461248008,2009.637619013302,0.1620475120351719,1921.9295798253252,0.1479499630811737,0.1340416666666666,0.0866041666666666,0.1128487167618604,0.0671690690976465,0.0389270877484773,14.529166666666669,14.397916666666667,0.0,794.8208333333333,69.98958333333333,15.154166666666669,2023-09-02,0.1479499630811737,1041.489883540855
2023-09-03,2023-09-03,4689.5625,0.0102798877467599,97.29218541770184,2012.420456323964,0.1607642715493288,1917.088988472506,0.1497348692358994,0.1224166666666666,0.082625,0.1046395325787528,0.0570957655325929,0.0330892165815591,14.533333333333331,14.358333333333334,0.8129,793.8770833333333,76.38958333333333,15.00625,2023-09-03,0.1497348692358994,1052.0751033393503
2023-09-04,2023-09-04,5035.354166666667,0.0099168341947516,100.85098367466348,2050.394699390347,0.1451224569500574,1975.669436063028,0.1287755721654647,0.1156458333333333,0.0801041666666666,0.0997674088548092,0.0511172931067003,0.0296244593078465,14.485416666666666,14.377083333333331,1.5396,787.2937499999999,63.41875,15.670833333333334,2023-09-04,0.1287755721654647,1054.1064522769293
2023-09-05,2023-09-05,5035.770833333333,0.0099782130162887,100.22602626411845,2068.0918044697933,0.1385704834427472,2004.3891075966549,0.1195755004882812,0.1026041666666666,0.0774583333333333,0.0913701348111106,0.0408131887432995,0.0236528301024386,13.145833333333334,13.583333333333334,0.0,790.7291666666666,62.19375,12.95,2023-09-05,0.1195755004882812,1052.6391049994556
2023-09-06,2023-09-06,5040.125,0.0099456624454064,100.55431798896602,2093.971735952239,0.1288325451989692,2033.9771397986424,0.110389905098157,0.0965416666666666,0.0734791666666666,0.0862383748157134,0.0345161225423723,0.0200034353459754,12.554166666666667,12.910416666666668,0.0,793.3625000000001,62.05,12.8125,2023-09-06,0.110389905098157,1056.4236772328386
2023-09-07,2023-09-07,5113.645833333333,0.0098791065891277,101.22964956762245,2119.2261575983093,0.1204722962615094,2058.65231154759,0.1035400390625,0.0894583333333333,0.07175,0.0815470432942093,0.028759496124164,0.0166672464613114,12.65,12.879166666666668,0.0,793.6145833333334,54.96041666666667,13.508333333333333,2023-09-07,0.1035400390625,1060.1260612459998
2023-09-08,2023-09-08,5120.458333333333,0.0098879010226575,101.14128333720238,2146.189970061828,0.1117903114404396,2087.683075599212,0.095928955078125,0.0835,0.069375,0.0771895827687929,0.0234125552264826,0.0135684862684704,12.595833333333331,12.8125,0.0,795.6770833333334,57.53541666666666,12.841666666666669,2023-09-08,0.095928955078125,1057.4660392289575
2023-09-09,2023-09-09,5137.708333333333,0.0098649139650353,101.37639430494312,2163.3374373764564,0.1064439189151043,2099.8498448492765,0.0927627563476562,0.0770833333333333,0.0670833333333333,0.0726157813112398,0.0178001472818511,0.0103158775979034,12.01875,12.45625,0.0,796.7895833333333,57.22708333333333,11.595833333333331,2023-09-09,0.0927627563476562,1060.2449258332067
2023-09-10,2023-09-10,5134.208333333333,0.0098726652944902,101.29724752232742,2161.188781794176,0.1070502147794196,2081.7520774749783,0.097394989758003,0.0741666666666666,0.06425,0.0697363442447572,0.0142668554199348,0.0082681975541344,13.179166666666667,12.889583333333334,0.0,794.9583333333334,61.275,13.916666666666666,2023-09-10,0.097394989758003,1060.4096239492621
2023-09-11,2023-09-11,5118.583333333333,0.009881563065425,101.21193470879253,2150.935143922265,0.1101578468645032,2064.080566958887,0.1021163940429687,0.0708333333333333,0.0613541666666666,0.0665984663123905,0.0104164366380228,0.0060367301271557,13.516666666666666,13.358333333333334,3.8585,794.0291666666667,72.70625,13.591666666666669,2023-09-11,0.1021163940429687,1060.5147971474732
2023-09-12,2023-09-12,5176.895833333333,0.0098173405445376,101.87129141053413,2140.685758164824,0.1134653060015272,2075.54142201935,0.099080155535442,0.0672708333333333,0.0591666666666666,0.0636502547154283,0.0067987531109164,0.0039401418314155,11.90625,12.364583333333334,0.0,792.6145833333334,72.0625,10.26875,2023-09-12,0.099080155535442,1039.8642293467738
2023-09-13,2023-09-13,5225.895833333333,0.0097797337630707,102.25908718691888,2176.253355082784,0.1025197851531963,2098.455114509492,0.0931048725926598,0.0647083333333333,0.0570833333333333,0.061301824916487,0.003917048213293,0.0022700817736838,12.7875,12.697916666666666,0.0,790.7541666666666,63.07708333333333,12.852083333333333,2023-09-13,0.0931048725926598,1054.8743709330895
2023-09-14,2023-09-14,5246.416666666667,0.0098156664772631,101.89150796588169,2173.660540777011,0.1034708973261919,2091.0312709766977,0.0952484130859375,0.0626458333333333,0.0548333333333333,0.0591555583160727,0.0012834131875378,0.0007437878541417,12.029166666666669,12.345833333333331,1.4424,791.3937500000001,79.51666666666667,9.908333333333331,2023-09-14,0.0952484130859375,1064.048403619315
2023-09-15,2023-09-15,5044.375,0.0099730589612409,100.28119014237969,2117.6084581945283,0.1208901716678564,2027.1614843907785,0.1124494503705929,0.0616666666666666,0.0532916666666666,0.0579250918481633,0.0002264642840111,0.0001312448597848,12.08125,12.108333333333334,5.1155,793.4375,88.29166666666667,10.8,2023-09-15,0.1124494503705929,1077.7901582861098
2023-09-16,2023-09-16,4939.5625,0.0100537157770125,99.4779405484688,2102.163880017888,0.126061733830807,2033.0442939110203,0.1106246556991185,0.0632708333333333,0.0524583333333333,0.0584402927094447,0.0004057269979609,0.0002351345740491,10.795833333333334,11.460416666666667,3.8774,796.0916666666667,82.07291666666667,8.733333333333333,2023-09-16,0.1106246556991185,1070.4723642890904
2023-09-17,2023-09-17,5011.0625,0.0099761039454832,100.25007857782929,2126.3694292840605,0.1180847393058196,2061.644729871245,0.1027589455629006,0.0628125,0.05175,0.057870270575559,0.0002937342231973,0.0001702304056724,10.520833333333334,11.0375,0.0,795.7145833333334,73.88541666666667,9.5625,2023-09-17,0.1027589455629006,1069.8891133068528
2023-09-18,2023-09-18,5020.9375,0.0100224964449676,99.78538671287411,2123.6498664391,0.1190299529438691,2050.2526432021973,0.1059219360351562,0.0621041666666666,0.0510625,0.0571712446422717,0.0011514930782535,0.0006673350204359,10.85,11.285416666666668,0.0,793.4645833333334,75.13125000000001,9.702083333333333,2023-09-18,0.1059219360351562,1066.5119648982297
2023-09-19,2023-09-19,4819.354166666667,0.0102037477420329,98.00953270839484,2062.7217794067724,0.1404699968981524,1986.559283769953,0.1249950320221656,0.0653958333333333,0.050875,0.0589085755012516,0.0009803461819073,0.0005681487380971,10.310416666666669,10.739583333333334,4.4437,791.6291666666666,88.17708333333333,8.770833333333334,2023-09-19,0.1249950320221656,1075.2678532946209
2023-09-20,2023-09-20,4914.916666666667,0.0100189184160869,99.83139255719652,2099.2615493068715,0.1272174487480015,2040.920959618653,0.1086361533717105,0.0663541666666666,0.0508333333333333,0.0594201536323756,0.0016080920939382,0.0009319519071697,9.916666666666666,10.4,1.2587,790.1770833333334,75.16458333333334,9.18125,2023-09-20,0.1086361533717105,1074.9279720136806
2023-09-21,2023-09-21,5060.3125,0.0099397649793688,100.62064666608974,2111.436442658372,0.122847908968898,2046.3477005637612,0.1069137573242187,0.0655,0.050625,0.0588545163671358,0.00091401144556,0.0005297051786247,10.91875,10.914583333333333,2.1158,787.8916666666668,63.54375,11.61875,2023-09-21,0.1069137573242187,1093.1192151384364
2023-09-22,2023-09-22,5185.145833333333,0.0098093498714883,101.95156595656736,2138.2392847142137,0.1141033026611077,2098.7416890932022,0.0930920977925145,0.0651666666666666,0.0501875,0.0584746460335724,0.0004478811821878,0.0002595645631856,10.55625,10.864583333333334,0.2501,788.40625,41.59166666666667,12.4625,2023-09-22,0.0930920977925145,1084.0553248074225
2023-09-23,2023-09-23,5157.5,0.0098551170811302,101.48150662389392,2153.528153379355,0.1094002290719094,2104.028028299761,0.0918508676382211,0.0635208333333333,0.0495,0.0572569531023563,0.0010463221724402,0.0006063843904185,9.958333333333334,10.477083333333333,0.0,790.9479166666666,48.97291666666666,10.595833333333331,2023-09-23,0.0918508676382211,1073.307342156284
2023-09-24,2023-09-24,5174.104166666667,0.009834979723469,101.68678984134677,2158.279029572859,0.1080814186185351,2111.707917081972,0.0900344848632812,0.0618333333333333,0.0486041666666666,0.0559231343041054,0.0026830209424841,0.0015549149789057,8.814583333333333,9.729166666666666,0.0012,792.9333333333334,61.3375,7.360416666666667,2023-09-24,0.0900344848632812,1068.6340443644708
2023-09-25,2023-09-25,4964.3125,0.0100922201491917,99.09402529195796,2180.438929988826,0.1016243616170033,2132.83700647098,0.0851934523809523,0.0604583333333333,0.0480833333333333,0.0549297377059926,0.0039019953582212,0.0022613580587638,8.439583333333333,9.210416666666667,0.0,796.1833333333334,62.15833333333333,7.408333333333334,2023-09-25,0.0851934523809523,1064.131907984846
2023-09-26,2023-09-26,4996.166666666667,0.0099780552295654,100.22619557421564,2181.2155551692126,0.1009423795261202,2132.762514924213,0.0848677785773026,0.0593125,0.0474375,0.0540072819737639,0.0050339198477684,0.0029173523210216,8.891666666666667,9.310416666666669,0.0,795.5229166666667,58.675,8.933333333333334,2023-09-26,0.0848677785773026,1059.8305487807008
2023-09-27,2023-09-27,5124.083333333333,0.0098320588111441,101.7236801671674,2198.3791631041063,0.0961403092784638,2149.323317614194,0.0811996459960937,0.0586041666666666,0.047125,0.0534757892413051,0.0056861025150418,0.003295317540103,9.489583333333334,9.722916666666666,0.0,793.19375,58.76666666666667,10.002083333333331,2023-09-27,0.0811996459960937,1059.501986646611
2023-09-28,2023-09-28,5329.666666666667,0.0096612737394317,103.5195884164826,2202.6855905615494,0.0951515796925534,2157.7617390327277,0.0795089721679687,0.0576666666666666,0.0465833333333333,0.0527151298421796,0.0066194903969666,0.0038362521171512,9.916666666666666,10.03125,0.0,789.8270833333332,50.80833333333334,10.933333333333332,2023-09-28,0.0795089721679687,1065.391883673835
2023-09-29,2023-09-29,5482.895833333333,0.0095369684110539,104.86223241153836,2226.910639410769,0.0886212282072575,2180.954712255984,0.0745592619243421,0.05625,0.0462291666666666,0.0517731405778604,0.0077753840403368,0.0045061374362103,10.241666666666667,10.283333333333331,0.0,788.6270833333333,45.9125,11.7125,2023-09-29,0.0745592619243421,1058.8188776657166
2023-09-30,2023-09-30,5564.833333333333,0.0094684979400728,105.62576801833782,2214.932958192347,0.0917123986686395,2164.405306973079,0.077970958891369,0.0550624999999999,0.0450416666666666,0.0505856405778604,0.0092325383344402,0.0053506150184018,10.104166666666666,10.283333333333331,0.0,787.8000000000001,51.64166666666667,10.691666666666668,2023-09-30,0.077970958891369,1055.2002316056312
2023-10-01,2023-10-01,5647.958333333333,0.0094155726709793,106.21245678474214,2219.0792011341155,0.0905672773521017,2158.702099433033,0.0791723077947443,0.0544375,0.0443958333333333,0.0499513331778144,0.0100108825464475,0.0058016957590814,11.03125,10.75625,0.1352,786.05625,54.83958333333334,12.666666666666666,2023-10-01,0.0791723077947443,1050.7413234805483
2023-10-02,2023-10-02,5570.208333333333,0.0095619384126614,104.62231509515246,2173.0912588664755,0.1053990928189854,2100.4655404765904,0.0943521639195884,0.0531666666666666,0.044,0.0490714106464142,0.011090615510749,0.0064274430027299,10.633333333333333,10.885416666666666,0.0477,787.5979166666666,68.46666666666667,9.975,2023-10-02,0.0943521639195884,1059.8983855227268
2023-10-03,2023-10-03,5172.854166666667,0.0098355207332812,101.67665826823776,2057.250552709775,0.1424277127321885,1992.526305184842,0.1229044596354166,0.0647708333333333,0.044,0.0554913554874432,0.0032128469271597,0.0018619697419679,8.316666666666666,9.247916666666669,12.300699,788.3166666666666,91.54166666666669,5.1937500000000005,2023-10-03,0.1229044596354166,1073.6200705559725
2023-10-04,2023-10-04,5103.375,0.0099190258454893,100.8254281172522,2066.155665524328,0.1393602744094106,2010.750270344144,0.1174728393554687,0.0647916666666666,0.044,0.0555028814207305,0.0031987037160581,0.0018537732011048,7.56875,8.427083333333334,2.0197,791.31875,81.74791666666667,5.341666666666666,2023-10-04,0.1174728393554687,1066.2599370077537
2023-10-05,2023-10-05,4962.979166666667,0.0100675878679656,99.33583625235175,2088.6085389013647,0.1307745707235764,2036.230336621178,0.1096824087747713,0.0631458333333333,0.044,0.0545923326910334,0.0043160173930842,0.0025012999292918,7.029166666666666,7.925,0.0,796.1229166666667,76.66041666666666,5.172916666666667,2023-10-05,0.1096824087747713,1062.3412054023895
2023-10-06,2023-10-06,4920.020833333333,0.010074218378183,99.27216245880092,2103.5287127479146,0.1257218466142173,2050.586508462324,0.1057448614211309,0.0619583333333333,0.0440416666666666,0.0539539692937491,0.0050993386272327,0.0029552650478588,7.145833333333333,7.816666666666666,0.0,796.75625,74.65416666666667,5.9750000000000005,2023-10-06,0.1057448614211309,1057.414356112977
2023-10-07,2023-10-07,4955.25,0.0100219782629957,99.7905931015512,2119.384115784967,0.1202449588228787,2065.99806637339,0.1014858338891006,0.0609583333333333,0.0442708333333333,0.0535031058964647,0.0056525828675753,0.0032758916008165,7.14375,7.75625,0.0,796.1083333333332,73.16041666666666,6.395833333333333,2023-10-07,0.1014858338891006,1063.0909805348442
2023-10-08,2023-10-08,5095.854166666667,0.0098766648814539,101.26392695426462,2130.115931579269,0.1167827145200376,2082.960811690517,0.0971200125558035,0.0607083333333333,0.0443125,0.0533834094971091,0.005799459602152,0.0033610123805427,7.16875,7.73125,0.0,794.3354166666667,66.53541666666666,6.810416666666666,2023-10-08,0.0971200125558035,1058.0962394371213
2023-10-09,2023-10-09,5295.104166666667,0.0096955275844612,103.15044975125043,2148.489360657279,0.1108925800126895,2102.9774520126816,0.0920372939691311,0.0597291666666666,0.0442291666666666,0.0528044610324216,0.0065098741212121,0.0037727252223724,7.04375,7.629166666666666,0.0027,790.4458333333333,63.14791666666667,6.866666666666667,2023-10-09,0.0920372939691311,1056.809216715266
2023-10-10,2023-10-10,5487.958333333333,0.0095106264910732,105.15375174360706,2148.3547289397625,0.1108384452364285,2101.1857110248297,0.0924545288085937,0.0599166666666666,0.0441041666666666,0.0528523500317312,0.0064511106172253,0.0037386694864982,6.879166666666666,7.527083333333334,0.0,785.8020833333334,60.99583333333334,5.852083333333333,2023-10-10,0.0924545288085937,1057.7133731385277
2023-10-11,2023-10-11,5730.75,0.0093965333331122,106.44626177416328,2099.398523650829,0.1282792443479619,2034.5773728367092,0.1115890502929687,0.0591666666666666,0.0440833333333333,0.0524281090333422,0.0069716871162041,0.0040403638128865,7.183333333333334,7.520833333333333,0.5155,778.6875,75.97916666666667,6.5062500000000005,2023-10-11,0.1115890502929687,1060.7157182419592
2023-10-13,2023-10-13,4822.125,0.010222586270475,97.82934421397653,1943.6865532021905,0.1940328462033453,1894.656335199812,0.1591774545064786,0.1669375,0.0586041666666666,0.1185390197606534,0.0741515107392806,0.0429736842270943,6.320833333333333,6.841666666666666,9.4788,789.0812500000001,82.03125,3.78125,2023-10-13,0.1591774545064786,1041.1540963162963
2023-10-14,2023-10-14,4687.0,0.0103645176368989,96.48764691896898,1959.3099761217693,0.1856495260838339,1914.844007466884,0.150617646008003,0.1571875,0.0597291666666666,0.1136474825846801,0.068149216507082,0.0394951212901969,4.991666666666666,6.039583333333333,0.0,794.3395833333334,83.29583333333333,1.9625,2023-10-14,0.150617646008003,1046.5214590369812
2023-10-15,2023-10-15,4589.395833333333,0.0104479866308187,95.71747277622757,1972.3267848681733,0.1790465829801781,1930.53382960002,0.1444143900057164,0.149,0.0612916666666666,0.1098158458062213,0.0634475019932497,0.036770294879663,4.84375,5.604166666666667,0.1407,798.4187499999999,75.93958333333333,3.389583333333333,2023-10-15,0.1444143900057164,1040.1492657118383
2023-10-16,2023-10-16,4624.895833333333,0.0103580356957094,96.55862852962942,1973.625168306136,0.1785542913092779,1927.2953969301168,0.1457504272460937,0.1419375,0.0630208333333333,0.1066810686256452,0.0596008880734739,0.0345410325182635,5.154166666666667,5.6625000000000005,0.0,798.2624999999999,73.13125000000001,5.039583333333334,2023-10-16,0.1457504272460937,1036.9644985506457
2023-10-17,2023-10-17,4828.375,0.0101454649838535,98.57564041043231,1989.1768287814984,0.1710522737689211,1943.0254163474528,0.1397742294683689,0.1409166666666666,0.0644166666666666,0.1067398936976511,0.0596730709840208,0.0345828653221202,5.795833333333333,6.0687500000000005,0.0,793.5083333333333,69.25833333333334,6.979166666666667,2023-10-17,0.1397742294683689,1039.1433277881947
2023-10-18,2023-10-18,4908.479166666667,0.0101167839734047,98.85153580091836,2005.7879341862815,0.1635264744682321,1960.7770855829224,0.1334369938548018,0.1338333333333333,0.0653333333333333,0.1032306019819926,0.0553668987796138,0.0320872710625464,6.11875,6.375,0.0,793.1875,62.20416666666667,7.160416666666666,2023-10-18,0.1334369938548018,1031.603423384546
2023-10-19,2023-10-19,4778.020833333333,0.0102466625271561,97.60194699553315,2015.260663820312,0.1598080437492763,1968.3238846775048,0.1311248779296875,0.127375,0.0662083333333333,0.1000484734648612,0.0514621811096121,0.029824335318235,5.8625,6.264583333333333,0.0,796.4875000000001,69.18124999999999,6.3875,2023-10-19,0.1311248779296875,1051.8180919623196
2023-10-20,2023-10-20,4829.25,0.0101309617102982,98.72095500689504,2056.226850500981,0.1428823136016629,2017.155506016024,0.1153273809523809,0.1223333333333333,0.0668958333333333,0.0975663418108523,0.0484164137006277,0.0280591946547753,5.489583333333333,6.029166666666666,0.0,795.4541666666668,61.61041666666667,5.941666666666666,2023-10-20,0.1153273809523809,1056.1551910557491
2023-10-21,2023-10-21,5066.229166666667,0.0099207247340846,100.80694274259596,2041.0911439945496,0.1489210430706501,2003.333375403157,0.119636713072311,0.1160625,0.0666875,0.0940039618909131,0.0440450981658343,0.0255258473018172,5.391666666666667,5.852083333333333,0.0,790.7395833333334,56.81875,6.652083333333334,2023-10-21,0.119636713072311,1040.1981698225275
2023-10-22,2023-10-22,5187.3125,0.0097719058888714,102.34796850358708,2038.2273552564693,0.1500409103912213,1999.726201856552,0.1207478841145833,0.1102708333333333,0.0662291666666666,0.0905949896360297,0.0398620256945225,0.023101594124923,5.666666666666667,5.96875,0.0,787.2958333333332,53.29583333333333,7.485416666666667,2023-10-22,0.1207478841145833,1037.5716658440908
2023-10-23,2023-10-23,5363.833333333333,0.0096356551110277,103.7915138739328,2080.2994686911384,0.1340152651489184,2040.00140470602,0.108819580078125,0.1060208333333333,0.0658333333333333,0.0880668586445449,0.0367598135426927,0.0213037415378473,5.589583333333334,5.9437500000000005,0.0,784.0749999999999,56.15,7.002083333333334,2023-10-23,0.108819580078125,1056.3826001227264
2023-10-24,2023-10-24,5338.208333333333,0.0097096570203866,102.99628813705048,2063.104297263034,0.1402007569316896,2021.7486240723267,0.1139504037252286,0.1029166666666666,0.0653333333333333,0.0861261169836318,0.0343783735048443,0.0199236044216652,5.585416666666667,5.927083333333333,0.0,785.0708333333333,56.6375,6.2625,2023-10-24,0.1139504037252286,1037.279633054228
2023-10-25,2023-10-25,5303.104166666667,0.0096929345066759,103.17820512583528,2068.450200997061,0.1380218764410726,2026.6685826950256,0.1123809814453125,0.0990833333333333,0.064625,0.0836888936572027,0.0313877120852273,0.0181903998221169,5.404166666666666,5.8375,0.0,786.85,61.82916666666667,5.820833333333333,2023-10-25,0.1123809814453125,1044.6112980984813
2023-10-26,2023-10-26,5419.25,0.0096858595331657,103.27279382612215,2050.740047417298,0.1454654808587806,2006.1971286736648,0.1191319056919642,0.095375,0.064,0.0813580555306815,0.028527593529505,0.0165328498890101,5.71875,5.9,0.0,784.8291666666668,45.12916666666666,9.089583333333334,2023-10-26,0.1191319056919642,1052.2083923857206
2023-10-27,2023-10-27,4930.4375,0.0100786274687397,99.23071304851078,1933.5960283543309,0.1990213233107884,1883.5244589000345,0.1636004780614098,0.1255,0.0661875,0.0990018320689577,0.0501778712111472,0.0290800277852378,4.972916666666666,5.545833333333333,5.4509997,789.0833333333334,88.00208333333335,3.208333333333333,2023-10-27,0.1636004780614098,1042.19575616998
2023-10-28,2023-10-28,4834.8125,0.0102622961278904,97.46927308139254,1842.9145693218115,0.2596747042437834,1789.367098456643,0.2147987002418154,0.2059791666666666,0.0905,0.1543882482115324,0.1181412852045373,0.068467469292887,5.252083333333333,5.53125,8.7664995,786.0770833333332,87.55624999999999,4.21875,2023-10-28,0.2147987002418154,1013.8316024520285
2023-10-29,2023-10-29,4524.270833333333,0.01057273386811,94.59448217486182,1828.83520537152,0.267096335149041,1792.3283267883014,0.210469315691692,0.2444583333333333,0.1500833333333333,0.2022958111248256,0.1769275681680187,0.1025364064699014,3.8541666666666665,4.766666666666667,31.5481,789.2541666666666,91.7125,-0.6145833333333334,2023-10-29,0.210469315691692,1028.2332394611926
2024-04-12,2024-04-12,4543.770833333333,0.0104768836700052,95.45475913129192,1847.687721336028,0.2525648974057315,1818.991641359892,0.1947501046316964,0.2335833333333333,0.1622291666666666,0.2017054881756868,0.1762031962772857,0.1021166047883849,3.3666666666666667,2.9375,0.0,790.3708333333334,49.07083333333333,5.820833333333333,2024-04-12,0.1947501046316964,980.1714777421769
2024-04-13,2024-04-13,4579.583333333333,0.0104510045554881,95.69133714583074,1855.209905003929,0.2471782983986734,1820.504488482797,0.1939552708675986,0.2295833333333333,0.1580833333333333,0.1976403363753646,0.1712149407808464,0.099225716734846,5.3875,4.272916666666666,0.0,789.4458333333333,40.24791666666667,11.310416666666669,2024-04-13,0.1939552708675986,982.8893322153189
2024-04-14,2024-04-14,4583.145833333333,0.0104065710950516,96.11539606832784,1855.7615226370965,0.2471655414396398,1825.929224240349,0.1912623814174107,0.2203333333333333,0.1528541666666666,0.190186664584248,0.1620687093220987,0.093925119907384,5.135416666666667,4.6000000000000005,0.0,788.7666666666668,49.30416666666667,7.645833333333333,2024-04-14,0.1912623814174107,980.6192557978361
2024-04-15,2024-04-15,4853.208333333333,0.0101627608863006,98.4069342444242,1866.017843640083,0.2395900087554892,1833.233579824764,0.1872820172991071,0.2120625,0.1483333333333333,0.1835911632591997,0.1539755193620492,0.0892348015812219,4.504166666666666,4.55,0.0,781.8416666666667,47.958333333333336,5.083333333333333,2024-04-15,0.1872820172991071,979.5266587457565
2024-04-16,2024-04-16,4610.4375,0.0104857094349436,95.37926534613015,1848.354391179838,0.2520821576791832,1802.009780489252,0.2042322403345352,0.2142708333333333,0.1473124999999999,0.1843568495853987,0.1549150756720762,0.0897793110022455,4.122916666666667,3.9,5.9122,785.6708333333332,77.59166666666667,4.122916666666667,2024-04-16,0.2042322403345352,980.8693113530137
2024-04-17,2024-04-17,4538.625,0.0104533556956528,95.67262161861824,1857.3856302974657,0.2456380940907954,1820.1080150911791,0.1941759062976372,0.2123541666666666,0.1467916666666666,0.1830637787218159,0.1533283777676976,0.088859757859946,4.6875,4.229166666666667,3.3054,787.4895833333334,63.2875,6.589583333333334,2024-04-17,0.1941759062976372,979.6844029016589
2024-04-18,2024-04-18,4571.9375,0.0104766105542677,95.45587405441027,1858.2558043048332,0.2449596033016667,1815.0590987057983,0.1967593462039263,0.2052291666666666,0.1429791666666666,0.1774186553291344,0.1464013749951591,0.0848452903619887,5.891666666666667,5.2875000000000005,0.1019,787.0187500000001,51.49791666666667,9.464583333333334,2024-04-18,0.1967593462039263,985.612727272827
2024-04-19,2024-04-19,4591.0,0.0104613375135092,95.59672940397844,1875.699904343265,0.2335589488631586,1823.2460603981197,0.1926385788690476,0.20375,0.1406458333333333,0.1755578852605806,0.1441180662829635,0.0835220241653515,6.05625,5.48125,0.0,787.3291666666668,61.177083333333336,8.854166666666666,2024-04-19,0.1926385788690476,988.9116510737547
2024-04-20,2024-04-20,4487.541666666667,0.0105637611915658,94.66962952656976,1863.657154272906,0.2416279340792033,1814.091293035547,0.197723388671875,0.2046875,0.1395833333333333,0.1756018748561619,0.1441720449171506,0.0835533068830931,6.204166666666667,5.65,0.4711,789.0124999999999,69.33958333333334,7.679166666666667,2024-04-20,0.197723388671875,988.0730905603187
2024-04-21,2024-04-21,4438.145833333333,0.0106003626516285,94.34958755229786,1868.2258984255373,0.2387519364298746,1833.5615953217148,0.1876060849144345,0.2005416666666667,0.1383125,0.1727404627291804,0.1406608710493354,0.0815184450770748,5.983333333333333,5.558333333333334,0.0,792.3833333333333,61.270833333333336,6.585416666666667,2024-04-21,0.1876060849144345,991.3812528923944
2024-04-22,2024-04-22,4598.833333333333,0.0103993911853545,96.1710671967732,1877.3209646157609,0.2327074631831554,1842.5487800256024,0.1828471858326981,0.1882916666666666,0.1342083333333333,0.1641296561471775,0.1300947457553063,0.0753949645523687,6.364583333333333,5.852083333333333,0.0,788.525,39.66875,10.4875,2024-04-22,0.1828471858326981,979.8830616388636
2024-04-23,2024-04-23,4664.708333333333,0.0103627584586119,96.5062120656333,1875.9161802698543,0.2333571267883353,1833.758807205072,0.187172131660657,0.1787291666666666,0.1298333333333333,0.1568846987586385,0.1212046230022067,0.0702427926799024,7.683333333333334,6.710416666666667,0.0,787.0500000000001,44.84583333333333,12.285416666666668,2024-04-23,0.187172131660657,983.9877987965735
2024-04-24,2024-04-24,4654.0625,0.0103376967752993,96.74433335522018,1894.522573952209,0.221575862178374,1858.077283294769,0.175213623046875,0.168875,0.1255625,0.1495249153043074,0.1121735997902911,0.0650089635119306,8.441666666666666,7.414583333333333,0.0,787.74375,39.83125,13.052083333333334,2024-04-24,0.175213623046875,987.2447626205633
2024-04-25,2024-04-25,4841.083333333333,0.0101195324359127,98.8321905385713,1905.0859016946897,0.2152664588142969,1868.2088474632176,0.1703266344572368,0.1587083333333333,0.1213541666666666,0.1420201650508047,0.1029646911098154,0.0596720427969589,8.06875,7.625,0.0,783.7645833333332,33.59583333333333,11.916666666666666,2024-04-25,0.1703266344572368,982.0843532525715
2024-04-26,2024-04-26,4896.0625,0.0101433494503234,98.59384859378008,1867.7888568272836,0.2393886996423385,1815.0799493523805,0.1975715104923691,0.158,0.1182083333333333,0.1402228659120861,0.1007592661348493,0.0583939132549463,7.41875,7.114583333333333,2.0521998,780.3833333333333,72.84166666666667,6.7375,2024-04-26,0.1975715104923691,989.7750757479315
2024-04-27,2024-04-27,4729.875,0.0103422539744981,96.7036584740991,1811.360380094386,0.280184187483188,1758.4034571825202,0.2313435872395833,0.2422083333333333,0.1368958333333333,0.1951594261006608,0.1681706720986823,0.0974614446418642,6.064583333333334,6.3812500000000005,7.4115996,779.2979166666668,97.08125,2.652083333333333,2024-04-27,0.2313435872395833,1000.378869698241
2024-04-28,2024-04-28,4478.604166666667,0.0106086394555258,94.26961964100111,1795.2198855602385,0.2942911964075224,1744.461926601522,0.2414558224561737,0.2798541666666667,0.1906458333333333,0.2399998796695739,0.2231933748081443,0.1293492406959658,6.172916666666667,5.9625,8.855,784.56875,86.81041666666665,4.164583333333334,2024-04-28,0.2414558224561737,1001.2368038534102
2024-04-29,2024-04-29,4403.958333333333,0.0106054188769234,94.30575375085076,1809.603860785434,0.2825125397120532,1762.881857019112,0.2291609601276676,0.2712291666666667,0.1863541666666666,0.2333108188791478,0.2149853801519017,0.1245923885836029,6.295833333333333,6.15,2.79,787.6520833333334,80.47083333333333,5.3875,2024-04-29,0.2291609601276676,1000.117636287614
2024-04-30,2024-04-30,4619.6875,0.0103592639375373,96.53910699651978,1848.3022221307333,0.2524518113381895,1810.9788169553933,0.1995147705078125,0.2529166666666667,0.1745208333333333,0.2178929202934625,0.1960664267791167,0.1136281193456128,7.535416666666666,6.729166666666667,0.0,784.4979166666667,45.47916666666666,10.910416666666668,2024-04-30,0.1995147705078125,1000.5876147461538
2024-05-01,2024-05-01,4726.208333333333,0.0103374596381721,96.75166157034155,1849.2947403710748,0.2520764562210242,1804.4431373964403,0.2039082845052083,0.2395833333333333,0.1647083333333333,0.206132537567908,0.1816355280937767,0.1052648523395304,6.9,6.9125000000000005,0.0,783.1625,58.03541666666666,7.25,2024-05-01,0.2039082845052083,990.2925284198342
2024-05-02,2024-05-02,4597.645833333333,0.0103833643379439,96.31989598253774,1827.8126752103303,0.2673052882764305,1796.5000216865533,0.2075547438401442,0.2460625,0.1670208333333333,0.210750224225369,0.1873017865710342,0.1085486694880025,6.285416666666666,6.095833333333334,3.616,786.1270833333333,68.47916666666667,4.635416666666667,2024-05-02,0.2075547438401442,990.2793449827022
2024-05-03,2024-05-03,4772.583333333333,0.0102454603550337,97.61517856293229,1854.0107594979377,0.2479734809520804,1822.9940480876935,0.1925681509622713,0.2303958333333333,0.1594791666666666,0.1987134435766534,0.1725317262683338,0.0999888451346579,6.71875,6.454166666666667,0.0134,784.225,43.020833333333336,8.158333333333333,2024-05-03,0.1925681509622713,986.0895082058698
2024-05-04,2024-05-04,4658.4375,0.01033893034956,96.73566944904404,1856.283525255607,0.2468800864581182,1818.4104450220736,0.195379638671875,0.2164374999999999,0.15225,0.1877614004581871,0.1590927227657833,0.0922004199618247,6.80625,6.577083333333333,0.0,787.0166666666668,56.2625,7.141666666666667,2024-05-04,0.195379638671875,981.1221743584098
2024-05-05,2024-05-05,4852.833333333333,0.0100833828937986,99.18682251621716,1866.5597424662728,0.2396799395337985,1824.436141510512,0.1919766939603365,0.2065416666666666,0.1467291666666666,0.1798201211345197,0.1493481591723883,0.0865530663931864,7.283333333333334,6.952083333333333,0.0,780.9250000000001,54.32083333333333,9.614583333333334,2024-05-05,0.1919766939603365,990.9252890998788
2024-05-07,2024-05-07,4653.520833333333,0.0103403805077259,96.71729013871835,1796.2543480293975,0.2934466269910988,1761.0157025653182,0.2301116943359375,0.2775416666666667,0.1907916666666666,0.2387856528750053,0.221703424671116,0.1284857566473683,4.766666666666667,4.954166666666667,9.1332,781.0812500000001,66.11874999999999,3.295833333333333,2024-05-07,0.2301116943359375,983.4716728680482
2024-05-08,2024-05-08,4682.604166666667,0.010364819175073,96.48692710709892,1811.7373372222803,0.2802157291444651,1784.7723967270165,0.2145184772770579,0.25775,0.1765,0.22145113982049,0.2004326371902078,0.1161585080808471,4.610416666666667,5.03125,4.7598,782.8854166666666,55.48333333333333,1.98125,2024-05-08,0.2145184772770579,980.3622092656606
2024-05-09,2024-05-09,4554.958333333333,0.0105154891702117,95.10375665323848,1822.958893443534,0.2710339343223521,1788.92533205645,0.2118350297976763,0.2471875,0.1691875,0.2123405942276705,0.1892532934999326,0.1096796436474411,4.391666666666667,4.608333333333333,0.0005,787.7145833333334,61.739583333333336,2.6104166666666666,2024-05-09,0.2118350297976763,986.3365342195917
2024-05-10,2024-05-10,4415.083333333333,0.0107423620940059,93.1282368268725,1795.0631055714362,0.3088842675474681,1754.5701311969733,0.2486936987900152,0.2378124999999999,0.1636041666666667,0.2046595410360476,0.1798280474861137,0.104217347034434,6.079166666666667,5.566666666666666,0.0085,791.2270833333333,62.15625,6.229166666666667,2024-05-10,0.2486936987900152,965.7726026731144
2024-05-11,2024-05-11,4099.895833333333,0.0110518475322964,90.49123596435334,1804.7481385812148,0.2861156756580698,1759.7629496597472,0.2306674864233994,0.2285416666666666,0.1584583333333333,0.1972315729118278,0.1707133564135494,0.0989350290873716,6.139583333333333,5.9750000000000005,0.5311,788.8416666666667,71.79583333333333,5.366666666666667,2024-05-11,0.2306674864233994,974.6727179623765
2024-05-12,2024-05-12,4049.3333333333335,0.0111035145096544,90.07422678681031,1786.4073653379298,0.3040708377991842,1733.8463509871744,0.2513870239257812,0.2562708333333333,0.1684791666666666,0.2170494495393705,0.1950314229633055,0.1130282943830319,7.114583333333333,6.385416666666667,8.0629,786.3770833333333,77.19166666666666,6.941666666666666,2024-05-12,0.2513870239257812,978.1207756526937
2024-05-13,2024-05-13,4160.229166666667,0.0109501681438757,91.32939883545932,1797.0613891896528,0.292307328897327,1750.056184311558,0.237120128813244,0.2502083333333333,0.1689583333333333,0.2139094731538233,0.19117842921713,0.1107953346641222,7.7875,7.058333333333334,4.8701,788.4791666666666,67.29166666666667,8.922916666666667,2024-05-13,0.237120128813244,973.2499457818938
2024-05-14,2024-05-14,4256.145833333333,0.0107934574618814,92.65913069354085,1818.1439020790292,0.2755181761130289,1767.5165513751174,0.2259597778320312,0.2348124999999999,0.1612291666666666,0.2019387630374284,0.176489442564859,0.1022824956441572,9.283333333333331,8.177083333333334,0.0,787.5229166666667,54.3,12.252083333333331,2024-05-14,0.2259597778320312,974.9194639515761
2024-05-15,2024-05-15,4360.479166666667,0.0107082541853068,93.39493092282387,1838.4829235207,0.2596341415103397,1790.7697411023132,0.2111667730869391,0.2197916666666667,0.154,0.1903988973213096,0.162329135296127,0.0940760468873046,9.1875,8.533333333333333,0.84529996,787.3291666666668,54.82083333333333,10.791666666666666,2024-05-15,0.2111667730869391,981.4082218334672
2024-05-16,2024-05-16,4426.229166666667,0.0106090247742449,94.2704547193394,1851.4844725286923,0.2507347445844446,1807.913378738756,0.2016637048055959,0.2069375,0.147875,0.18055102086951,0.1502450296459885,0.0870728377119477,8.579166666666667,8.122916666666667,0.0,787.0187500000001,62.73333333333333,8.827083333333333,2024-05-16,0.2016637048055959,979.3450943985101
2024-05-17,2024-05-17,4478.770833333333,0.0105226484673975,95.0509602839906,1861.4859406476976,0.2432605851551689,1819.5639253594968,0.1948651569645579,0.1920625,0.1417916666666666,0.169603743688934,0.1368118743176376,0.0792878017834989,9.4625,8.639583333333333,0.0,785.9958333333334,53.03541666666666,11.270833333333334,2024-05-17,0.1948651569645579,983.5652483731274
2024-05-18,2024-05-18,4442.541666666667,0.0106783059996694,93.65414563804164,1869.756064888152,0.2373674458365871,1814.0881437960984,0.1973602294921875,0.1774791666666666,0.13575,0.1588364443744722,0.1235995657433516,0.0716307551377652,10.15,9.425,0.0,787.9479166666666,53.29583333333333,11.99375,2024-05-18,0.1973602294921875,979.0835681103091
2024-05-19,2024-05-19,4383.333333333333,0.0106300195008684,94.095998294006,1857.8701361751707,0.2464668424888089,1805.261193388968,0.2039352416992187,0.1748125,0.13175,0.1555741041048597,0.1195964220526634,0.0693107776866761,9.952083333333333,9.347916666666666,1.7665,787.3979166666667,66.42916666666666,11.85625,2024-05-19,0.2039352416992187,981.8158073534581
2024-05-20,2024-05-20,4640.520833333333,0.0103253546500596,96.8611229540359,1895.8667295433904,0.220944885275834,1861.7916680178992,0.1735427856445312,0.168,0.1283333333333333,0.1502787103123623,0.113098564533753,0.0655450165526634,9.904166666666669,9.320833333333333,0.0,784.0666666666666,46.645833333333336,11.779166666666669,2024-05-20,0.1735427856445312,996.507961550396
2024-05-21,2024-05-21,4431.3125,0.0108063893068996,92.57236260455196,1808.3957340192148,0.2839496016529256,1757.7645829549444,0.233183361235119,0.2214583333333333,0.1413333333333333,0.1856620727563089,0.1565166853969226,0.090707506124427,8.99375,9.158333333333331,6.3504,784.9645833333334,70.39583333333333,7.485416666666667,2024-05-21,0.233183361235119,995.9705135381264
2024-05-22,2024-05-22,4231.166666666667,0.0107815186886766,92.78129614927632,1798.559396507677,0.2915652140951835,1762.636042179908,0.2290761063738567,0.2681875,0.1855416666666667,0.2312650440174062,0.2124750562575391,0.1231375582602751,7.1375,7.391666666666667,16.2962,789.225,74.0625,4.25,2024-05-22,0.2290761063738567,987.1244963082936
2024-05-23,2024-05-23,4540.895833333333,0.0105146722390776,95.12143173996012,1841.7866902919448,0.256764657383816,1803.5153012033657,0.2035275413876488,0.2438541666666666,0.1693333333333333,0.2105615967020238,0.187070326018926,0.1084145290965504,8.214583333333334,8.0875,1.2935,782.4541666666668,44.27291666666667,10.333333333333334,2024-05-23,0.2035275413876488,1000.2974473084581
2024-05-24,2024-05-24,4406.041666666667,0.0106216748899085,94.1557996722009,1833.974678281397,0.2628500058821731,1792.477112918235,0.2099231538318452,0.2307916666666667,0.1604583333333333,0.1993698841112755,0.1733372295473638,0.1004556656108938,7.733333333333333,7.727083333333333,1.5267,787.1083333333332,66.675,6.4875,2024-05-24,0.2099231538318452,985.8799027342675
2024-05-25,2024-05-25,4620.416666666667,0.0103848003656448,96.30566162411633,1854.739850697065,0.2476019319775989,1807.1828066883552,0.201324462890625,0.2150625,0.1528333333333333,0.1872612960625138,0.1584790560140735,0.0918447762136971,8.779166666666667,8.341666666666667,0.0,782.84375,53.39166666666667,10.160416666666666,2024-05-25,0.201324462890625,989.0188969680477
2024-05-26,2024-05-26,4413.291666666667,0.010690678507588,93.54377045200744,1828.64149932492,0.2665476222916653,1777.4039337035738,0.2189252986464389,0.2375416666666666,0.1571458333333333,0.2016244098890439,0.1761037069521992,0.1020589468553555,8.958333333333334,8.541666666666666,5.6098,788.1166666666667,73.14583333333333,8.18125,2024-05-26,0.2189252986464389,990.6317531558379
2024-05-27,2024-05-27,4321.729166666667,0.0107603207915395,92.94062788238448,1850.1460878691,0.2512644293498458,1805.255049593212,0.2029070172991071,0.2252708333333333,0.1546666666666666,0.1937280545773438,0.1664142685941276,0.0964435405044085,9.53125,8.954166666666667,0.0,792.5416666666666,58.39166666666667,10.339583333333334,2024-05-27,0.2029070172991071,995.9296795127
2024-05-28,2024-05-28,4282.6875,0.0108092892449255,92.52083336878816,1863.1167270090184,0.2420471462486801,1814.055226673639,0.1976089477539062,0.2041458333333333,0.1470208333333333,0.178624942407124,0.1478815824862024,0.0857031281683461,9.910416666666666,9.427083333333334,0.0,793.8958333333334,58.76666666666667,11.039583333333333,2024-05-28,0.1976089477539062,990.191443645518
2024-05-29,2024-05-29,4378.208333333333,0.0106324459528225,94.07172568768202,1878.5099710163408,0.232053023967481,1832.502065667476,0.1881176176525297,0.1871666666666666,0.13975,0.1659830241619065,0.1323689715752779,0.0767129668597282,10.502083333333331,9.8625,0.0,790.7479166666667,54.84166666666667,12.833333333333334,2024-05-29,0.1881176176525297,988.6082074482575
2024-05-30,2024-05-30,4539.916666666667,0.0105062035814643,95.18995583042208,1912.5192276450612,0.2108396841382172,1864.594493470772,0.1720722477610518,0.1706875,0.132375,0.1535711913153541,0.1171386932341854,0.067886428255247,10.829166666666666,10.25,0.0,789.4666666666667,47.19791666666666,13.264583333333334,2024-05-30,0.1720722477610518,1005.819459397642
2024-05-31,2024-05-31,4535.1875,0.0105209879171605,95.05473286138108,1916.9000924398792,0.2085462968789924,1870.693848060841,0.1694582984561012,0.1569583333333333,0.1253958333333333,0.1428576222636006,0.1039923158456077,0.0602675912956963,10.195833333333333,10.052083333333334,0.0,790.3208333333333,54.30833333333334,10.90625,2024-05-31,0.1694582984561012,1008.4324389302417
2024-06-01,2024-06-01,4554.5625,0.0104376283696827,95.82273934677004,1919.504475094399,0.2067978007166132,1869.2836856363415,0.1699732338509908,0.1473260869565217,0.1197173913043478,0.1349917585476983,0.0943402930325893,0.054673868708199,10.582608695652176,10.134782608695652,0.0,789.5749999999999,53.8,13.133333333333333,2024-06-01,0.1699732338509908,998.9223470322756
2024-06-02,2024-06-02,4723.395833333333,0.0102859032104265,97.22819742994932,1932.1639406373308,0.1998327813301824,1886.100103879392,0.1626832543349847,0.1377916666666666,0.1145208333333333,0.1273953008152532,0.0850188521864357,0.0492717312268389,11.395833333333334,10.645833333333334,0.0,785.9625,47.57291666666666,14.160416666666668,2024-06-02,0.1626832543349847,999.20070505484
2024-06-03,2024-06-03,4757.708333333333,0.0102186788997318,97.87441600524008,1965.9973377344056,0.1823439125608669,1909.413973028387,0.1529920624523628,0.128,0.1093333333333333,0.1196605695587587,0.0755277390376891,0.043771262047567,11.814583333333331,11.20625,0.0,785.9250000000001,49.62708333333333,14.81875,2024-06-03,0.1529920624523628,1016.6406141598073
2024-06-04,2024-06-04,4697.604166666667,0.0103956442998242,96.20314955101188,1948.2517066254427,0.1915080484926835,1872.8613638013417,0.1685994466145833,0.1224166666666666,0.1053333333333333,0.1147845986289235,0.0695445457927773,0.0403037688756401,12.73125,11.704166666666666,1.6990999,786.8520833333333,55.52708333333334,16.181250000000002,2024-06-04,0.1685994466145833,1001.0819121428478
2024-06-05,2024-06-05,4536.75,0.0104884098427075,95.35525593305468,1957.0259586431036,0.1871350928159079,1893.1522380748104,0.1597027445948401,0.1159375,0.1017083333333333,0.1095805457685627,0.0631587706582798,0.0366029638422808,11.98125,11.479166666666666,0.0,791.9104166666666,65.8,13.089583333333332,2024-06-05,0.1597027445948401,1000.0330169623887
2024-06-06,2024-06-06,4528.833333333333,0.0105054353187365,95.20046790312716,1973.3484809061847,0.178768673255437,1907.8228557830955,0.1534713353866185,0.1079583333333333,0.0976875,0.1033697851106414,0.0555376872373631,0.0321862496157785,12.78125,11.95,0.0,792.7541666666666,60.47291666666666,15.01875,2024-06-06,0.1534713353866185,1015.2931345587385
2024-06-07,2024-06-07,4652.020833333333,0.0103620009642107,96.51251295262897,1994.5359325208208,0.1688042865515224,1922.7546053758824,0.147528671636814,0.1006666666666666,0.0936874999999999,0.0975486876512472,0.0483947506821204,0.0280466400930751,13.16875,12.4375,0.0,790.6458333333334,57.63541666666666,15.547916666666666,2024-06-07,0.147528671636814,1007.390873574113
2024-06-08,2024-06-08,4712.770833333333,0.0102950521262066,97.1442333333323,2002.9919420776237,0.1652565371329676,1917.4865692141232,0.1498860203942587,0.0960625,0.0903333333333333,0.0935029649873422,0.0434303362379431,0.025169568856501,13.00625,12.429166666666667,0.6613,789.8666666666667,69.51875,14.7625,2024-06-08,0.1498860203942587,1016.5013165940571
2024-06-09,2024-06-09,4615.958333333333,0.0104249004069274,95.93388445211812,1949.7207412175992,0.1908565374474156,1867.3553140496265,0.1714129780614098,0.0959166666666666,0.0882708333333333,0.0925008508497743,0.0422006647274262,0.0244569263942077,12.864583333333334,12.352083333333333,1.3014,790.56875,77.93958333333333,13.460416666666667,2024-06-09,0.1714129780614098,1024.3377745636215
2024-06-10,2024-06-10,4556.0,0.0105021162393827,95.22556680280545,1921.30654697022,0.2058461751308359,1833.3407841972935,0.1872282482328869,0.1077916666666666,0.0881874999999999,0.0990334032233541,0.0502166114580512,0.0291024792649277,13.389583333333334,12.702083333333334,0.0,790.6083333333332,73.02916666666667,14.46875,2024-06-10,0.1872282482328869,1022.5396774707307
2024-06-11,2024-06-11,4475.625,0.010563033847588,94.68830058208948,1894.1623682301208,0.2226810187262712,1821.2969326687405,0.1947586059570312,0.125125,0.0895208333333333,0.1092186533213378,0.0627147006511409,0.0363456080032527,13.520833333333334,12.772916666666667,1.8715999,791.7770833333334,73.67916666666666,15.077083333333334,2024-06-11,0.1947586059570312,1024.1058659984126
2024-06-12,2024-06-12,4549.708333333333,0.0104550296752541,95.65828007287853,1938.3824009968096,0.1969208872243044,1865.917256077643,0.1717674618675595,0.1208958333333333,0.0893958333333333,0.1068230444637387,0.0597751034015891,0.0346419970761438,14.18125,13.35,0.0,792.15,57.78333333333333,17.114583333333332,2024-06-12,0.1717674618675595,1022.2622909797212
2024-06-13,2024-06-13,4668.104166666667,0.0103595809561612,96.53566096720522,1972.5553370579216,0.1791665268517479,1904.809133264721,0.1546608529439786,0.1108333333333333,0.0883333333333333,0.1007813412836229,0.0523614665741332,0.030345506218154,14.145833333333334,13.439583333333331,0.0,792.6583333333333,54.71875,16.639583333333334,2024-06-13,0.1546608529439786,1025.9764757146008
2024-06-14,2024-06-14,4648.583333333333,0.0103721320075989,96.42161045949037,1985.6424550241468,0.1727277812699968,1906.2256996325896,0.1540876116071428,0.1019375,0.0857708333333333,0.0947149575642821,0.0449175448172352,0.0260314640657711,14.585416666666667,13.914583333333333,0.5247,793.3729166666667,59.05,16.422916666666666,2024-06-14,0.1540876116071428,1017.6474596508102
2024-06-15,2024-06-15,4724.25,0.0102793378222774,97.28861572221663,1990.4231746220355,0.1704893927373841,1907.6334300182127,0.1537315731956845,0.0968958333333333,0.0835208333333333,0.0909204825037832,0.0402614306039516,0.0233330648028018,13.079166666666666,13.05625,0.703,790.9499999999999,76.67291666666667,12.35,2024-06-15,0.1537315731956845,1028.3348574282657
2024-06-16,2024-06-16,4763.770833333333,0.0101790615791198,98.26348958004726,1965.342927177416,0.1827587277263522,1904.134104358168,0.155277350010016,0.1045833333333333,0.0825208333333333,0.0947267966845894,0.0449320723330198,0.0260398833261436,13.014583333333334,12.545833333333334,0.0,786.2479166666667,70.36666666666666,14.21875,2024-06-16,0.155277350010016,1034.547636075973
2024-06-17,2024-06-17,5070.020833333333,0.0098772327589212,101.26181337227696,2003.4536808924247,0.1646974140394414,1951.515077534979,0.1368945893787202,0.0992083333333333,0.080375,0.0907944436917238,0.0401067712387171,0.0232434336859427,13.402083333333332,12.979166666666666,0.0,781.6166666666667,50.88958333333333,15.366666666666667,2024-06-17,0.1368945893787202,1035.9558243027743
2024-06-18,2024-06-18,5108.166666666667,0.0099334983941092,100.68057713933338,2037.7705044834768,0.1505055564583495,1988.442250650664,0.1244457156159156,0.0926874999999999,0.0775833333333333,0.0859396349666295,0.0341495456548671,0.0197909897834839,13.85,13.35625,0.0,782.9895833333334,33.625,16.787499999999998,2024-06-18,0.1244457156159156,1043.4335662705098
2024-06-19,2024-06-19,4981.833333333333,0.0100385185797234,99.62124661501392,2048.759921409226,0.1457842172352306,1982.445610793367,0.1262832641601562,0.0867916666666666,0.0746458333333333,0.0813654524398322,0.0285366701088162,0.0165381101197093,12.847916666666668,12.766666666666666,0.0,788.7125,56.864583333333336,12.879166666666668,2024-06-19,0.1262832641601562,1025.987852723915
2024-06-20,2024-06-20,4895.291666666667,0.0101998175989926,98.06567352854042,2026.3733731329853,0.1551900558783251,1940.7206869918696,0.1413312639508928,0.0834166666666666,0.072625,0.078595433442824,0.0251376426761943,0.0145682415342626,13.589583333333335,13.052083333333334,0.7493,791.2916666666666,65.25416666666666,15.11875,2024-06-20,0.1413312639508928,1032.260905062225
2024-06-21,2024-06-21,4531.354166666667,0.0105390103353344,94.9069741730472,1939.1119451978384,0.197096258024156,1842.193304642863,0.1838535215796494,0.0878333333333333,0.07125,0.0804246428966948,0.027382224074529,0.0158690637464113,13.425,13.102083333333333,11.3305,794.4291666666667,89.12916666666666,12.683333333333332,2024-06-21,0.1838535215796494,1039.1115519596908
2024-06-22,2024-06-22,4286.604166666667,0.0108562581696475,92.1245700084886,1828.440445627824,0.2681322239933757,1743.0923517345486,0.243114764873798,0.2105,0.0902916666666666,0.1567963017344173,0.121096153020371,0.0701799301070289,13.40625,12.989583333333334,18.0607,794.8395833333334,85.79791666666667,12.804166666666667,2024-06-22,0.243114764873798,1016.7378645436511
2024-06-23,2024-06-23,4267.979166666667,0.0107696044257863,92.86994258130098,1795.9869404923152,0.2950068092669913,1715.3931175116131,0.2655408905773628,0.2206458333333333,0.1139375,0.1729733302975769,0.1409466175564901,0.0816840462906582,13.45625,13.027083333333332,3.5135,795.6395833333332,79.47916666666667,14.020833333333334,2024-06-23,0.2655408905773628,999.0515578779786
2024-06-25,2024-06-25,4505.479166666667,0.0105270314014825,95.00252968874108,1898.7300231812212,0.2194495682419595,1816.650210500496,0.1962898068311737,0.1708958333333333,0.1131666666666666,0.1451050278057892,0.1067500561709903,0.0618658090628299,14.883333333333333,14.164583333333333,0.0,793.3520833333333,63.46458333333334,17.047916666666666,2024-06-25,0.1962898068311737,1013.053688486461
2024-06-26,2024-06-26,4480.541666666667,0.0105750747185068,94.56754329354878,1915.9669034982085,0.2095190599965101,1825.1626533667504,0.1921289955697408,0.1494583333333333,0.1074166666666666,0.1306760000404484,0.0890445237347768,0.0516047644475466,15.004166666666668,14.43125,0.0,793.8874999999999,72.55833333333334,16.087500000000002,2024-06-26,0.1921289955697408,1021.3125085826732
2024-06-27,2024-06-27,4531.979166666667,0.0104907458063959,95.33285917755585,1928.064008764064,0.2025033372568588,1827.8303751348556,0.1903334397536057,0.1350833333333333,0.1017916666666666,0.1202101080597803,0.0762020652579322,0.0441620603167576,15.445833333333333,14.652083333333332,1.6262,790.8708333333334,72.98125,17.1375,2024-06-27,0.1903334397536057,1020.1184444286976
2024-06-29,2024-06-29,4446.1875,0.0106065740114024,94.29253363631558,1926.5254397053925,0.2039410052558672,1835.677869959729,0.1873587674872819,0.1465208333333333,0.0953333333333333,0.123652551420242,0.080426209363115,0.0466101161027567,15.625,14.720833333333331,9.5222,792.9041666666667,66.325,18.141666666666666,2024-06-29,0.1873587674872819,1040.711097527588
2024-06-30,2024-06-30,4443.166666666667,0.0106418617343651,93.98429856326398,1927.3834629678515,0.2030819316798824,1824.545469071302,0.1927413940429687,0.13375,0.0913333333333333,0.1148001335062866,0.0695636082881524,0.0403148163330508,16.833333333333332,15.66875,1.3853999,795.2229166666666,63.2125,19.60625,2024-06-30,0.1927413940429687,1029.0739660870343
2024-07-01,2024-07-01,4307.208333333333,0.0107749054214909,92.81776291391978,1822.115260884348,0.2726063983846528,1715.438901628719,0.2645538330078125,0.2036875,0.0986666666666666,0.1567688963679719,0.1210625245172995,0.0701604410816858,16.189583333333335,15.808333333333332,7.5383997,792.9583333333334,90.39166666666668,15.827083333333334,2024-07-01,0.2645538330078125,1028.110504767289
2024-07-02,2024-07-02,4296.5625,0.0107952366128001,92.6474442415042,1796.0396302201489,0.2944207818032165,1705.1837154896373,0.2740123851879223,0.2666875,0.1677083333333333,0.2224680423813201,0.2016804552392169,0.1168816671679158,15.664583333333333,15.177083333333334,23.732899,791.4708333333333,78.61874999999999,15.75625,2024-07-02,0.2740123851879223,1008.907767558376
2024-07-03,2024-07-03,4435.708333333333,0.0105740893111603,94.58806778571554,1814.225656625256,0.2340413296083044,1748.8477193178717,0.3041803269159226,0.2288958333333333,0.1591041666666666,0.1977160431791389,0.171307838881236,0.0992795547968306,14.752083333333331,14.664583333333333,0.62229997,792.21875,72.03750000000001,14.158333333333331,2024-07-03,0.3041803269159226,1033.0416964749288
2024-07-04,2024-07-04,4497.1875,0.010559885621797,94.70858844770578,1902.291793679985,0.2178888890858961,1841.058366995322,0.1840986772017045,0.1919791666666666,0.1412708333333333,0.169324954954634,0.1364697789901995,0.0790895442371546,14.175,14.127083333333331,0.0,794.0270833333334,60.77916666666667,13.783333333333331,2024-07-04,0.1840986772017045,1036.0823600439048
2024-07-05,2024-07-05,4492.583333333333,0.0105182774818,95.08900400894268,1920.3015367587147,0.2067718583363413,1867.0689089523855,0.171110607328869,0.1622291666666666,0.1271041666666666,0.1465368901890631,0.1085070619986557,0.0628840622699525,13.55625,13.695833333333333,0.0,795.8249999999999,63.09375,12.239583333333334,2024-07-05,0.171110607328869,1038.865336237084
2024-07-06,2024-07-06,4666.666666666667,0.01031589444581,96.95143193933144,1952.9308346393289,0.1890498520075765,1892.168876403714,0.1599609375,0.13825,0.1151458333333333,0.1279280933489547,0.085672629810309,0.0496506207852979,13.166666666666666,13.297916666666666,0.0,793.6208333333334,59.92083333333333,12.9625,2024-07-06,0.1599609375,1041.1520423177506
2024-07-07,2024-07-07,4790.75,0.0102288778675681,97.76869652894354,1972.683700894652,0.178917857726282,1912.77707557881,0.151409912109375,0.1210416666666666,0.1055208333333333,0.1141076536323756,0.0687138819539633,0.0398223668765147,13.683333333333332,13.4625,0.0,791.5458333333332,57.43958333333333,14.233333333333334,2024-07-07,0.151409912109375,1035.636428407078
2024-07-08,2024-07-08,4758.0625,0.010241336417169,97.65356372301864,1991.80691830157,0.1703058846957542,1928.146985494318,0.1456647600446428,0.1106041666666666,0.0961458333333333,0.1041448310347231,0.0564887284974919,0.0327374150120361,13.566666666666668,13.472916666666668,0.0,793.1,62.70625,13.216666666666669,2024-07-08,0.1456647600446428,1044.0164589228953
2024-07-09,2024-07-09,4812.916666666667,0.0101920752896277,98.12447428935444,2021.9322308267197,0.156773700420934,1956.6859004701373,0.1350722539992559,0.1000625,0.0886874999999999,0.0949806595748686,0.0452435817230693,0.0262204151322835,13.7625,13.533333333333331,0.0,793.8562499999999,63.1625,13.9,2024-07-09,0.1350722539992559,1041.9294092136554
2024-07-10,2024-07-10,4793.0,0.0102256954721174,97.80121888908148,2041.244411990264,0.1489889913872363,1965.217881110862,0.1321318870367006,0.0914791666666666,0.0824375,0.0874397550466904,0.0359903089528304,0.0208577837019738,14.44375,13.96875,0.0,795.5020833333333,58.94791666666666,15.639583333333334,2024-07-10,0.1321318870367006,1048.1153720749896
2024-07-11,2024-07-11,4811.375,0.0101668401319942,98.37353165132096,2089.166726164593,0.131883859011933,2005.017550860949,0.1200003275057164,0.0850833333333333,0.0764166666666666,0.0812114549141856,0.0283477032407932,0.0164285964707648,14.995833333333332,14.352083333333333,0.0,795.4854166666668,64.02291666666666,16.585416666666667,2024-07-11,0.1200003275057164,1065.7373593485017
2024-07-12,2024-07-12,4926.583333333333,0.0100642061125131,99.36947796943043,2100.6021219963554,0.1265468183034424,2023.672859746364,0.1133602827023237,0.0800909090909091,0.0719696969696969,0.0764627153275119,0.0225206326889613,0.0130515824710922,14.50909090909091,14.784848484848483,0.0,794.8604166666668,58.62708333333333,17.839583333333334,2024-07-12,0.1133602827023237,1057.169497819163
2024-08-01,2024-08-01,4854.770833333333,0.0101555182592387,98.47448129384576,2178.458433734338,0.1019349760850082,2117.395247175701,0.0885412042791193,0.065590909090909,0.052,0.059519099751791,0.0017295066310253,0.0010023163532254,14.136363636363637,14.202272727272726,0.0,796.5124999999999,51.26666666666667,15.633333333333333,2024-08-01,0.0885412042791193,1069.492955169742
2024-08-02,2024-08-02,4808.395833333333,0.010186027081903,98.18550321399144,2198.4448902545023,0.0963913401908048,2121.086450471049,0.0877425030964176,0.0635,0.0507916666666666,0.0578224859719228,0.000352369625623,0.0002042119017101,15.052083333333334,14.670833333333334,0.0,798.2604166666666,52.775,16.966666666666665,2024-08-02,0.0877425030964176,1076.1712771265463
2024-08-03,2024-08-03,4920.583333333333,0.0100499542425867,99.51852169936444,2212.6599625082117,0.0925058486404837,2132.48545849706,0.085103104754192,0.0617083333333333,0.0498333333333333,0.0564031153070972,0.0020940471491388,0.0012135817604599,15.522916666666667,15.075,0.0,796.5041666666666,53.71666666666667,17.608333333333334,2024-08-03,0.085103104754192,1080.379729473395
2024-08-04,2024-08-04,5049.770833333333,0.0100795643781999,99.2855710645468,2171.9567053379733,0.106612721643765,2068.287324030921,0.1044646472465701,0.06,0.048,0.0546389375734877,0.0042588295997414,0.0024681573790153,16.080000000000002,15.5525,0.0,794.05625,55.23333333333333,19.391666666666666,2024-08-04,0.1044646472465701,1071.4475745645998
2024-08-05,2024-08-05,4464.4375,0.0105827950860267,94.51000195041328,1996.833081261051,0.1685679182367195,1892.7924789466604,0.1607711791992187,0.0965416666666666,0.0556666666666666,0.0782805477763593,0.0247512536226864,0.014344314051077,16.258333333333333,15.802083333333334,6.2328,796.0791666666668,79.95833333333333,17.241666666666667,2024-08-05,0.1607711791992187,1079.231607750648
2024-08-06,2024-08-06,4569.5,0.0104281221634907,95.90588000976123,2050.031888747728,0.1457872329779014,1944.062770109869,0.1396819324028201,0.0917916666666666,0.056,0.0758015533875902,0.0217093358806627,0.0125814044193346,16.66875,16.0625,1.3787,796.7166666666667,63.80833333333334,18.9,2024-08-06,0.1396819324028201,1074.7249749417456
2024-08-07,2024-08-07,4727.4375,0.0102462449140751,97.6142958308437,2085.165741476695,0.1325316790398565,1982.867382579737,0.1265069870721726,0.0857499999999999,0.056,0.0724590327342717,0.0176078046611996,0.0102044075690277,17.010416666666668,16.375,1.6001999,795.0,60.24166666666667,19.675,2024-08-07,0.1265069870721726,1086.345308440956
2024-08-08,2024-08-08,4804.604166666667,0.0101857077892896,98.18794515689338,2093.8066237105886,0.129702133935414,1994.028982618628,0.1228883324599847,0.0802083333333333,0.056,0.0693931344798485,0.0138457105081749,0.0080241276994358,15.83125,15.725,2.3602,794.2145833333334,76.23333333333333,15.041666666666666,2024-08-08,0.1228883324599847,1084.9556214533384
2024-08-09,2024-08-09,4821.395833333333,0.0102301224015429,97.75746201618968,2105.1799767148104,0.1250882604833961,1998.5527352070355,0.1211259171769425,0.0775416666666666,0.056,0.0679178150190735,0.0120353794871705,0.0069749704689554,16.060416666666665,15.7125,0.0,794.40625,73.11666666666666,16.224999999999998,2024-08-09,0.1211259171769425,1079.3131796057312
2024-08-10,2024-08-10,4764.729166666667,0.0102404316760707,97.67301062613672,2110.2318237623617,0.1237794698018163,2009.9671858129132,0.1179518588753633,0.0745416666666666,0.05525,0.0659230142240445,0.0095876047129749,0.0055563897933009,15.2875,15.179166666666667,5.5594,796.0104166666666,75.00833333333334,15.333333333333334,2024-08-10,0.1179518588753633,1080.9717601944765
2024-08-11,2024-08-11,4423.6875,0.0107012664422289,93.4553622286116,1963.6350889605883,0.1834287188274445,1860.704568690331,0.1739213273331925,0.1191666666666666,0.0543333333333333,0.0902020377234269,0.0393798433224591,0.0228221506882305,15.697916666666666,15.258333333333333,8.7463,795.8708333333334,77.63333333333334,16.016666666666666,2024-08-11,0.1739213273331925,1063.792740135761
2024-08-12,2024-08-12,4516.9375,0.0104861714785319,95.37347664987854,2019.7724862373736,0.1577170216244452,1922.685250925596,0.1476058959960937,0.1255,0.056,0.0944505134464499,0.0445930514430461,0.0258434075358749,16.087500000000002,15.747916666666669,2.0894,794.9104166666666,66.19166666666666,17.208333333333332,2024-08-12,0.1476058959960937,1074.714013427343
2024-08-13,2024-08-13,4564.541666666667,0.0105062107306357,95.1885315636028,2072.00281229086,0.1406938732569617,1957.8293255239516,0.1381724287823933,0.1134166666666666,0.056,0.0877654721398129,0.03638998900412,0.021089413835261,15.439583333333331,15.4,2.0605,793.6895833333333,86.925,14.4,2024-08-13,0.1381724287823933,1090.0068251682524
2024-08-16,2024-08-16,4675.5,0.0103138724410713,96.96426955307405,2126.3140739397104,0.1271465036284089,2041.623066866128,0.1157012939453125,0.1509166666666666,0.0605416666666666,0.1105411652669963,0.0643375250390309,0.0372860978477066,14.522916666666667,14.366666666666667,0.2199,793.9499999999999,64.97500000000001,16.066666666666666,2024-08-16,0.1157012939453125,1088.7931812367574
2024-08-17,2024-08-17,4718.625,0.0103427684035162,96.69173612819246,2056.819220664986,0.1425738728719032,1968.2276321691884,0.1310060082412347,0.1272083333333333,0.0608749999999999,0.0975735715867795,0.0484252851945542,0.0280643360305183,14.470833333333331,14.370833333333332,0.0,795.2041666666668,65.69166666666666,15.191666666666668,2024-08-17,0.1310060082412347,1084.6298943865752
2024-08-18,2024-08-18,4541.541666666667,0.0105010842948756,95.23837214284906,2058.6667697955204,0.142354550328311,1948.12214992063,0.1383550734747023,0.11425,0.0605416666666666,0.0902555226813393,0.0394454735002208,0.0228601859286023,15.185416666666669,14.860416666666666,3.968,797.0187500000001,81.0,15.8,2024-08-18,0.1383550734747023,1086.2361184793072
2024-08-19,2024-08-19,4626.541666666667,0.0103516401068703,96.61255037017952,2089.375640399383,0.1306885694201949,1986.537963263333,0.125011737530048,0.1109166666666666,0.06,0.0881693809541737,0.0368856163416123,0.0213766491522944,15.366666666666667,15.0,2.6176,797.2270833333333,75.76666666666667,16.075,2024-08-19,0.125011737530048,1085.3702618451548
2024-08-20,2024-08-20,4726.6875,0.0102610963786661,97.46572520770448,2098.89764054284,0.1273835267781314,1994.2283637414407,0.1224263509114583,0.106,0.06,0.0854492606983697,0.0335478185216355,0.0194422655085963,17.9,16.0,1.3642,797.4125,77.59166666666667,14.816666666666668,2024-08-20,0.1224263509114583,1089.7064051898917
2024-09-16,2024-09-16,5139.75,0.0098903301666502,101.11558102919604,2236.8615883418934,0.0859488010823856,2148.41346749143,0.0815322875976562,0.0570833333333333,0.0460416666666666,0.0521504113089384,0.0073124436901644,0.0042378454995262,11.579166666666666,11.572916666666666,1.4462999,789.99375,76.35000000000001,10.6,2024-09-16,0.0815322875976562,1080.819427003288
2024-09-17,2024-09-17,4869.729166666667,0.0102073838367987,97.98902873739269,2086.3901461954365,0.1326567877638556,2002.5973412527876,0.1205474853515625,0.0605833333333333,0.0463333333333333,0.05421707170185,0.0047764916345984,0.0027681626601014,11.483333333333334,11.760416666666666,3.3862,787.5166666666668,90.79166666666669,10.016666666666667,2024-09-17,0.1205474853515625,1095.1614798944067
2024-09-18,2024-09-18,4760.895833333333,0.0102469018046976,97.60137012615786,2080.605131950904,0.1340045156702706,2028.2945821736992,0.1122291201636904,0.092625,0.0493333333333333,0.0732842227043534,0.0186203765419201,0.0107912323528451,10.079166666666667,10.725,8.9352,787.2729166666667,59.16666666666666,9.8,2024-09-18,0.1122291201636904,1096.803123232284
2024-09-19,2024-09-19,4743.666666666667,0.0102609379228461,97.4668880117869,2100.307840595668,0.1268864213335677,2044.972427837889,0.1073377655773628,0.0914583333333333,0.0496666666666666,0.0727876888410007,0.018011091109371,0.0104381277495607,9.66875,10.225,0.0,790.2145833333334,66.28333333333333,9.033333333333331,2024-09-19,0.1073377655773628,1095.0814371237461
2024-09-20,2024-09-20,4836.979166666667,0.0101400144963856,98.6339874135502,2127.759703328287,0.117503431823427,2069.2616997752525,0.1007428850446428,0.086125,0.05,0.0699859683201871,0.0145731634565026,0.0084457149736508,10.645833333333334,10.69375,0.0012,789.4875000000001,62.31666666666666,11.733333333333334,2024-09-20,0.1007428850446428,1088.4464867752504
2024-09-21,2024-09-21,4911.625,0.0102494431935798,97.67512484916016,2098.6396399480896,0.1328047832430791,2032.8868643582955,0.1157474961391715,0.0810833333333333,0.0507499999999999,0.0675317588663163,0.0115616587454819,0.0067004308761381,9.777083333333334,10.504166666666666,0.0,788.74375,72.675,8.041666666666666,2024-09-21,0.1157474961391715,1079.8563335205695
2024-09-22,2024-09-22,4239.666666666667,0.0108414945635736,92.24969372642153,1909.1749241615853,0.2135537560196476,1840.6220996583716,0.1842233758223684,0.1816666666666666,0.0912083333333333,0.1412539356668122,0.1020244684258971,0.05912714718635,9.314583333333331,9.710416666666667,21.228199,792.03125,87.71666666666665,7.725,2024-09-22,0.1842233758223684,1049.942476797758
2024-09-23,2024-09-23,4361.958333333333,0.0106769223706826,93.67379805766348,1956.5194404073804,0.1877504714696588,1893.0908563892249,0.1598142966245993,0.1744166666666666,0.094625,0.1387693244903787,0.0989756584512298,0.0573602432377516,9.241666666666667,9.683333333333334,0.1375,792.4520833333332,79.49166666666666,8.058333333333334,2024-09-23,0.1598142966245993,1061.4565837342284
2024-09-24,2024-09-24,4457.916666666667,0.0105695313170238,94.61863294120091,1970.5799888684892,0.1801374692516511,1908.1403505475917,0.1533285001429115,0.160875,0.0954583333333333,0.1316497638554715,0.0902394072080428,0.0522972458893456,9.666666666666666,9.84375,0.0,792.9083333333333,74.88333333333334,9.558333333333334,2024-09-24,0.1533285001429115,1050.9219943779533
2024-09-25,2024-09-25,4502.354166666667,0.0105243306991921,95.0299602472816,1988.580554713533,0.1718010812214636,1923.636161106864,0.1473544981421494,0.1471249999999999,0.0949166666666666,0.1238006554846533,0.0806079444986359,0.046715438681474,10.010416666666666,10.03125,0.0,793.81875,72.66666666666667,10.941666666666668,2024-09-25,0.1473544981421494,1054.3389517120856
2024-09-26,2024-09-26,4539.75,0.0105058961846833,95.19074763612954,2018.0441155122105,0.1583878145863066,1948.1223978777823,0.1379438127790178,0.1349583333333333,0.0931666666666666,0.1162876888410008,0.0713889536723168,0.0413726749708912,10.6875,10.56875,0.0,792.8833333333333,68.85833333333333,11.783333333333331,2024-09-26,0.1379438127790178,1067.200275187051
2024-09-27,2024-09-27,4536.229166666667,0.010490806428166,95.32908725631007,2020.4797703313857,0.157616893587095,1955.247633992524,0.1356709798177083,0.1252916666666666,0.0898333333333333,0.1094504717883266,0.0629991598297727,0.0365104631598927,10.670833333333334,10.65,0.0,794.5583333333334,68.73333333333333,11.458333333333334,2024-09-27,0.1356709798177083,1058.572543458506
2024-09-28,2024-09-28,4530.020833333333,0.0105014653072852,95.23193828685804,2037.9971789765584,0.1502631328684117,1969.6449874635127,0.1305959601151315,0.1171249999999999,0.08725,0.1037781883339955,0.0560388295621093,0.0324766810824036,10.822916666666666,10.766666666666666,0.0,795.8104166666667,67.95,12.0,2024-09-28,0.1305959601151315,1063.9835118811225
2024-09-29,2024-09-29,4632.5,0.0103636907131365,96.49838849646298,2064.786895245149,0.1397308258256922,1992.853783930399,0.1228783017113095,0.1100833333333333,0.0850416666666666,0.0988958384780074,0.050047808881715,0.0290046516072054,10.95625,10.897916666666667,0.0,795.0041666666666,67.47500000000001,12.15,2024-09-29,0.1228783017113095,1061.603739948828
2024-09-30,2024-09-30,4667.0,0.0101545085618562,98.47842403288143,2148.4054466796224,0.1105510660693426,2080.477395988892,0.097381591796875,0.106,0.082,0.0952778751469755,0.0456082882048966,0.0264317767219445,13.8,12.0,0.0,792.2,48.4,18.2,2024-09-30,0.097381591796875,1063.5657997912601
2023-06-29,,,,,,,,,,,,,,,,,,,,,,1002.7567035945027
2023-06-30,,,,,,,,,,,,,,,,,,,,,,1006.4688037276749
2024-05-06,,,,,,,,,,,,,,,,,,,,,,987.0372562782056
2024-07-13,,,,,,,,,,,,,,,,,,,,,,1058.5743385852884
2024-07-14,,,,,,,,,,,,,,,,,,,,,,1049.2751837577848
2024-07-15,,,,,,,,,,,,,,,,,,,,,,1046.6470380409387
2024-07-16,,,,,,,,,,,,,,,,,,,,,,1051.252022385638
2024-07-17,,,,,,,,,,,,,,,,,,,,,,1049.7655340221438
2024-07-18,,,,,,,,,,,,,,,,,,,,,,1051.2115371238901
2024-07-19,,,,,,,,,,,,,,,,,,,,,,1072.014752090729
2024-07-20,,,,,,,,,,,,,,,,,,,,,,1056.0871608285127
2024-07-21,,,,,,,,,,,,,,,,,,,,,,1059.8702542087942
2024-07-22,,,,,,,,,,,,,,,,,,,,,,1058.4134570248007
2024-07-23,,,,,,,,,,,,,,,,,,,,,,1064.7077892025673
2024-07-24,,,,,,,,,,,,,,,,,,,,,,1061.9714142414618
2024-07-25,,,,,,,,,,,,,,,,,,,,,,1056.5764201626262
2024-07-26,,,,,,,,,,,,,,,,,,,,,,1067.2392084319301
2024-07-27,,,,,,,,,,,,,,,,,,,,,,1070.3726290823256
2024-07-28,,,,,,,,,,,,,,,,,,,,,,1083.602397735604
2024-07-29,,,,,,,,,,,,,,,,,,,,,,1075.3806847249248
2024-07-30,,,,,,,,,,,,,,,,,,,,,,1069.9624404653534
2024-07-31,,,,,,,,,,,,,,,,,,,,,,1059.608484611071
2024-08-15,,,,,,,,,,,,,,,,,,,,,,1065.0023315580302
2024-08-21,,,,,,,,,,,,,,,,,,,,,,1102.0800006273676
2024-08-22,,,,,,,,,,,,,,,,,,,,,,1090.9113464833104
2024-08-23,,,,,,,,,,,,,,,,,,,,,,1087.8236532728597
2024-08-24,,,,,,,,,,,,,,,,,,,,,,1078.1473678832785
2024-08-25,,,,,,,,,,,,,,,,,,,,,,1079.8507180013116
2024-08-26,,,,,,,,,,,,,,,,,,,,,,1070.8805018727433
2024-08-27,,,,,,,,,,,,,,,,,,,,,,1063.1001929935887
2024-08-28,,,,,,,,,,,,,,,,,,,,,,1079.7988401824134
2024-08-29,,,,,,,,,,,,,,,,,,,,,,1097.775692174254
2024-08-30,,,,,,,,,,,,,,,,,,,,,,1083.808697593428
2024-08-31,,,,,,,,,,,,,,,,,,,,,,1079.939218639221
2024-09-01,,,,,,,,,,,,,,,,,,,,,,1086.9062623000746
2024-09-02,,,,,,,,,,,,,,,,,,,,,,1078.9174272770292
2024-09-03,,,,,,,,,,,,,,,,,,,,,,1083.8714969673736
2024-09-04,,,,,,,,,,,,,,,,,,,,,,1078.9616221213876
2024-09-05,,,,,,,,,,,,,,,,,,,,,,1089.9414857220338
2024-09-06,,,,,,,,,,,,,,,,,,,,,,1077.3478854092405
2024-09-07,,,,,,,,,,,,,,,,,,,,,,1087.2886204541853
2024-09-08,,,,,,,,,,,,,,,,,,,,,,1091.6885824830551
2024-09-09,,,,,,,,,,,,,,,,,,,,,,1103.0871113736073
2024-09-10,,,,,,,,,,,,,,,,,,,,,,1089.8049759559017
2024-09-11,,,,,,,,,,,,,,,,,,,,,,1084.7358998720208
2024-09-12,,,,,,,,,,,,,,,,,,,,,,1072.8674031493128
2024-09-13,,,,,,,,,,,,,,,,,,,,,,1087.5329427297468
2024-09-14,,,,,,,,,,,,,,,,,,,,,,1089.1190702448907
