date,Date (aggregated based on UTC),Raw_Moderated_cph,Raw_Mod_Coeff_of_Var,Raw_Mod_sqrt,Corrected_Mod_cph_for_Des,SWC_Des_cm3_cm3,Corrected_Mod_cph_for_UTS,SWC_UTS_cm3_cm3,SWC_5,SWC_10,SWC_20,SWC_50,WeightedTDR_SWC,WeightedTDR_SD,WeightedTDR_SE,sT_5,sT_10,sT_20,sT_50,PRISM_ppt_mm,BaroPress,airRH,airT,date,CRNS,Bare
2023-07-01,2023-07-01,7693.770833333333,0.0080590023893889,124.09031968219672,1852.5923366154277,0.1480654773564674,1802.9371091831647,0.1494970987009447,0.0731521739130434,0.0729565217391304,0.1291521739130434,0.2107391304347826,0.0949783042346613,0.0,0.0,13.558695652173911,13.417391304347827,13.17608695652174,11.33695652173913,0.6727,716.7770833333334,66.90208333333334,8.452083333333333,2023-07-01,0.1494970987009447,666.7891381793526
2023-07-02,2023-07-02,7669.375,0.0080382285500471,124.41039365406796,1853.526206559194,0.1473596706554127,1804.1137598777227,0.1487646768259447,0.0753260869565217,0.0738478260869565,0.1282608695652174,0.2080217391304347,0.0957258421893761,0.0008577777623932,0.0004206776627265,17.280434782608694,15.802173913043475,14.030434782608696,11.221739130434784,0.0,716.9583333333334,57.0,11.16875,2023-07-02,0.1487646768259447,672.4041870243243
2023-07-03,2023-07-03,7746.0,0.0080293790255604,124.5461128522557,1862.7661262609377,0.1427922127781027,1814.8503748635744,0.1436087868430397,0.0744782608695652,0.0739782608695652,0.126891304347826,0.2048260869565217,0.0949142696574411,7.347778934477088e-05,3.603551646947962e-05,17.817391304347826,16.62608695652174,14.943478260869565,11.402173913043478,0.0,716.5020833333333,50.927083333333336,12.389583333333334,2023-07-03,0.1436087868430397,671.5190138659408
2023-07-04,2023-07-04,7752.6875,0.0080001982070928,125.00074673409782,1855.649897679296,0.1463275445286289,1804.593529726887,0.1484178331163194,0.0734565217391304,0.0941739130434782,0.1253043478260869,0.2011086956521739,0.1004028732688367,0.0062245330270322,0.0030526811491015,17.445652173913043,16.81304347826087,15.369565217391305,11.66304347826087,0.0,715.2291666666666,49.0,12.708333333333334,2023-07-04,0.1484178331163194,668.9603427837521
2023-07-05,2023-07-05,7804.770833333333,0.0079858841998079,125.2280059338409,1864.9170906084544,0.1420178284038455,1815.5677783088995,0.1435567220052083,0.0725217391304347,0.0941086956521739,0.1229999999999999,0.1974782608695652,0.0992590626547308,0.0049120440718142,0.0024090006875155,16.639130434782608,15.732608695652177,14.7,11.839130434782607,0.1478,714.9145833333333,50.97291666666666,12.716666666666669,2023-07-05,0.1435567220052083,675.9014207610778
2023-07-06,2023-07-06,7976.916666666667,0.0078631460388806,127.1855359179302,1888.583789887309,0.1308315240264492,1850.2877086690503,0.1282889626242897,0.0723043478260869,0.0937391304347826,0.121695652173913,0.1928043478260869,0.0984432690321236,0.0039759449429859,0.0019499120857112,17.795652173913044,16.680434782608696,15.204347826086956,11.910869565217393,0.0,714.6666666666666,45.85625,12.510416666666666,2023-07-06,0.1282889626242897,676.1792186482284
2023-07-07,2023-07-07,8132.208333333333,0.0078370375620718,127.6041363610853,1882.3770826829011,0.1336974525343233,1841.1395884101544,0.1321161443536931,0.0712391304347826,0.093195652173913,0.1196304347826087,0.1878478260869565,0.0970548644854065,0.0023827916617804,0.0011685861664745,18.506521739130434,17.391304347826086,15.791304347826086,12.097826086956522,0.0,713.1270833333333,40.56875,12.754166666666668,2023-07-07,0.1321161443536931,670.6578900220657
2023-07-08,2023-07-08,8171.895833333333,0.0077980960877365,128.24231280895148,1897.7183118026912,0.1268811856807922,1861.678300326484,0.1236916400016622,0.0699148936170212,0.0921063829787234,0.117531914893617,0.182531914893617,0.0953577618467743,0.0004354164218531,0.0002135401157368,18.98936170212766,17.663829787234043,16.01276595744681,12.334042553191493,0.0,712.6125000000001,38.07083333333333,13.272916666666667,2023-07-08,0.1236916400016622,679.4601024820482
2023-07-09,2023-07-09,8152.4375,0.0078377235342742,127.59358011019395,1913.789041740592,0.1197978793637389,1880.0711750630403,0.1162804136884973,0.0678333333333333,0.0909583333333333,0.1152916666666666,0.1763958333333333,0.0932586653978955,0.0019732348628213,0.0009677283166986,19.08333333333333,17.8625,16.289583333333333,12.545833333333334,0.0,714.6104166666668,32.266666666666666,12.941666666666668,2023-07-09,0.1162804136884973,677.982693707962
2023-07-10,2023-07-10,8014.395833333333,0.0078988047868222,126.6122411805096,1900.3272277547571,0.1256768257683121,1854.7078556856304,0.1265836675116356,0.0656666666666666,0.0897083333333333,0.1133333333333333,0.1704166666666666,0.0911664780747558,0.004373958129421,0.0021451086323514,19.275,18.32708333333333,16.741666666666667,12.7625,0.0,716.0583333333334,37.9875,13.98125,2023-07-10,0.1265836675116356,676.1158664466066
2023-07-11,2023-07-11,7979.041666666667,0.0079141952355459,126.36105259102122,1910.087235299172,0.1215445461710874,1862.3435124074845,0.1232813054865056,0.0636170212765957,0.0879787234042553,0.1108936170212765,0.1646382978723404,0.0888739850841209,0.0070045262435967,0.0034352111442503,18.627659574468087,17.32127659574468,16.06595744680851,12.94255319148936,0.0,716.9499999999999,41.475,14.491666666666667,2023-07-11,0.1232813054865056,674.4757946318952
2023-07-12,2023-07-12,7898.166666666667,0.0079230630346435,126.22124936939396,1911.2825851705973,0.1210567037561638,1853.763920528804,0.1269576701712101,0.0623749999999999,0.0873958333333333,0.1097083333333333,0.1576458333333333,0.0874551544836458,0.0086325925243983,0.004233659352864,19.5875,18.34583333333333,16.743750000000002,13.00625,0.0,716.8854166666666,48.5875,14.520833333333334,2023-07-12,0.1269576701712101,676.47983012113
2023-07-13,2023-07-13,8072.708333333333,0.007857050404041,127.28046998700408,1908.709869569452,0.122157079197153,1857.5365508980683,0.1252998683763587,0.0604166666666666,0.0857916666666666,0.1078124999999999,0.150875,0.085288654695717,0.0111185871532916,0.0054528590755472,18.979166666666668,17.752083333333335,16.48125,13.183333333333332,0.0,716.3395833333334,45.31458333333333,14.827083333333334,2023-07-13,0.1252998683763587,679.5616155082539
2023-07-14,2023-07-14,8184.708333333333,0.0077912535219556,128.35303066351227,1915.064513181982,0.1192173148373685,1874.077782354328,0.118483833644701,0.0594893617021276,0.0849787234042553,0.1064893617021276,0.1434255319148936,0.0838562065714315,0.0127622791411623,0.006258970558049,20.18723404255319,18.638297872340427,17.004255319148935,13.302127659574468,0.0,716.4479166666666,42.65,14.147916666666667,2023-07-14,0.118483833644701,674.2976370867873
2023-07-15,2023-07-15,8051.229166666667,0.0078884683998888,126.77830693172108,1932.825906998508,0.1127194535096308,1895.080418533979,0.111411716627038,0.0576458333333333,0.0836041666666666,0.104875,0.136375,0.0818504795162278,0.0150637917995269,0.0073876952794211,20.07708333333333,18.70833333333333,17.2375,13.516666666666666,0.0,717.9458333333333,35.639583333333334,13.147916666666667,2023-07-15,0.111411716627038,683.7251061698163
2023-07-16,2023-07-16,7959.583333333333,0.0079422341467815,125.91515236181267,1934.8874893810469,0.1113151411229215,1896.2783518975343,0.1103340311253324,0.056,0.0824583333333333,0.1034583333333333,0.1300625,0.0800901236336426,0.017083748271912,0.0083783371506228,20.32708333333333,18.872916666666665,17.377083333333335,13.69375,0.0,719.4270833333334,37.87291666666667,13.497916666666669,2023-07-16,0.1103340311253324,675.7754003385563
2023-07-17,2023-07-17,7817.458333333333,0.0079579328515378,125.66996510061368,1947.0869244467217,0.1066048561229544,1904.6225298063328,0.1074191623263888,0.0547872340425531,0.0814468085106383,0.1023617021276595,0.1242553191489361,0.0786470042428569,0.0187396852234566,0.0091904538980362,21.227659574468085,19.41489361702128,17.672340425531914,13.863829787234042,0.0,719.5500000000001,35.09583333333333,16.014583333333334,2023-07-17,0.1074191623263888,681.4599767045548
2023-07-18,2023-07-18,7967.5625,0.0079365179598637,126.00797696130866,1952.8041060267,0.1044137244970368,1899.911258862632,0.1090061918218085,0.0525,0.0801666666666666,0.1011666666666666,0.1189791666666666,0.0767147586030408,0.020956880124213,0.0102778268861831,21.141666666666666,19.7,18.079166666666666,14.079166666666666,0.0,718.4208333333332,35.547916666666666,16.589583333333334,2023-07-18,0.1090061918218085,683.0931937147917
2023-07-19,2023-07-19,7804.458333333333,0.0080071244026865,124.894743417897,1924.9771066316068,0.1151959429452017,1858.273449401486,0.1248481218204941,0.0508541666666666,0.0785208333333333,0.1002083333333333,0.1154583333333333,0.0750889856070566,0.0228224067023071,0.0111927321157584,20.30208333333333,18.866666666666667,17.6125,14.254166666666668,0.0,719.6875,53.60416666666666,15.360416666666666,2023-07-19,0.1248481218204941,680.9740304247493
2023-07-20,2023-07-20,7712.833333333333,0.0080352312376473,124.4596140760971,1897.360376476226,0.1271233814400175,1823.3295275794176,0.1401181428328804,0.0495833333333333,0.0774166666666666,0.0990208333333333,0.1119583333333333,0.0737345046965173,0.0243766336112136,0.0119549674779358,19.71875,18.85,17.741666666666667,14.333333333333334,2.2333,719.7083333333334,67.48958333333333,13.71875,2023-07-20,0.1401181428328804,701.0812869713319
2023-07-21,2023-07-21,7747.041666666667,0.0079914437947282,125.14586310784657,1917.8974992159103,0.1184699298047962,1855.9547932902085,0.1263447213680186,0.0490416666666666,0.075875,0.098,0.1103541666666666,0.0726920004795305,0.0255728764626868,0.0125416376725642,18.402083333333334,17.270833333333332,16.58125,14.3125,0.8402,719.8041666666667,64.24374999999999,13.441666666666668,2023-07-21,0.1263447213680186,695.6417166832321
2023-07-22,2023-07-22,7964.583333333333,0.0079094467959407,126.4363612920081,1926.0594450184476,0.115057238521413,1879.0064302171215,0.1169937797214673,0.0508958333333333,0.075875,0.0980416666666666,0.1076041666666666,0.0732309606026402,0.0249544356122866,0.0122383373739471,20.354166666666668,18.779166666666665,17.275000000000002,14.229166666666666,0.0,719.4916666666667,44.87916666666666,14.25,2023-07-22,0.1169937797214673,684.5058712683967
2023-07-23,2023-07-23,7960.958333333333,0.0079253866363406,126.18363849404231,1932.5257411504651,0.112378321855588,1886.565630499697,0.1139720569957386,0.0519787234042553,0.0756595744680851,0.0975744680851063,0.1046808510638297,0.0732766860215751,0.0249019670422413,0.0122126053529261,21.146808510638294,19.50851063829787,17.82127659574468,14.357446808510636,0.0,719.7312499999999,36.525,15.6125,2023-07-23,0.1139720569957386,688.217696867996
2023-07-24,2023-07-24,7872.729166666667,0.0079524022384282,125.75370145888203,1940.1730228018223,0.1091982959721896,1887.9232886988973,0.113348642985026,0.0514375,0.0750833333333333,0.0970208333333333,0.1026666666666666,0.0726187113377558,0.0256569735919933,0.0125828812036392,20.93125,19.45625,17.979166666666668,14.529166666666669,0.0,720.7583333333333,40.68958333333333,16.60625,2023-07-24,0.113348642985026,683.8848382658556
2023-07-25,2023-07-25,7882.375,0.0079586298001919,125.65518254504404,1945.5747071620624,0.1071014450018996,1886.5005785560293,0.1138773600260416,0.0502499999999999,0.0748333333333333,0.0966875,0.1007708333333333,0.0718706991187682,0.0265152955586562,0.0130038257590159,21.68125,20.1375,18.466666666666665,14.714583333333332,0.0,720.5604166666667,43.98333333333333,16.364583333333332,2023-07-25,0.1138773600260416,683.2335446684674
2023-07-26,2023-07-26,7824.979166666667,0.0079859545492337,125.22646279096608,1936.8719387688177,0.1107116558403574,1877.50712758258,0.1175205961186835,0.0478085106382978,0.0733191489361702,0.0953191489361702,0.0995106382978723,0.070045312662125,0.0286098726973911,0.0140310636448117,19.96382978723404,18.929787234042557,17.93404255319149,14.893617021276595,0.0,720.225,51.38125,15.029166666666669,2023-07-26,0.1175205961186835,676.2869372089172
2023-07-27,2023-07-27,7845.333333333333,0.0079725880634999,125.43393548096618,1934.7262617980596,0.1112466495260034,1875.5213007364368,0.1180413428773271,0.0467708333333333,0.0725833333333333,0.095,0.0983333333333333,0.0692526446718363,0.0295194358449773,0.0144771382760324,20.222916666666663,19.0625,17.85625,14.910416666666668,0.0,719.18125,49.22083333333333,14.84375,2023-07-27,0.1180413428773271,676.7420329628484
2023-07-28,2023-07-28,7817.125,0.0079784599192828,125.34221918954891,1927.1617477928276,0.1143623304437382,1872.2672412524084,0.1193661897078804,0.045375,0.0715,0.0937291666666666,0.0977083333333333,0.0680385086939238,0.0309126210816683,0.0151603943999509,19.00625,18.02083333333333,17.23125,14.891666666666667,0.0,719.38125,48.78333333333333,15.741666666666667,2023-07-28,0.1193661897078804,675.2206026951079
2023-07-29,2023-07-29,7834.229166666667,0.0079863689307706,125.21770876194492,1942.4780591156712,0.108355041609325,1886.0931859036384,0.114044189453125,0.0456808510638297,0.0715106382978723,0.0935744680851063,0.0959361702127659,0.0680033806520384,0.0309529294740056,0.0151801627374157,20.66808510638298,19.21276595744681,17.772340425531915,14.834042553191493,0.0,720.5500000000001,42.32708333333333,16.375,2023-07-29,0.114044189453125,675.8164595969199
2023-07-30,2023-07-30,7766.583333333333,0.0080190267135683,124.70709898902572,1933.4315934656292,0.1117418850873102,1864.6370056366068,0.1222481105638586,0.0441041666666666,0.0706041666666666,0.0931666666666666,0.0952916666666666,0.0669637626059673,0.0321458605294498,0.0157652087367408,19.620833333333334,18.6,17.547916666666666,14.929166666666667,0.9759,720.6916666666666,51.92083333333333,15.433333333333332,2023-07-30,0.1222481105638586,683.7303869734171
2023-07-31,2023-07-31,7743.833333333333,0.0080218302799033,124.66517325772688,1907.7324075969868,0.1225421302623213,1825.4312400760552,0.1391036662649601,0.0422708333333333,0.0690625,0.0916666666666666,0.095,0.0654049287777361,0.0339345763862026,0.0166424438888871,17.085416666666667,17.008333333333333,16.702083333333334,14.877083333333331,1.4971,719.63125,78.02916666666667,12.739583333333334,2023-07-31,0.1391036662649601,693.9718869079578
2023-08-01,2023-08-01,7550.791666666667,0.0081404646597397,122.8526512848766,1857.7904435248472,0.1457576560267245,1778.3564080331962,0.1621815074573863,0.042063829787234,0.0686808510638297,0.0942553191489361,0.0954042553191489,0.0657979462211024,0.0334836004577886,0.0164212729658011,16.66595744680851,16.085106382978722,15.740425531914893,14.619148936170212,5.8371,718.9208333333332,79.25625000000001,12.94375,2023-08-01,0.1621815074573863,706.1495576435583
2023-08-02,2023-08-02,7339.416666666667,0.0082621235320472,121.04181547877972,1846.0928641832436,0.1512180121962247,1771.7493689146668,0.1652955400182846,0.0435625,0.0696458333333333,0.0933333333333333,0.0954999999999999,0.0664958935999929,0.0326827264190098,0.0160285024446444,18.035416666666663,17.141666666666666,16.216666666666665,14.404166666666669,4.7422,718.4395833333333,77.62083333333334,13.125,2023-08-02,0.1652955400182846,716.5349036192787
2023-08-03,2023-08-03,7360.291666666667,0.0082238082320387,121.60610769899114,1829.9515942839653,0.159696749452509,1764.0785175428064,0.1695556640625,0.0452083333333333,0.0701458333333333,0.0938125,0.0951666666666666,0.0673791635093097,0.031669200240674,0.0155314415012306,19.016666666666666,18.072916666666668,16.8625,14.416666666666666,9.3111,717.5791666666668,70.85416666666667,12.225,2023-08-03,0.1695556640625,711.345153356866
2023-08-04,2023-08-04,7481.625,0.0081545121440141,122.63744623415636,1858.8012794272304,0.1452457563737904,1802.9684525540456,0.149798583984375,0.0453404255319148,0.0697872340425532,0.0937021276595744,0.0952340425531914,0.0672957475361189,0.0317649176104479,0.0155783839158794,17.131914893617022,17.061702127659576,16.504255319148935,14.495744680851065,0.67109996,717.30625,63.9375,11.15625,2023-08-04,0.149798583984375,700.2461143798729
2023-08-05,2023-08-05,7494.166666666667,0.0081702028453305,122.40063628861397,1882.0659333142585,0.133769750185069,1825.2965787245616,0.1389236450195312,0.0464999999999999,0.0696458333333333,0.0933125,0.0949375,0.0675954147626953,0.0314210583034334,0.0154097459120473,16.91875,16.427083333333332,15.84375,14.377083333333331,0.0,717.5604166666667,56.9875,12.208333333333334,2023-08-05,0.1389236450195312,699.0080026859628
2023-08-06,2023-08-06,7574.625,0.0080838151892348,123.70931774241762,1920.341817451971,0.117076979975117,1869.1085176090608,0.1204892422290558,0.048375,0.0701458333333333,0.0933541666666666,0.0939375,0.0684253551917879,0.0304687261312719,0.014942696182049,17.683333333333334,16.947916666666668,16.039583333333333,14.225,0.0,717.1291666666666,53.927083333333336,12.925,2023-08-06,0.1204892422290558,701.3854891538367
2023-08-07,2023-08-07,7708.041666666667,0.0080342460629566,124.47091289446377,1930.8104044582224,0.1127702584755548,1886.1142176868784,0.1139353876528532,0.0501914893617021,0.0706595744680851,0.093531914893617,0.0934255319148936,0.0693008544409861,0.0294641165563097,0.0144500081846723,18.49148936170213,17.61063829787234,16.45957446808511,14.212765957446807,0.0,716.9145833333333,45.5875,12.970833333333331,2023-08-07,0.1139353876528532,691.6033461301391
2023-08-08,2023-08-08,7866.4375,0.0079384438747077,125.97962102667712,1935.9631983450445,0.1107361485325365,1899.410648168351,0.1090631899626358,0.0505208333333333,0.0703958333333333,0.0931458333333333,0.0920833333333333,0.069165862890943,0.0296190153798513,0.0145259748020217,17.7375,17.443749999999998,16.589583333333334,14.295833333333334,0.0,715.4916666666667,39.94791666666666,12.30625,2023-08-08,0.1090631899626358,686.5025994033241
2023-08-09,2023-08-09,7884.75,0.0079519934060209,125.75990006244382,1935.7007975406968,0.1109246262330969,1891.4266492170611,0.1120417168799867,0.0494791666666666,0.0697291666666666,0.0923125,0.0917083333333333,0.0683370110600301,0.0305700984176981,0.0149924119224059,16.308333333333334,16.077083333333334,15.7375,14.277083333333335,0.0,714.4479166666666,46.61666666666667,11.027083333333332,2023-08-09,0.1120417168799867,686.6408930611341
2023-08-10,2023-08-10,7999.25,0.0079123695054948,126.39429091546528,1932.1535729714424,0.1124794420692187,1883.06542678504,0.1154246228806516,0.0502978723404255,0.0703829787234042,0.0923404255319148,0.0903404255319148,0.0687765929206775,0.0300656911933738,0.0147450368312178,17.96382978723404,17.342553191489362,16.238297872340425,14.140425531914897,0.0,714.7270833333333,44.50416666666666,12.325,2023-08-10,0.1154246228806516,678.5776316277454
2023-08-11,2023-08-11,7830.979166666667,0.0079718895199647,125.44614851888336,1916.8886318143425,0.1185814996261797,1855.2573822374288,0.1261499283161569,0.0486666666666666,0.0695833333333333,0.0917708333333333,0.0899791666666666,0.0677343594246474,0.0312616234005311,0.0153315546773819,16.685416666666665,16.366666666666667,15.852083333333333,14.166666666666666,0.42949998,716.225,65.17708333333333,11.491666666666667,2023-08-11,0.1261499283161569,678.8279647441819
2023-08-12,2023-08-12,7875.75,0.0079414663494176,125.92685713184096,1921.9414975944048,0.1165604014722206,1856.1853729773957,0.1257735542629076,0.0484791666666666,0.0699791666666666,0.0918541666666666,0.089125,0.0677473542697742,0.0312467121988921,0.0153242418164884,17.752083333333335,17.175,16.179166666666667,14.1125,0.0,717.19375,62.95,12.397916666666667,2023-08-12,0.1257735542629076,673.8968010942307
2023-08-13,2023-08-13,7962.208333333333,0.0079045513844636,126.51423719786588,1922.908588521466,0.1161189043421343,1867.3406541435447,0.1213346440741356,0.0467021276595744,0.0689574468085106,0.0909787234042553,0.0888510638297872,0.0665159219380598,0.0326597444915998,0.0160172314792129,16.174468085106383,15.865957446808512,15.55744680851064,14.102127659574467,0.8491,717.3208333333333,62.54166666666666,11.95625,2023-08-13,0.1213346440741356,669.9035607692738
2023-08-14,2023-08-14,7937.270833333333,0.0079411020942687,125.93119745690416,1930.3624631217008,0.1129637313146596,1880.5115484133505,0.1160271538628472,0.0469375,0.0691666666666666,0.0910624999999999,0.0884583333333333,0.0666657935997529,0.0324877711786698,0.0159328910655224,17.4875,16.7625,15.895833333333334,14.041666666666666,0.0,719.3874999999999,47.10416666666666,13.102083333333333,2023-08-14,0.1160271538628472,669.601148918087
2023-08-15,2023-08-15,7831.6875,0.0079812812105966,125.2984908070266,1931.220134623072,0.1126837963118714,1876.4170791765605,0.1176651664402173,0.0469166666666666,0.0696041666666666,0.091125,0.0876041666666666,0.0667524845856175,0.0323882958284142,0.0158841056345179,19.089583333333334,18.0375,16.7,14.116666666666667,0.0,721.2875,49.68333333333334,13.927083333333334,2023-08-15,0.1176651664402173,668.6447333136099
2023-08-16,2023-08-16,7910.895833333333,0.0079187724206445,126.28815570078444,1932.698923632388,0.1119664575729028,1871.209408858368,0.1195929633246527,0.0462340425531914,0.0697234042553191,0.0914255319148936,0.0865106382978723,0.0665147929947027,0.0326610399208159,0.0160178667931121,20.151063829787237,18.96595744680851,17.41063829787234,14.355319148936172,0.0,719.9812499999999,51.71875,15.033333333333331,2023-08-16,0.1195929633246527,664.3154141729494
2023-08-17,2023-08-17,8000.729166666667,0.0078953274033983,126.66093649907472,1929.5379033375737,0.1132845036163249,1867.899207489524,0.1209357367621527,0.0435833333333333,0.0685,0.0908333333333333,0.0866041666666666,0.0649662559397077,0.0344379405338736,0.0168893074267711,17.885416666666668,17.6375,17.033333333333335,14.6,0.6153,718.6875,52.65208333333334,14.795833333333334,2023-08-17,0.1209357367621527,668.7038803649795
2023-08-18,2023-08-18,8017.395833333333,0.0078814095350988,126.8864621542788,1933.093429374818,0.1119659090410689,1863.6695214673575,0.1227682362432065,0.0427708333333333,0.0679166666666666,0.0903541666666666,0.0864166666666666,0.0643442033084587,0.0351517275874381,0.0172393681097856,17.908333333333335,17.510416666666668,16.764583333333334,14.60625,0.0,717.6979166666666,56.92083333333333,14.510416666666666,2023-08-18,0.1227682362432065,663.789296189308
2023-08-19,2023-08-19,8003.145833333333,0.0078938960510092,126.6848542182019,1938.9838987663063,0.1097772234964455,1878.8814701063884,0.116876220703125,0.0417659574468085,0.067063829787234,0.0893191489361702,0.0864255319148936,0.0634523287851074,0.0361751273066773,0.0177412713075596,17.102127659574467,16.625531914893617,16.161702127659574,14.580851063829789,0.73149997,717.8312500000001,58.94166666666666,13.847916666666668,2023-08-19,0.116876220703125,667.2323233733532
2023-08-20,2023-08-20,8015.3125,0.0078826641284983,126.87007508845844,1967.3302711052077,0.0990009752856294,1926.5705077646212,0.0998749428607048,0.04175,0.0666875,0.0892708333333333,0.0850208333333333,0.0632165006500517,0.0364457331384235,0.0178739838046772,17.46875,16.704166666666666,16.016666666666666,14.410416666666668,0.0,718.4979166666667,36.922916666666666,16.289583333333333,2023-08-20,0.0998749428607048,670.5226278212193
2023-08-21,2023-08-21,7939.583333333333,0.0079384708395959,125.97531536930522,1966.7727836608249,0.0991447324591776,1922.109993791088,0.1012904954993206,0.0419791666666666,0.0669791666666666,0.08925,0.085,0.063393457188353,0.0362426807281645,0.0177744013520843,18.91875,17.966666666666665,16.76875,14.3875,0.0,720.2895833333333,30.41458333333333,17.5125,2023-08-21,0.1012904954993206,672.1423329375004
2023-08-22,2023-08-22,7867.479166666667,0.0079681945405255,125.502008062495,1956.9078568390896,0.1026840638085582,1897.3277138740584,0.1098646081012228,0.0407234042553191,0.0662340425531914,0.0892340425531914,0.0849787234042553,0.0626601059816381,0.0370841796155143,0.0181870954094934,18.493617021276595,17.72553191489362,16.8,14.52127659574468,0.0,720.625,41.25416666666667,15.98125,2023-08-22,0.1098646081012228,667.6768672340891
2023-08-23,2023-08-23,7881.979166666667,0.0079512946312559,125.77187658474016,1959.7228743305704,0.1016654276454453,1892.3671353229984,0.1116240128226902,0.03975,0.065875,0.0886041666666666,0.0849583333333333,0.0620261314022827,0.0378116467530205,0.018543865179629,18.23125,17.422916666666666,16.602083333333333,14.575,2.1773999,719.7687500000001,55.99375,14.275,2023-08-23,0.1116240128226902,673.1518985033636
2023-08-24,2023-08-24,7988.25,0.0079055551681497,126.50199199493645,1958.731041787693,0.1021405829106784,1879.0796809374945,0.1167483122452445,0.0386666666666666,0.0649375,0.0881666666666666,0.0842916666666666,0.0611604951510026,0.0388049388286755,0.0190310027659725,17.277083333333334,16.954166666666666,16.360416666666666,14.572916666666666,2.368,717.9208333333332,73.83541666666666,12.475,2023-08-24,0.1167483122452445,689.425931063079
2023-08-25,2023-08-25,7774.416666666667,0.0080358343735759,124.45074886869656,1906.768873049036,0.1228318365304953,1819.1292226308672,0.1417527940538194,0.0379574468085106,0.064,0.0873617021276595,0.0832978723404255,0.0603370051610477,0.0397498693121131,0.0194944225054894,15.75531914893617,15.880851063829788,15.719148936170212,14.480851063829787,4.8262997,718.1395833333332,95.3,10.447916666666666,2023-08-25,0.1417527940538194,711.4540573668509
2023-08-26,2023-08-26,7590.25,0.0080903740284402,123.60952515884226,1895.646721434524,0.1277377565913863,1815.994266630164,0.1432501610289228,0.0383125,0.06325,0.086625,0.0835416666666666,0.0600893704682998,0.0400340228207029,0.0196337791536679,15.304166666666667,14.89375,14.814583333333331,14.25,8.2605,719.0875,83.57916666666667,12.258333333333333,2023-08-26,0.1432501610289228,712.6650090546609
2023-08-27,2023-08-27,7634.708333333333,0.0080713844380459,123.90347059104693,1895.05943683874,0.1281756342258251,1820.8725428317016,0.1412373860677083,0.0400416666666666,0.064125,0.0874166666666666,0.0836875,0.0612276688781456,0.0387278589573499,0.0189932006900339,17.431250000000002,16.672916666666666,15.720833333333331,14.05625,5.0768,719.275,76.23125,12.441666666666668,2023-08-27,0.1412373860677083,713.627732946512
2023-08-28,2023-08-28,7662.604166666667,0.0080835267584227,123.71600969319528,1879.4480761171187,0.1352138561981432,1813.761817457954,0.1445986725563226,0.0397446808510638,0.0643829787234042,0.0911702127659574,0.0856595744680851,0.0621563675526935,0.0376622046103474,0.0184705746677403,16.395744680851063,15.993617021276595,15.497872340425532,14.127659574468083,2.6654,718.8541666666666,70.27291666666666,12.495833333333332,2023-08-28,0.1445986725563226,722.034300442282
2023-08-29,2023-08-29,7621.291666666667,0.0080664734014142,123.9761299807952,1889.6370339039,0.1304526157527554,1842.742387051916,0.1313483344184027,0.0400208333333333,0.0651041666666666,0.0918125,0.0885833333333333,0.0628406945809626,0.03687695952232,0.018085469011262,15.60625,15.5125,15.33125,14.102083333333333,1.129,719.7624999999999,56.67291666666667,11.58125,2023-08-29,0.1313483344184027,704.7000829029654
2023-08-30,2023-08-30,7835.75,0.0079580075489065,125.66503067322896,1905.7258696411889,0.1233020170380564,1857.456684095768,0.1252217610677083,0.0417083333333333,0.0657291666666666,0.0914375,0.0883958333333333,0.0636030962081637,0.0360021261339939,0.0176564268033487,16.341666666666665,16.10625,15.55,14.052083333333334,0.0,717.9958333333334,45.9625,13.102083333333333,2023-08-30,0.1252217610677083,691.0415810072703
2023-08-31,2023-08-31,8081.041666666667,0.0078319794958132,127.68450846272148,1937.8165657141535,0.1100152441450256,1894.8901535433615,0.1106669108072916,0.0432127659574468,0.0658085106382978,0.0907021276595744,0.0869574468085106,0.0639524277925943,0.0356012784406611,0.0174598401370423,16.631914893617022,15.938297872340426,15.327659574468084,14.02127659574468,0.0,715.6062499999999,41.02708333333333,14.314583333333331,2023-08-31,0.1106669108072916,687.4621753924166
2023-09-01,2023-09-01,8094.395833333333,0.0078581813708999,127.26163323578702,1934.670842993528,0.111414323325996,1883.93962680932,0.1148623202709441,0.0450416666666666,0.0664791666666666,0.0907083333333333,0.0858749999999999,0.0648057653933956,0.0346220987038134,0.0169796236274221,17.527083333333334,16.910416666666666,15.952083333333334,14.008333333333333,0.0,716.0208333333334,40.24791666666666,14.458333333333334,2023-09-01,0.1148623202709441,680.586519846186
2023-09-02,2023-09-02,7946.333333333333,0.0079449169350705,125.8759246754971,1924.1751009413815,0.1159233293681353,1863.6585366138288,0.1231662916100543,0.0452083333333333,0.0662708333333333,0.0901458333333333,0.0853541666666666,0.0646438622726048,0.0348078777613188,0.0170707347556436,16.510416666666668,16.427083333333332,15.922916666666666,14.145833333333334,0.0,718.31875,60.49166666666667,12.202083333333334,2023-09-02,0.1231662916100543,671.3635988840775
2023-09-03,2023-09-03,7888.041666666667,0.007904897939032,126.5153726172804,1932.1320905502084,0.1123101022836591,1863.4212080799275,0.1227572970920138,0.0445106382978723,0.0655531914893617,0.0891489361702127,0.084531914893617,0.0638654005717028,0.0357011396106964,0.0175088147846135,15.261702127659571,15.219148936170212,15.095744680851064,14.089361702127658,0.0,717.3458333333333,68.89791666666666,11.689583333333331,2023-09-03,0.1227572970920138,679.627625774226
2023-09-04,2023-09-04,8376.708333333334,0.0076946684922434,129.97047881032594,1940.6795539747968,0.1088201022622956,1890.3248544656144,0.1124000549316406,0.0441458333333333,0.0652916666666666,0.0883333333333333,0.0840416666666666,0.0634261217423078,0.0362051991155933,0.0177560193446892,14.8,14.704166666666666,14.639583333333334,13.9,0.8842,711.21875,56.12916666666666,11.4,2023-09-04,0.1124000549316406,679.2134115339853
2023-09-05,2023-09-05,8363.458333333334,0.007725784180142,129.4409492410773,1957.1042376491932,0.1026583832096317,1913.8460092142125,0.1040500072722739,0.0436875,0.0649166666666666,0.0877083333333333,0.0842291666666666,0.0630030671872874,0.0366906417440068,0.0179940936796301,14.175,14.220833333333331,14.275,13.710416666666667,0.0,713.40625,61.64791666666667,8.762500000000001,2023-09-05,0.1040500072722739,674.2535867306891
2023-09-06,2023-09-06,8316.270833333334,0.0077383383178853,129.23312192736992,1965.7175908127329,0.0995192365022679,1930.0124475400955,0.098602294921875,0.0442765957446808,0.0652978723404255,0.0877446808510638,0.0838085106382978,0.0633335606611611,0.0363114102271093,0.0178081081771433,15.425531914893616,15.0,14.529787234042551,13.565957446808511,0.0,716.5916666666667,38.84375,11.502083333333331,2023-09-06,0.098602294921875,671.2406844971874
2023-09-07,2023-09-07,8341.979166666666,0.0077293916344053,129.37999390247822,1968.7184170382343,0.0984702694388053,1934.966289109343,0.096994602933843,0.0440833333333333,0.0653541666666666,0.0877291666666666,0.083,0.0632166262221741,0.0364455890481154,0.0178739131388513,15.735416666666666,15.385416666666666,14.866666666666667,13.554166666666667,0.0,717.1520833333334,34.608333333333334,12.05625,2023-09-07,0.096994602933843,668.7758232211714
2023-09-10,2023-09-10,8245.5625,0.0077875219414299,128.4154842012648,1969.0348215212728,0.0982152844004823,1919.388604333932,0.1021803114149305,0.0416458333333333,0.0648958333333333,0.0873958333333333,0.0823125,0.0619994019815162,0.0378423179752515,0.0185589071854338,16.625,16.16875,15.39375,13.672916666666666,0.0,718.30625,42.3125,11.829166666666666,2023-09-10,0.1021803114149305,673.2259660833348
2023-09-11,2023-09-11,8106.208333333333,0.0078380907225622,127.59109446267772,1929.8956130899624,0.1133088698816135,1872.8930653787295,0.1192335045855978,0.0396666666666666,0.0637291666666666,0.0863541666666666,0.082,0.0606035197554447,0.039444051673042,0.0193444411755164,14.7125,14.666666666666666,14.683333333333332,13.699999999999998,4.0627,716.3937500000001,75.18124999999999,8.68125,2023-09-11,0.1192335045855978,693.6507984433989
2023-09-12,2023-09-12,8225.666666666666,0.007774135994315,128.63919771482142,1937.5219135802404,0.1103144226327384,1895.459739462216,0.1106791178385416,0.0389148936170212,0.0629148936170212,0.0861489361702127,0.082,0.0600040440694806,0.0401319323475578,0.0196817966620736,13.608510638297872,13.76595744680851,14.004255319148935,13.574468085106384,0.68979996,715.1708333333332,59.145833333333336,8.18125,2023-09-12,0.1106791178385416,673.9704961141018
2023-09-13,2023-09-13,8304.875,0.0077591543269922,128.88573961436575,1959.0978630057211,0.1018474141803674,1908.3436071881267,0.105888034986413,0.0394583333333333,0.063125,0.086,0.082,0.0602504369786704,0.0398492037489879,0.01954313882872,14.266666666666666,14.158333333333331,13.958333333333334,13.335416666666667,0.0,713.49375,57.364583333333336,8.44375,2023-09-13,0.105888034986413,673.6262179776583
2023-09-14,2023-09-14,8211.208333333334,0.007823997513392,127.82436217348514,1936.4743934677265,0.110855705576587,1878.684337823902,0.1171198305876358,0.0389791666666666,0.0624166666666666,0.0851458333333333,0.0815,0.0596138311483429,0.040579690169404,0.0199013893377292,12.929166666666667,13.404166666666669,13.575,13.204166666666666,1.6592,713.6625,78.97083333333333,6.352083333333333,2023-09-14,0.1171198305876358,700.9796597243426
2023-09-15,2023-09-15,7817.541666666667,0.0079972950372176,125.04763281215892,1848.0200057257923,0.1503039376693713,1789.8680004515852,0.1559739546342329,0.0375,0.06175,0.0849375,0.0820625,0.0588172653416124,0.0414937259464326,0.0203496574686913,10.829166666666666,11.433333333333332,12.233333333333334,12.95625,10.6468,715.1291666666666,92.81458333333336,5.16875,2023-09-15,0.1559739546342329,720.2504153666451
2023-09-16,2023-09-16,7745.229166666667,0.0080180548221433,124.72732352229252,1862.4847908252348,0.1430882952089729,1816.73047483556,0.1429735266644021,0.0369375,0.0616875,0.0847291666666666,0.0826666666666666,0.0585746630412622,0.0417721049331227,0.0204861821334789,9.347916666666666,10.052083333333334,11.135416666666666,12.497916666666669,5.7574,717.40625,79.17708333333333,5.483333333333333,2023-09-16,0.1429735266644021,714.4903311714511
2023-09-17,2023-09-17,7851.895833333333,0.0079643079267855,125.5648230553577,1887.1635247761783,0.1314195844101606,1846.338577247088,0.1297421662703804,0.0387291666666666,0.063,0.0853333333333333,0.0829166666666666,0.0598440851870065,0.0403154804489193,0.0197718136684171,11.23125,11.19375,11.341666666666669,12.070833333333333,0.023799999,717.8874999999999,56.052083333333336,7.65625,2023-09-17,0.1297421662703804,695.1052998560829
2023-09-18,2023-09-18,7839.75,0.0080012214357013,124.99236966620612,1885.4835504692976,0.1325967953408925,1839.275969033128,0.1331468665081521,0.0392127659574468,0.0634680851063829,0.0856808510638297,0.0828085106382978,0.060251545213071,0.0398479320826887,0.0195425151688049,11.114893617021275,11.546808510638298,11.661702127659575,11.893617021276595,0.0,715.9291666666667,61.76458333333333,7.079166666666667,2023-09-18,0.1331468665081521,698.0193646061117
2023-09-19,2023-09-19,7728.3125,0.0080326164948168,124.49883685825792,1878.9179707063065,0.1351724873684615,1829.2000087318963,0.1371375550615026,0.0391666666666666,0.062875,0.0853541666666666,0.0826875,0.0599627591005271,0.0401793056321731,0.019705029815836,9.64375,10.10625,10.75625,11.73125,4.2703,713.5729166666666,77.72708333333334,5.789583333333333,2023-09-19,0.1371375550615026,700.6174341318498
2023-09-20,2023-09-20,7797.666666666667,0.0079627035511752,125.59482756337786,1891.068957003976,0.1296877277441393,1852.0932404412429,0.1274488661024305,0.0396041666666666,0.0627916666666666,0.0852708333333333,0.0818958333333333,0.0600327253960549,0.0400990213709629,0.0196656562195033,9.147916666666667,9.639583333333333,10.327083333333333,11.44375,0.44239998,712.4875000000001,68.88333333333334,6.147916666666667,2023-09-20,0.1274488661024305,698.4695966778831
2023-09-21,2023-09-21,7986.416666666667,0.0078806827360547,126.89827878767488,1910.661282941208,0.1210587094931542,1873.1709894722176,0.118829345703125,0.0413191489361702,0.0634893617021276,0.0852765957446808,0.0810212765957446,0.0608648249575521,0.0391442116580277,0.0191973914357841,10.65531914893617,10.529787234042551,10.55531914893617,11.193617021276596,0.75119996,711.2104166666667,47.82291666666666,8.85,2023-09-21,0.118829345703125,696.2976361959542
2023-09-22,2023-09-22,8196.3125,0.0077900888537513,128.3725392367081,1934.337504223988,0.1114189020372314,1909.7615999498416,0.105361275050951,0.0418125,0.0637083333333333,0.0855208333333333,0.081,0.0611793738645803,0.0387832760614709,0.0190203787527661,10.352083333333333,10.56875,10.8,11.125,0.6543,711.3874999999999,36.333333333333336,7.931249999999999,2023-09-22,0.105361275050951,690.0782663901296
2023-09-23,2023-09-23,8175.1875,0.0077976572125011,128.25161703745212,1942.629897687946,0.1083891435524849,1913.3135325574567,0.1044038813164893,0.0425625,0.0638958333333333,0.0855625,0.081,0.0615407248680004,0.0383686364392319,0.0188170281475107,10.264583333333333,10.483333333333333,10.714583333333332,11.075,0.0,712.9520833333332,43.37708333333333,6.14375,2023-09-23,0.1044038813164893,684.0301390900951
2023-09-24,2023-09-24,8249.104166666666,0.0077928538263247,128.32937706363717,1938.8752933933952,0.1099065012180827,1913.9570734696351,0.104126670143821,0.0433125,0.0638958333333333,0.0854166666666666,0.081,0.0618006366776335,0.0380703953009988,0.0186707625406584,10.002083333333331,10.333333333333334,10.629166666666666,11.004166666666668,0.0,714.6062499999999,40.52291666666667,4.983333333333333,2023-09-24,0.104126670143821,673.1881904050871
2023-09-25,2023-09-25,7835.125,0.0080260889932619,124.597877558235,1945.246186923693,0.1073065474123772,1920.079444123665,0.1019486137058423,0.0440416666666666,0.0639583333333333,0.0853333333333333,0.0810208333333333,0.0620877062965413,0.0377409913773522,0.0185092138519794,10.03125,10.26875,10.522916666666667,10.93125,0.0,718.0166666666668,36.65,6.7125,2023-09-25,0.1019486137058423,674.2249907634432
2023-09-26,2023-09-26,7827.229166666667,0.0079536860105215,125.73240695866586,1949.505975579302,0.1054983663924502,1919.9666468483583,0.1018613179524739,0.045,0.0643541666666666,0.0855208333333333,0.081,0.0626276856518363,0.0371213809880707,0.0182053399795246,10.935416666666669,10.860416666666666,10.760416666666666,10.877083333333331,0.0,717.9458333333333,35.50625,8.916666666666666,2023-09-26,0.1018613179524739,671.7275953866225
2023-09-27,2023-09-27,7986.5625,0.0078787562349988,126.93194030746254,1950.9527277639656,0.10497120276349,1919.6448540141207,0.1019917805989583,0.0444042553191489,0.065,0.0856170212765957,0.081,0.0626245861340053,0.0371249375933947,0.0182070842359982,11.668085106382978,11.48723404255319,11.22340425531915,10.92127659574468,0.0,716.0208333333334,38.04583333333333,9.7125,2023-09-27,0.1019917805989583,670.6533036674072
2023-09-28,2023-09-28,8255.104166666666,0.0077461781003485,129.10406308275944,1958.777055744593,0.1020961335212051,1930.434415479036,0.098419189453125,0.0436666666666666,0.0651666666666666,0.0858958333333333,0.081,0.0624522801479547,0.0373226536320644,0.0183040495860897,11.85,11.766666666666666,11.566666666666668,11.04375,0.0,713.1770833333334,32.99375,10.227083333333333,2023-09-28,0.098419189453125,670.0703841893352
2023-09-29,2023-09-29,8486.5,0.00765728241578,130.5986459892604,1974.13847387272,0.0965575901413214,1946.7451849857437,0.0931992964311079,0.0431875,0.0650833333333333,0.0857916666666666,0.081,0.0622161219829812,0.0375936381634105,0.0184369478078431,11.60625,11.654166666666669,11.6,11.141666666666666,0.0,711.9666666666667,32.520833333333336,9.8,2023-09-29,0.0931992964311079,665.6409890994399
2023-09-30,2023-09-30,8567.6875,0.0076148766553104,131.32765911470463,1964.5766726598213,0.099753118550146,1933.415075308882,0.0973042805989583,0.0427021276595744,0.0650425531914893,0.085531914893617,0.0809787234042553,0.061955602462479,0.0378925766319481,0.0185835554045388,11.702127659574469,11.704255319148936,11.591489361702129,11.18936170212766,0.0,711.6270833333333,30.777083333333334,10.708333333333334,2023-09-30,0.0973042805989583,665.9805432041669
2023-10-01,2023-10-01,8657.625,0.007585742339727,131.8311548032432,1961.6822872173752,0.1009715652137114,1919.2859809118247,0.1021690368652343,0.0420625,0.0649583333333333,0.0855,0.0809583333333333,0.0616711380294968,0.0382189911815571,0.0187436380224728,11.870833333333332,11.76875,11.589583333333332,11.185416666666669,0.51489997,710.1374999999999,47.04166666666666,10.358333333333333,2023-10-01,0.1021690368652343,663.9708072080934
2023-10-02,2023-10-02,8645.083333333334,0.0076282135623858,131.10716897067817,1929.7993464243511,0.114001337277315,1882.7969292378525,0.1159529252485795,0.0408333333333333,0.0645833333333333,0.0854791666666666,0.0809583333333333,0.0610675663797677,0.0389115718537266,0.0190832985163576,10.916666666666666,11.416666666666666,11.56875,11.21875,0.9849,710.5458333333332,58.07708333333333,8.091666666666667,2023-10-02,0.1159529252485795,707.7294292742317
2023-10-03,2023-10-03,8265.125,0.0077729630246124,128.656356300477,1850.041433149757,0.149482017060778,1806.8112181813644,0.1477328830295139,0.0373617021276595,0.063063829787234,0.0844042553191489,0.0792553191489361,0.0588730187829112,0.0414297505163942,0.0203182821689804,6.176595744680851,7.895744680851064,9.668085106382978,11.01063829787234,8.8972,709.1729166666668,89.26875,0.3520833333333333,2023-10-03,0.1477328830295139,738.1498013834372
2023-10-04,2023-10-04,8133.5625,0.0078568979701566,127.28388177156909,1850.955154330319,0.1490246602186767,1811.892047195072,0.145281982421875,0.0321,0.06355,0.0841,0.0788,0.0568828399720653,0.0437134220227875,0.0214382571017234,5.115,6.0200000000000005,7.602500000000001,10.3175,2.7242,712.0458333333332,78.375,2.020833333333333,2023-10-04,0.145281982421875,705.1585967315372
2023-10-05,2023-10-05,7858.604166666667,0.0079907485836775,125.15171961771424,1864.631620961312,0.142000547324328,1825.9761529471573,0.1386142306857639,0.0305,0.0633333333333333,0.086,0.0780416666666666,0.0565544793276445,0.0440902061807727,0.0216230423524991,6.625,6.910416666666666,7.641666666666667,9.79375,0.0,716.7375000000001,67.8125,3.25,2023-10-05,0.1386142306857639,700.9018841185796
2023-10-06,2023-10-06,7775.425531914893,0.008002610896075,124.96341230497583,1879.4494484033416,0.1349173975375487,1842.197675935236,0.1314798990885416,0.0314042553191489,0.0637446808510638,0.0862978723404255,0.0784255319148936,0.0571308566750108,0.0434288301687593,0.0212986854769594,7.453191489361703,7.64468085106383,8.078723404255319,9.5,0.0,717.8937500000001,64.02083333333333,4.416666666666667,2023-10-06,0.1314798990885416,693.1827707199488
2023-10-07,2023-10-07,7833.833333333333,0.0079644622789858,125.5633494281592,1893.9290457466573,0.1285197589274232,1859.3636222779348,0.1244631680575284,0.0319583333333333,0.0638333333333333,0.0866666666666666,0.0791666666666666,0.0575076656741751,0.0429964529521722,0.0210866358705642,7.802083333333333,7.979166666666667,8.28125,9.4,0.0,717.65,54.770833333333336,5.3125,2023-10-07,0.1244631680575284,687.0169565008642
2023-10-08,2023-10-08,8014.854166666667,0.0078598011218505,127.23604873551795,1900.2543620294684,0.1256940944206313,1870.9437777603996,0.1197788968999335,0.0326666666666666,0.0643555555555555,0.0872,0.08,0.0581264708149656,0.0422863922981588,0.0207384027157537,8.679545454545455,8.584090909090909,8.615909090909092,9.263636363636364,0.0,716.2624999999999,47.083333333333336,5.729166666666667,2023-10-08,0.1197788968999335,683.1608236466186
2023-10-09,2023-10-09,8242.36170212766,0.0077491377293793,129.05658270988843,1907.034043274392,0.1226854311469373,1877.963983314002,0.1170415463654891,0.0332173913043478,0.0643478260869565,0.0874782608695652,0.08,0.0583994061105681,0.0419732070937642,0.0205848081303477,8.488888888888889,8.504444444444443,8.697777777777777,9.295555555555556,0.0,712.8083333333334,46.625,5.6875,2023-10-09,0.1170415463654891,681.1861151633568
2023-10-10,2023-10-10,8569.645833333334,0.0075950500622637,131.67226886597905,1916.5961465789903,0.1186553431531459,1884.1072146403117,0.1147986878740026,0.033375,0.0645,0.0874583333333333,0.08,0.0585053091165978,0.0418516865168223,0.0205252111175522,7.56875,8.231250000000001,8.725,9.341666666666669,0.0,708.3916666666668,46.16666666666666,4.1875,2023-10-10,0.1147986878740026,677.4074961805132
2023-10-11,2023-10-11,8917.375,0.0075042083354863,133.27883321549396,1871.361211053303,0.1404237927784513,1830.1757017706989,0.138686470363451,0.0329166666666666,0.0641666666666666,0.0865833333333333,0.08,0.0580277060533394,0.0423997219501138,0.0207939826750302,6.335416666666667,7.220833333333334,8.00625,9.125,0.0,701.78125,64.14583333333333,3.7708333333333335,2023-10-11,0.138686470363451,711.5486516857654
2024-06-06,2024-06-06,6742.645833333333,0.0085951485914418,116.35307489764114,1694.1735776295004,0.2521936329311021,1653.223603043364,0.2474865203208111,0.1725909090909091,0.24125,0.3117916666666666,0.2520416666666666,0.2307603104532246,0.1558058486968112,0.0764114472798133,16.345454545454547,14.329166666666666,11.71875,6.675,0.0,716.5645833333333,50.325,11.775,2024-06-06,0.2474865203208111,659.4522974234036
2024-06-07,2024-06-07,6941.0,0.0084816964123865,117.90766976352027,1712.409821528213,0.2367997533110157,1668.028900868914,0.2344444761884973,0.1568181818181818,0.2357916666666666,0.3106666666666666,0.2516666666666666,0.2225930408287975,0.1464341476091042,0.0718153088833723,16.979545454545455,15.547916666666666,13.125,7.524999999999999,0.0,714.9833333333332,47.75,12.15,2024-06-07,0.2344444761884973,652.1652064806415
2024-06-08,2024-06-08,7041.270833333333,0.0084122947701522,118.87911258942604,1714.0780345480655,0.2353224629189233,1666.2715493381857,0.2356755682762633,0.1450454545454545,0.22725,0.3080833333333333,0.2504166666666667,0.2146101187165142,0.1372739798562228,0.0673229122167645,16.020454545454545,14.814583333333331,12.941666666666668,8.1625,0.261,713.7624999999999,55.75833333333333,11.4,2024-06-08,0.2356755682762633,653.2026806986103
2024-06-09,2024-06-09,7082.854166666667,0.0083947969493823,119.1270113868918,1713.396379494484,0.2360774103764728,1666.8257306977043,0.2354179050611413,0.1368181818181818,0.219,0.3054583333333333,0.249125,0.2080888984678665,0.1297910718945897,0.063653089601038,15.138636363636364,14.072916666666666,12.579166666666666,8.518749999999999,0.9316,714.4333333333334,58.78333333333333,11.183333333333332,2024-06-09,0.2354179050611413,650.1748551525139
2024-06-10,2024-06-10,7145.520833333333,0.0083598500894404,119.62389047119734,1724.3825471025414,0.2273539297019443,1673.9646096546674,0.2294824478474069,0.1294090909090909,0.2113749999999999,0.303375,0.248,0.2022176029086555,0.1230539333515033,0.0603490126943771,17.356818181818184,15.716666666666669,13.5125,8.78125,0.0,714.3708333333334,52.8,12.583333333333334,2024-06-10,0.2294824478474069,646.2768457032237
2024-06-11,2024-06-11,7121.5625,0.0083750942334498,119.40768328463491,1722.9977144714446,0.2285506106157134,1674.8019357727574,0.2291383134557846,0.1208181818181818,0.2027083333333333,0.2999583333333333,0.2462083333333333,0.1952122453954603,0.115015492153256,0.0564067413934646,17.206818181818182,15.7125,13.81875,9.283333333333331,0.63699996,715.3416666666667,59.0,11.466666666666669,2024-06-11,0.2291383134557846,643.5371332550629
2024-06-12,2024-06-12,7139.645833333333,0.0083656911939743,119.54335753946076,1740.1981229890791,0.2159177360186315,1692.6376877417174,0.2154898136220079,0.1116363636363636,0.19275,0.2965,0.2456249999999999,0.1876367180132537,0.1063227978413843,0.0521436064810926,18.31590909090909,16.929166666666667,14.695833333333333,9.6625,0.0,716.3854166666666,47.55833333333334,13.325,2024-06-12,0.2154898136220079,645.4715823473093
2024-06-13,2024-06-13,7275.833333333333,0.0082915748861048,120.61000380741112,1766.288189336754,0.1976164575937166,1727.350382254636,0.191314697265625,0.1038181818181818,0.1814583333333333,0.2900833333333333,0.2436666666666666,0.1794180486901304,0.0968921171149081,0.0475185428575431,17.561363636363637,16.227083333333333,14.502083333333331,10.05625,0.0,717.11875,39.025,13.891666666666666,2024-06-13,0.191314697265625,647.2805272343057
2024-06-14,2024-06-14,7233.395833333333,0.0083102110326338,120.34302693273504,1759.4408105448124,0.2024340630480426,1708.125892264362,0.2045579993206521,0.095695652173913,0.1707916666666666,0.28275,0.242,0.1711010684437208,0.0873486275025908,0.0428381546726549,17.125,16.545833333333334,15.029166666666669,10.35,0.0,716.8312500000001,50.41666666666666,12.333333333333334,2024-06-14,0.2045579993206521,646.4280728728119
2024-06-15,2024-06-15,7393.1875,0.0082052827106069,121.8791215786485,1776.2785732621776,0.1914500585902057,1728.240866822148,0.1911095152509973,0.0932173913043478,0.1630416666666666,0.2731666666666667,0.24075,0.165454103040876,0.0808689011997143,0.0396603197651647,14.752272727272729,14.26875,13.533333333333331,10.63125,0.75229996,713.8666666666667,62.39166666666667,9.808333333333334,2024-06-15,0.1911095152509973,653.5465733108665
2024-06-16,2024-06-16,7543.208333333333,0.0081156678677099,123.22698875483222,1782.0404330988758,0.1873260726061246,1745.470349443105,0.1800587972005208,0.092391304347826,0.1554583333333333,0.2630833333333333,0.2387083333333333,0.1603388277071065,0.0749992735745861,0.036781693926783,15.13181818181818,13.916666666666666,12.93125,10.4,0.0,710.6729166666668,41.708333333333336,12.716666666666669,2024-06-16,0.1800587972005208,650.9008884447811
2024-06-17,2024-06-17,7913.895833333333,0.0079152542086288,126.34622587314772,1808.528096871684,0.1714216003896214,1777.7719516284396,0.1619647482167119,0.0877391304347826,0.1449166666666666,0.25175,0.2362083333333333,0.1524768026346801,0.0659778316103743,0.0323573321791205,17.604545454545455,16.125,14.166666666666666,10.4,0.0,706.6958333333333,28.53333333333333,13.816666666666668,2024-06-17,0.1619647482167119,648.0872404585809
2024-06-18,2024-06-18,7960.895833333333,0.0079544733357622,125.72395056491148,1823.1040784833317,0.1632652424597046,1786.0652049169075,0.1576485011888587,0.0809565217391304,0.135375,0.23975,0.2340416666666666,0.1439840672344622,0.0562326681410817,0.0275780376218536,17.236363636363635,16.118750000000002,14.53125,10.63125,0.0,706.5666666666666,41.90833333333333,10.033333333333331,2024-06-18,0.1576485011888587,651.2610597769796
2024-06-19,2024-06-19,7715.166666666667,0.0080798987429546,123.77186300335816,1813.98460114484,0.1689167547719691,1770.165502601721,0.1669240099318484,0.0761739130434782,0.1279166666666666,0.2288333333333333,0.2319166666666667,0.1371803255327383,0.0484255751419944,0.0237492258018994,16.7,15.88125,14.491666666666667,10.86875,0.0,712.1020833333333,47.225,9.958333333333334,2024-06-19,0.1669240099318484,645.5552502704595
2024-06-20,2024-06-20,7456.791666666667,0.0082305646633505,121.51093963308318,1785.3280736546092,0.1853240779467619,1723.9988658461768,0.1934738159179687,0.0738695652173913,0.1237083333333333,0.2200833333333333,0.2297916666666667,0.1328617089171603,0.0434700899070569,0.0213189203804889,14.740909090909092,14.366666666666667,13.620833333333332,11.0,1.0997,715.5500000000001,56.79166666666666,12.375,2024-06-20,0.1934738159179687,662.84498866675
2024-06-21,2024-06-21,7179.229166666667,0.0083653129115473,119.55255544074932,1740.691041939574,0.2153932923683374,1676.179996926726,0.2278708599983377,0.1120454545454545,0.1217083333333333,0.213875,0.2275,0.1455551283853121,0.0580354144900253,0.0284621537109052,13.572727272727274,13.308333333333332,12.88125,10.75,10.2934,716.8895833333332,79.76666666666667,9.441666666666666,2024-06-21,0.2278708599983377,698.9197004559089
2024-06-22,2024-06-22,7008.479166666667,0.0084610825325736,118.1947829115746,1702.2897710482923,0.2454836884181303,1647.5864193133464,0.2528254191080729,0.2401363636363636,0.1949166666666666,0.2502916666666666,0.226,0.2268383414443882,0.1513055048957281,0.0742043556592243,13.695454545454544,13.185416666666669,12.579166666666666,10.699999999999998,12.188499,717.4562500000001,75.06666666666666,9.583333333333334,2024-06-22,0.2528254191080729,697.400535870961
2024-06-24,2024-06-24,7084.479166666667,0.0084038952136231,118.9991922962028,1713.0045469419802,0.2363070698855124,1656.8008954129018,0.2440145741338315,0.1999545454545454,0.204375,0.2606666666666666,0.2232083333333333,0.2163221509378598,0.1392384863521251,0.0682863599037291,16.88181818181818,15.43125,13.691666666666668,10.575,0.0,717.1854166666667,56.34166666666667,13.475,2024-06-24,0.2440145741338315,677.3961486194157
2024-06-25,2024-06-25,7209.4375,0.0083281065131155,120.0804659349602,1735.408199431247,0.2193500506107409,1682.0783198528984,0.2233114039644282,0.1735,0.1932916666666666,0.25025,0.22,0.1999517491575004,0.120453932979191,0.059073901438682,18.17727272727273,16.527083333333334,14.585416666666667,10.86875,0.0,717.4145833333333,50.725,14.258333333333333,2024-06-25,0.2233114039644282,674.6171860343992
2024-06-26,2024-06-26,7140.1875,0.0083710010498189,119.46629983792135,1753.2437354189458,0.2069049994332394,1686.9691399302974,0.2202154930601728,0.1508636363636363,0.1806666666666666,0.236625,0.2176666666666666,0.1839286942929121,0.1020679499508194,0.050056912765851,17.161363636363635,16.570833333333333,15.141666666666666,11.19375,0.0,717.8604166666668,58.325,14.125,2024-06-26,0.2202154930601728,677.8669407518297
2024-06-27,2024-06-27,7149.5625,0.0083418433298811,119.8930939657842,1740.0656615617995,0.2161244770777657,1670.00578124983,0.2332770164976728,0.1408636363636363,0.1745833333333333,0.22875,0.2154166666666666,0.1761951619495672,0.0931939496047089,0.0457048604181413,15.404545454545454,14.595833333333331,13.864583333333334,11.4125,2.0407,714.7041666666668,78.60833333333333,11.741666666666667,2024-06-27,0.2332770164976728,683.7956126075647
2024-06-28,2024-06-28,7268.208333333333,0.0083271714256867,120.10736277081752,1689.0258461389487,0.2564316032886898,1626.141749140835,0.2735995822482638,0.1713636363636363,0.1751666666666666,0.2205833333333333,0.212125,0.1862320883098965,0.1047110266713219,0.0513531498402254,14.97272727272727,14.670833333333334,13.954166666666666,11.38125,6.3374,712.7583333333333,78.96666666666667,10.083333333333334,2024-06-28,0.2735995822482638,697.839549929603
2024-06-29,2024-06-29,6927.166666666667,0.0085262286242287,117.29026455572026,1710.899981580691,0.2384717919551583,1645.4998336559888,0.255035400390625,0.2410909090909091,0.2093333333333333,0.2215416666666666,0.2094583333333333,0.2243820146645789,0.1484869423390012,0.0728220555337181,15.34772727272727,14.414583333333333,13.520833333333334,11.300000000000002,4.354,716.8208333333333,69.99166666666666,12.5,2024-06-29,0.255035400390625,707.7572491162599
2024-06-30,2024-06-30,6842.979166666667,0.008555606815946,116.8867261467204,1702.354097016968,0.2447066139675238,1630.8692256807474,0.2679826452376995,0.2248181818181818,0.2121666666666666,0.2231666666666666,0.2056249999999999,0.2190485479708435,0.1423669465615342,0.0698206423094136,16.643181818181816,15.597916666666668,14.26875,11.39375,0.86079997,719.1020833333333,66.72500000000001,13.941666666666668,2024-06-30,0.2679826452376995,703.4641919878155
2024-08-01,2024-08-01,7442.875,0.0082098020709043,121.81345761219752,1919.1853163751184,0.1177700958925214,1882.6618151072355,0.1154133189808238,0.0735813953488372,0.0746363636363636,0.0991818181818181,0.070590909090909,0.0793302127802114,0.0179557235707758,0.0088059776733357,16.304761904761904,15.736363636363636,15.018181818181818,12.729545454545455,0.0,720.4770833333333,30.975,14.775,2024-08-01,0.1154133189808238,689.1633907832099
2024-08-02,2024-08-02,7288.354166666667,0.0082833115210296,120.73195427826678,1918.3826123024696,0.1178999785650246,1866.876624966545,0.1214009602864583,0.0711304347826087,0.0737083333333333,0.0985416666666666,0.0699583333333333,0.0778932162940794,0.01960463466976,0.0096146487505961,17.854545454545455,17.010416666666668,15.66875,12.84375,0.0,722.4604166666667,39.85,16.291666666666668,2024-08-02,0.1214009602864583,691.9828439148599
2024-08-03,2024-08-03,7421.75,0.008194326658989,122.04354883278268,1921.7408078866088,0.1165843518432007,1869.86909704222,0.1202866574551196,0.067695652173913,0.0727083333333333,0.0972916666666666,0.068625,0.0758674251497347,0.0219291702788381,0.0107546645563491,18.4,17.604166666666668,16.2375,13.06875,0.0,720.9583333333334,38.88333333333333,16.325,2024-08-03,0.1202866574551196,690.1195072674358
2024-08-04,2024-08-04,7550.063829787234,0.0081599653259409,122.560768145886,1906.1641225084304,0.1232552507730193,1835.2086963218585,0.1349098899147727,0.0637948717948718,0.071,0.09635,0.068,0.0735495792092079,0.0245888301555005,0.0120590344638183,18.026315789473685,17.4775,16.65,13.3725,0.0,719.0999999999999,45.94893617021276,16.897872340425533,2024-08-04,0.1349098899147727,702.3030768156312
2024-08-05,2024-08-05,7270.791666666667,0.0083468883380899,119.8223101219846,1845.529464072208,0.1517530226466689,1765.6669478441358,0.1690914072888962,0.0756,0.0735416666666666,0.0970833333333333,0.0700416666666666,0.0792650460786975,0.0180305004393677,0.0088426502937793,16.068181818181817,16.245833333333334,15.90625,13.50625,5.2843,719.8104166666667,80.29166666666667,12.366666666666667,2024-08-05,0.1690914072888962,721.5148830402392
2024-08-06,2024-08-06,6993.791666666667,0.008428949313328,118.64743435425808,1804.8477880014032,0.1741235776371757,1728.3828497171128,0.1909219493036685,0.2117727272727272,0.1149583333333333,0.1149166666666666,0.0914583333333333,0.1509918637354438,0.0642739080059019,0.0315216814653573,14.525,14.385416666666666,14.364583333333334,13.3625,4.7560997,720.8375,74.875,13.125,2024-08-06,0.1909219493036685,715.871563733758
2024-08-07,2024-08-07,7155.541666666667,0.0083462767392137,119.82399668073424,1810.739715352087,0.1703732148389845,1737.9847596095194,0.1846021016438802,0.1639545454545454,0.1122916666666666,0.1132916666666666,0.0815833333333333,0.1304769336810528,0.0407336306370799,0.0199768859511647,15.284090909090908,15.214583333333332,14.772916666666667,13.199999999999998,1.2741,719.4625,68.19166666666666,13.933333333333332,2024-08-07,0.1846021016438802,720.3222836518486
2024-08-08,2024-08-08,7305.958333333333,0.0082604625406438,121.06552398642796,1821.37948000312,0.1647608297590898,1756.141861332032,0.1744430217337101,0.1384545454545454,0.1072916666666666,0.1111666666666666,0.076125,0.1180968568930747,0.0265278575409174,0.0130099864985087,14.38181818181818,14.458333333333334,14.327083333333334,13.1875,2.5657,717.7916666666666,70.28333333333333,12.058333333333332,2024-08-08,0.1744430217337101,720.9250152255644
2024-08-09,2024-08-09,7294.5,0.0082971385694009,120.52782872560265,1823.4713416490129,0.1631911258560722,1753.9987751315102,0.1752357482910156,0.1183181818181818,0.1000833333333333,0.1093333333333333,0.074,0.1073909063597161,0.0142430949614707,0.0069852031156265,14.463636363636365,14.483333333333334,14.177083333333334,12.9,0.0,718.0291666666667,67.2,12.475,2024-08-09,0.1752357482910156,716.7274446485803
2024-08-10,2024-08-10,7315.25,0.0082838379076958,120.73997355401924,1834.4430650593688,0.1579942725318182,1767.3907576931122,0.1686630249023437,0.1021363636363636,0.0927916666666666,0.1070833333333333,0.0733333333333333,0.0982076603583732,0.0037055909366169,0.0018173230906424,13.21818181818182,13.391666666666666,13.558333333333332,12.9,5.1919,718.7687500000001,76.94166666666666,10.533333333333331,2024-08-10,0.1686630249023437,718.9887513534267
2024-08-11,2024-08-11,6749.8125,0.0086553495532861,115.54451995229672,1708.950367857846,0.2397762767327909,1641.101071116553,0.2591221586186835,0.2262222222222222,0.118125,0.1129166666666666,0.072,0.1558376492126093,0.0698343039663001,0.0342486516422577,13.686363636363636,13.660416666666668,13.535416666666668,12.6,12.767799,718.7687500000001,79.60000000000001,10.708333333333334,2024-08-11,0.2591221586186835,709.9337265138686
2024-08-12,2024-08-12,6870.020833333333,0.0085042857506369,117.59393599076562,1754.7450296446475,0.2054961735076425,1688.5000390920404,0.2183443705240885,0.2115454545454545,0.1299166666666666,0.115625,0.072,0.1545111154159566,0.068312145546577,0.0335021435437939,14.329545454545457,14.247916666666669,13.808333333333332,12.6,2.7069,718.1437500000001,69.51666666666667,12.108333333333334,2024-08-12,0.2183443705240885,703.6066566541895
2024-08-13,2024-08-13,6963.791666666667,0.0084826250291797,117.8920214075456,1809.237626790272,0.1787814913513374,1734.288680170306,0.1960325849817154,0.174590909090909,0.1244166666666666,0.114,0.072,0.1380024606088381,0.0493689509017321,0.0242118830624142,13.3,13.56875,13.5,12.6,1.2078999,716.84375,83.38333333333334,10.35,2024-08-13,0.1960325849817154,720.8497718387281
2024-08-16,2024-08-16,7161.604166666667,0.0083409935387383,119.8942957672288,1855.9207227836475,0.1580343664182746,1800.8808702057756,0.1619306291852678,0.1856818181818181,0.135875,0.1164999999999999,0.0712083333333333,0.1464971253977988,0.0591163282877203,0.0289922633849478,12.938636363636364,12.841666666666669,12.65,12.0,0.0,717.9354166666667,53.975,13.033333333333331,2024-08-16,0.1619306291852678,719.6141528780753
2024-08-17,2024-08-17,7174.416666666667,0.0083687059878791,119.50145829359072,1798.6442231894955,0.1776085041456556,1743.249626918025,0.1818631490071614,0.1428181818181818,0.1222083333333333,0.112875,0.0708333333333333,0.124597449612851,0.033987096021359,0.0166682009536345,13.465909090909092,13.325,12.96875,12.0,0.0,719.25,51.23333333333333,13.308333333333332,2024-08-17,0.1818631490071614,706.0176714832024
2024-08-18,2024-08-18,7058.5,0.0084390993311519,118.50369074808305,1814.6323951959037,0.1681206886705888,1742.9562417141883,0.1818834387737771,0.1153181818181818,0.1080833333333333,0.1094583333333333,0.07,0.1085439988502559,0.0155662345962267,0.0076341069616029,13.622727272727271,13.55625,13.14375,12.0,1.4483,720.2854166666666,67.27499999999999,12.508333333333333,2024-08-18,0.1818834387737771,718.287043647005
2024-08-19,2024-08-19,7018.666666666667,0.0084056426872005,118.97498759027422,1811.577994361304,0.1698457636507834,1739.6937778246056,0.1837112751412899,0.1038181818181818,0.09725,0.107625,0.07,0.1001821477253434,0.0059712569738144,0.0029284676490977,13.379545454545456,13.170833333333334,12.96875,12.05,1.2595,720.4541666666668,78.03333333333333,12.191666666666665,2024-08-19,0.1837112751412899,725.4382788780075
2024-08-20,2024-08-20,7187.770833333333,0.0083171327259429,120.24402537056214,1823.1109501359117,0.1636587433310941,1757.4701856435568,0.1734657287597656,0.0966521739130434,0.0901666666666666,0.106,0.07,0.094758714181571,0.0002519731114596,0.0001235745017486,13.822727272727274,13.777083333333332,13.385416666666666,12.15625,0.0,720.8520833333333,63.95,13.016666666666666,2024-08-20,0.1734657287597656,712.7492728891839
2024-08-21,2024-08-21,7178.604166666667,0.008370844700262,119.483340706317,1782.9531631622517,0.1880321998291857,1711.0184840956404,0.2041491131449854,0.1546222222222222,0.0913333333333333,0.104,0.07,0.1172581343217,0.0255654481194227,0.0125379946099677,13.725,13.708333333333334,13.34375,12.300000000000002,2.7977998,720.0395833333333,70.88333333333334,12.441666666666668,2024-08-21,0.2041491131449854,738.7353582373237
2024-08-22,2024-08-22,7019.166666666667,0.0084905101334273,117.78838221367742,1714.1565254650257,0.2362276901914763,1637.6987029768018,0.2630349017204122,0.2518181818181818,0.1245833333333333,0.1120833333333333,0.07,0.1675544078753642,0.0832789390712472,0.040842268217699,13.186363636363636,13.314583333333331,13.16875,12.300000000000002,12.4045,718.4645833333334,89.51666666666667,10.033333333333331,2024-08-22,0.2630349017204122,725.9454088565252
2024-08-23,2024-08-23,6903.854166666667,0.0084917284637606,117.76814772166608,1713.996112708211,0.2357215730976914,1642.2899807335557,0.2574953825577445,0.2441818181818181,0.14025,0.119,0.0702916666666666,0.1711580637922777,0.0874140279845913,0.042870228856803,12.61818181818182,12.827083333333334,12.825,12.300000000000002,4.9258,717.0229166666667,87.89999999999999,10.4,2024-08-23,0.2574953825577445,732.5265904797686
2024-08-24,2024-08-24,6963.125,0.008471778505752,118.04420525677332,1719.717972668288,0.2308405776435975,1651.9292717830294,0.2480252583821614,0.2384545454545454,0.1392916666666666,0.1191666666666666,0.0704166666666666,0.1686660307287479,0.0845544935200704,0.0414678349877145,12.811363636363636,12.810416666666669,12.71875,12.03125,2.6945999,717.6520833333334,81.2,10.333333333333334,2024-08-24,0.2480252583821614,731.3475496860916
2024-08-25,2024-08-25,6919.375,0.0085248956431917,117.311752045832,1720.6497179979413,0.2302902943562212,1657.5767481949415,0.2433465186585771,0.2407727272727272,0.138,0.118375,0.0703333333333333,0.1689734291090524,0.0849072240980401,0.0416408237053265,12.211363636363636,12.38125,12.49375,12.0,2.0326,718.7083333333334,77.40833333333333,9.866666666666667,2024-08-25,0.2433465186585771,733.5909209041844
2024-08-26,2024-08-26,6834.958333333333,0.0085444729024042,117.04080411414668,1717.24999894398,0.2329783271618725,1657.9131055084083,0.242974853515625,0.2508636363636363,0.1377916666666666,0.118125,0.07,0.1727559182201959,0.0892475188289895,0.0437694228868512,11.738636363636363,11.8875,12.075,11.983333333333334,3.8521,720.1208333333334,71.875,10.233333333333333,2024-08-26,0.242974853515625,730.3200090768611
2024-08-27,2024-08-27,6913.791666666667,0.008496560253233,117.70095019546623,1737.3458888117468,0.2179829865945723,1685.3428967671507,0.2209479149351728,0.2339090909090909,0.1349166666666666,0.1168333333333333,0.07,0.164948918081599,0.0802892163539748,0.0393760264706599,11.606818181818182,11.708333333333334,11.860416666666666,11.6,0.0,720.3249999999999,67.2,10.1,2024-08-27,0.2209479149351728,728.127328312883
2024-08-28,2024-08-28,7154.3125,0.0083108522278197,120.34017542074196,1758.4421343534027,0.2036931435905993,1707.3719769147572,0.2054390285326087,0.1966363636363636,0.1287083333333333,0.1145,0.07,0.1479332053025526,0.0607641876365979,0.0298004186552055,12.163636363636364,12.260416666666666,12.11875,11.6,0.0,718.15625,58.075,10.908333333333331,2024-08-28,0.2054390285326087,719.0686364095857
2024-08-29,2024-08-29,7356.4375,0.0082512171086206,121.20042221118622,1809.347882957384,0.1716582496410582,1762.4167133376864,0.1710098930027173,0.1664545454545454,0.1224166666666666,0.1131249999999999,0.07,0.1338609463436778,0.044616685392158,0.0218812421494975,11.404545454545454,11.697916666666666,11.854166666666666,11.6,0.0,717.0020833333333,55.75,10.291666666666666,2024-08-29,0.1710098930027173,727.3554035669483
2024-08-30,2024-08-30,7294.75,0.0082795183679592,120.78700267904912,1814.3332128882928,0.1687181187457149,1772.7008270470744,0.1652669703706782,0.1409090909090909,0.11475,0.1104166666666666,0.07,0.1208585170010109,0.0296967810891269,0.014564113231639,10.347727272727273,10.71875,11.210416666666667,11.44375,0.0,719.8145833333333,52.61666666666667,9.866666666666667,2024-08-30,0.1652669703706782,710.3742847807478
2024-08-31,2024-08-31,7319.104166666667,0.0082793889418789,120.78723851880922,1823.021374568816,0.1636182115678657,1780.435516068311,0.160964641165226,0.114590909090909,0.1031666666666666,0.1074583333333333,0.0697083333333333,0.1062207060822614,0.012900324645641,0.0063266718470309,11.25,11.304166666666667,11.335416666666667,11.300000000000002,0.0,720.3708333333334,45.19166666666666,10.95,2024-08-31,0.160964641165226,697.7425360763315
2024-09-01,2024-09-01,7368.854166666667,0.0082098393615261,121.8130355919498,1849.00093132167,0.1497753299343814,1803.8260541553195,0.1489655867866847,0.0958695652173913,0.090125,0.104625,0.068,0.0939994135661215,0.0011232481802318,0.0005508716124832,11.604545454545455,11.835416666666667,11.752083333333331,11.300000000000002,0.0,720.2791666666667,51.34166666666667,10.6,2024-09-01,0.1489655867866847,701.9156079915844
2024-09-02,2024-09-02,7501.0,0.008176181047658,122.31225843588618,1850.4121547018767,0.1490690438184615,1799.9978336031472,0.1510391235351562,0.0888260869565217,0.083125,0.1015833333333333,0.068,0.0883395671944317,0.0076177550150715,0.0037359552968859,11.05,11.060416666666669,11.2625,11.300000000000002,0.0,719.9666666666667,49.05833333333334,11.083333333333334,2024-09-02,0.1510391235351562,707.0299820646993
2024-09-03,2024-09-03,7393.395833333333,0.0082130165098183,121.7643358386403,1840.6851295395325,0.1540677448398138,1786.156922389128,0.1578191121419271,0.0869130434782608,0.080375,0.1001666666666666,0.068,0.0863998061318869,0.0098435736418219,0.0048275575959968,11.947727272727274,11.914583333333333,11.65625,11.18125,0.0,719.0437499999999,69.20833333333333,10.15,2024-09-03,0.1578191121419271,713.066233088366
2024-09-04,2024-09-04,7421.916666666667,0.0082335086795484,121.46378778330092,1850.66794726986,0.1492187803828289,1796.2558633068904,0.1529391674285239,0.0848717948717948,0.0784,0.0999,0.068,0.0849117238886918,0.0115511041408076,0.0056649772294268,11.321052631578947,11.645,11.905,11.2925,0.0,719.3166666666666,59.41666666666666,10.433333333333334,2024-09-04,0.1529391674285239,709.5997236277527
2024-09-05,2024-09-05,7077.791666666667,0.0084600608525821,118.21132763420482,1838.9374899553568,0.155252824004838,1774.7058227218497,0.1642124906499335,0.0835652173913043,0.0769166666666666,0.0986666666666666,0.0662083333333333,0.0835305402184513,0.0131359716791588,0.0064422395938703,11.206818181818182,11.55625,11.64375,11.300000000000002,2.2103999,720.9770833333333,81.74166666666666,7.708333333333333,2024-09-05,0.1642124906499335,719.8821677433967
2024-09-06,2024-09-06,6917.375,0.0084848559566421,117.86522867998497,1837.433143029392,0.1560292088144158,1785.2780081660885,0.1584894707862367,0.0893478260869565,0.0774583333333333,0.0987083333333333,0.0670416666666666,0.0860227148133063,0.0102762748116152,0.0050397660779,10.259090909090908,10.510416666666666,10.925,11.21875,0.81869996,721.9416666666666,71.91666666666667,8.408333333333333,2024-09-06,0.1584894707862367,716.4331728512896
2024-09-07,2024-09-07,7030.354166666667,0.0084109122635913,118.90391826456342,1851.538376592291,0.1486734738502479,1798.930180707857,0.1515388488769531,0.0854782608695652,0.0775833333333333,0.099125,0.066,0.0845755549200854,0.0119368481205729,0.0058541566217274,11.53181818181818,11.53125,11.295833333333334,11.0,0.0,719.8458333333333,59.89166666666667,10.425,2024-09-07,0.1515388488769531,707.5303011238105
2024-09-08,2024-09-08,7227.5,0.008303185815137,120.44558988537996,1877.971956674293,0.1360496450481526,1828.6540140381032,0.1377703348795572,0.081695652173913,0.0764166666666666,0.098375,0.0660833333333333,0.0825693599159647,0.0142388977365226,0.0069831446817774,11.629545454545454,11.664583333333333,11.50625,11.0,0.0,717.8354166666667,56.675,10.475,2024-09-08,0.1377703348795572,705.5257534191109
2024-09-09,2024-09-09,7269.125,0.0083084614790829,120.36477246773394,1912.6397148573824,0.1207071084315494,1861.405912621704,0.123843106356534,0.0794782608695652,0.0748333333333333,0.0972083333333333,0.066,0.0809353326897944,0.016113895800385,0.0079026949868841,11.222727272727273,11.33125,11.370833333333332,11.0,0.0,717.94375,55.8,9.891666666666667,2024-09-09,0.123843106356534,712.6485730018018
2024-09-10,2024-09-10,7257.520833333333,0.0082889246169071,120.65099679385185,1892.217074278287,0.1293329547551585,1838.43931384889,0.1333273182744565,0.0776086956521739,0.0734583333333333,0.096125,0.066,0.079527778880164,0.0177290222961806,0.0086947971712115,11.222727272727273,11.36875,11.325,11.0,0.478,716.8333333333334,64.53333333333333,9.466666666666669,2024-09-10,0.1333273182744565,702.6901822217602
2024-09-11,2024-09-11,7511.208333333333,0.0081163271470093,123.21756155371123,1886.46451613932,0.1316530369034396,1832.5298253942997,0.1356259609790558,0.0764782608695652,0.0728333333333333,0.0952916666666666,0.066,0.0787039380176756,0.0186743553955053,0.0091584143645652,11.222727272727273,11.397916666666667,11.35,11.0,3.1137998,713.49375,64.44166666666666,8.875,2024-09-11,0.1356259609790558,699.5206323381777
2024-09-12,2024-09-12,7910.208333333333,0.0079169338231463,126.32414824973522,1885.5431218590008,0.1338275984107635,1844.9217232233584,0.131917101271609,0.0753478260869565,0.071625,0.094,0.06575,0.0775744985550424,0.0199703538781318,0.009794007447612,10.081818181818182,10.316666666666666,10.68125,10.9875,1.8899,708.3312500000001,47.775,10.941666666666668,2024-09-12,0.131917101271609,690.4918554318577
2024-09-13,2024-09-13,7896.104166666667,0.0079957152372969,125.07130947491912,1933.0249006925176,0.1119051135318057,1898.365236690566,0.1094379830867686,0.0744782608695652,0.0710833333333333,0.0935416666666666,0.064,0.0768391902760583,0.0208140984482076,0.0102078028492175,11.084090909090907,11.09375,10.95,10.699999999999998,0.0,710.7312499999999,41.98333333333333,9.5,2024-09-13,0.1094379830867686,697.3252299073799
2024-09-14,2024-09-14,7682.541666666667,0.0080687542217733,123.94122089172032,1929.5944328928076,0.1134486853701015,1894.3345700217085,0.1110659512606534,0.0729565217391304,0.0702916666666666,0.0933333333333333,0.064,0.0759466152963516,0.0218383019204622,0.0107101002294414,11.072727272727272,11.135416666666666,11.066666666666668,10.699999999999998,0.0,714.6999999999999,42.266666666666666,9.05,2024-09-14,0.1110659512606534,692.8066628119628
2024-09-15,2024-09-15,7697.895833333333,0.0080822694801526,123.73577358917352,1925.305643904923,0.1150914693879519,1877.8418796033764,0.117371992631392,0.0715652173913043,0.0698333333333333,0.092875,0.064,0.0751571271030853,0.0227442163447193,0.0111543854270007,11.177272727272728,11.547916666666666,11.377083333333331,10.75,0.0,714.7354166666668,49.74166666666667,8.566666666666666,2024-09-15,0.117371992631392,697.4243190620675
2024-09-16,2024-09-16,7329.260869565217,0.0081322681521259,122.97534725199456,1892.16097298324,0.1294543474235868,1836.658492814343,0.1342255348382994,0.0703181818181818,0.0687826086956521,0.0921304347826086,0.064,0.0741704917461678,0.0238763513265177,0.0117096153699001,9.52142857142857,10.002173913043478,10.504347826086956,10.7,1.8944999,713.1541666666667,65.72500000000001,8.575,2024-09-16,0.1342255348382994,691.8756892947716
2024-09-17,2024-09-17,7556.708333333333,0.0081369322573092,122.90319153388609,1873.0125156913664,0.1382339952467484,1821.184162114642,0.1411872016059027,0.0709166666666666,0.0686666666666666,0.0918333333333333,0.063875,0.0742922311116711,0.0237366589940041,0.0116411064314325,9.797916666666667,10.0,10.225,10.5625,1.3772,710.4604166666667,66.43333333333334,8.950000000000001,2024-09-17,0.1411872016059027,692.7053984222097
2024-09-18,2024-09-18,7648.895833333333,0.0080840220975359,123.70354057665578,1908.3886042619529,0.1220876430398906,1875.479031429035,0.1179587624289772,0.0702499999999999,0.0678333333333333,0.0913333333333333,0.063,0.0735940139013634,0.0245378426563783,0.0120340288004643,8.122916666666667,8.725,9.5,10.3875,2.7972999,709.69375,48.79166666666666,6.508333333333333,2024-09-18,0.1179587624289772,700.7839176971411
2024-09-19,2024-09-19,7563.458333333333,0.0081425146632075,122.81594371782698,1907.69557885085,0.12244494396269,1870.596148771748,0.1199486142113095,0.07075,0.0680416666666666,0.0912083333333333,0.062,0.0737584126556022,0.0243491999330734,0.0119415132522541,8.822916666666666,9.066666666666666,9.402083333333334,10.1,0.0,712.5895833333334,49.45,7.425,2024-09-19,0.1199486142113095,692.2547865979702
2024-09-20,2024-09-20,7636.125,0.0080751121471391,123.8462218206906,1924.6523324715256,0.1153293879220199,1886.9439508848372,0.1137293035333806,0.0719583333333333,0.0688333333333333,0.0917083333333333,0.062,0.0745930121232236,0.0233915216515687,0.0114718416440938,11.0875,10.627083333333331,10.11875,10.0875,0.0,712.4958333333334,44.91666666666666,10.308333333333334,2024-09-20,0.1137293035333806,691.1417009656055
2024-09-21,2024-09-21,7711.0,0.0081333535955411,123.00715196146616,1898.2501732353944,0.1294410992511973,1856.3891963954245,0.1290119969567587,0.0704583333333333,0.0685,0.0918333333333333,0.062,0.0739294286149555,0.0241529641620034,0.0118452738658578,10.360416666666667,10.86875,10.804166666666667,10.11875,0.0,711.5020833333333,51.36666666666667,7.3,2024-09-21,0.1290119969567587,718.8756018717686
2024-09-22,2024-09-22,6977.020833333333,0.0084639851998589,118.15181025888393,1773.6760273462205,0.1926777424655708,1725.0354117530658,0.1927670565518466,0.2483333333333333,0.1305833333333333,0.1130833333333333,0.0637916666666666,0.1679136386545607,0.0836911457987029,0.0410444256648476,6.33125,7.270833333333333,8.685416666666667,10.075,17.4012,712.9979166666667,88.825,2.7916666666666665,2024-09-22,0.1927670565518466,722.5261252206536
2024-09-23,2024-09-23,7028.958333333333,0.0084208055634795,118.7618739328081,1790.3467115629064,0.182480779813616,1745.167616795507,0.1805156360973011,0.231625,0.1424166666666666,0.11725,0.0659166666666666,0.1662780773957249,0.0818143874775868,0.0401240120814655,7.354166666666667,7.633333333333333,8.25,9.69375,0.0008,714.2312499999999,77.05833333333334,5.166666666666667,2024-09-23,0.1805156360973011,723.8435332642377
2024-09-24,2024-09-24,7154.604166666667,0.0083416423407837,119.8844914942991,1805.630660587784,0.1733074763100025,1759.9772571251235,0.171783447265625,0.2095833333333333,0.141625,0.116,0.066,0.1571759144300874,0.0713699238455274,0.0350017616084422,8.612499999999999,8.674999999999999,8.768749999999999,9.5,0.0,715.1416666666668,65.91666666666667,6.958333333333333,2024-09-24,0.171783447265625,709.0828853380195
2024-09-25,2024-09-25,7205.270833333333,0.0083285203017175,120.07383785522067,1821.7303098990872,0.1642011880046493,1772.913481369149,0.1647061434659091,0.1887916666666666,0.139,0.114625,0.066,0.1479375231393138,0.0607691422269728,0.0298028485217631,9.625,9.483333333333333,9.3125,9.5,0.0,716.7166666666667,59.91666666666666,10.025,2024-09-25,0.1647061434659091,706.5727781424113
2024-09-26,2024-09-26,7242.395833333333,0.0083183813442083,120.22115132060532,1846.6656799290656,0.1510431205973872,1799.8759217364768,0.1509351942274305,0.1699583333333333,0.13525,0.1135416666666666,0.066,0.1391636222123904,0.0507013496057577,0.0248653278090646,10.575,10.4375,10.08125,9.5625,0.0,716.3270833333332,52.53333333333333,11.166666666666666,2024-09-26,0.1509351942274305,707.4821673275186
2024-09-27,2024-09-27,7233.020833333333,0.0083089535343844,120.35630559586686,1845.6707442413951,0.1516635642516633,1800.8302177219662,0.1506245930989583,0.1535833333333333,0.1311666666666666,0.1120416666666666,0.066,0.131147933173423,0.0415035827706165,0.0203544915247153,10.54375,10.595833333333331,10.40625,9.8,0.0,717.6979166666666,50.333333333333336,10.841666666666669,2024-09-27,0.1506245930989583,692.3902485045231
2024-09-28,2024-09-28,7220.333333333333,0.0083217448211256,120.171656250521,1859.3994452641864,0.1447382673400304,1812.0585435018947,0.1451554731889204,0.139875,0.126875,0.1109166666666666,0.066,0.124185475809248,0.0335143682284886,0.0164363623216143,10.6125,10.5625,10.40625,9.925,0.0,718.9812499999999,47.88333333333333,11.958333333333334,2024-09-28,0.1451554731889204,698.1106470186179
2024-09-29,2024-09-29,7354.708333333333,0.0082262449233971,121.568055422542,1877.3184805499848,0.1361385954728296,1831.0361492694944,0.1365753173828125,0.1272083333333333,0.121625,0.1092083333333333,0.066,0.1171922876575592,0.0254898910137646,0.0125009393399384,11.35,11.1875,10.8,10.09375,0.0,718.5583333333334,47.84166666666667,12.45,2024-09-29,0.1365753173828125,692.108853158801
2024-09-30,2024-09-30,7415.0,0.0080866352639867,123.66082645688569,1947.471380035709,0.10601278426771,1901.9681034528007,0.107879638671875,0.124,0.12,0.108,0.066,0.1151558364484191,0.0231531232946386,0.0113549245730433,16.0,13.5,11.0,10.1,0.0,716.7,32.0,16.2,2024-09-30,0.107879638671875,690.1637563552512
2023-06-27,,,,,,,,,,,,,,,,,,,,,,,,,,658.4145362606611
2023-06-28,,,,,,,,,,,,,,,,,,,,,,,,,,668.3998538706945
2023-06-29,,,,,,,,,,,,,,,,,,,,,,,,,,664.6881627447931
2023-06-30,,,,,,,,,,,,,,,,,,,,,,,,,,669.5064926678077
2024-05-30,,,,,,,,,,,,,,,,,,,,,,,,,,669.0604704930547
2024-05-31,,,,,,,,,,,,,,,,,,,,,,,,,,669.6643499163173
2024-06-01,,,,,,,,,,,,,,,,,,,,,,,,,,661.1673658272551
2024-06-02,,,,,,,,,,,,,,,,,,,,,,,,,,661.8742957255015
2024-06-03,,,,,,,,,,,,,,,,,,,,,,,,,,667.6465120172791
2024-06-04,,,,,,,,,,,,,,,,,,,,,,,,,,669.4753481727164
2024-06-05,,,,,,,,,,,,,,,,,,,,,,,,,,655.800566570047
2024-06-23,,,,,,,,,,,,,,,,,,,,,,,,,,675.1584700375289
2024-07-01,,,,,,,,,,,,,,,,,,,,,,,,,,706.6102438892335
2024-07-02,,,,,,,,,,,,,,,,,,,,,,,,,,703.4609203713436
2024-07-03,,,,,,,,,,,,,,,,,,,,,,,,,,717.5438068605841
2024-07-04,,,,,,,,,,,,,,,,,,,,,,,,,,703.5407681753663
2024-07-05,,,,,,,,,,,,,,,,,,,,,,,,,,693.516151280241
2024-07-06,,,,,,,,,,,,,,,,,,,,,,,,,,690.261401289585
2024-07-07,,,,,,,,,,,,,,,,,,,,,,,,,,687.4367260873173
2024-07-08,,,,,,,,,,,,,,,,,,,,,,,,,,678.8664232036565
2024-07-09,,,,,,,,,,,,,,,,,,,,,,,,,,680.4769314709157
2024-07-10,,,,,,,,,,,,,,,,,,,,,,,,,,684.1643327874651
2024-07-11,,,,,,,,,,,,,,,,,,,,,,,,,,691.7888205014582
2024-07-12,,,,,,,,,,,,,,,,,,,,,,,,,,686.9932438196677
2024-07-13,,,,,,,,,,,,,,,,,,,,,,,,,,684.1176861762174
2024-07-14,,,,,,,,,,,,,,,,,,,,,,,,,,689.0286894021618
2024-07-15,,,,,,,,,,,,,,,,,,,,,,,,,,695.9318487352396
2024-07-16,,,,,,,,,,,,,,,,,,,,,,,,,,711.4068250769942
2024-07-17,,,,,,,,,,,,,,,,,,,,,,,,,,707.3692553828042
2024-07-18,,,,,,,,,,,,,,,,,,,,,,,,,,698.0741960901099
2024-07-19,,,,,,,,,,,,,,,,,,,,,,,,,,704.0256484812115
2024-07-20,,,,,,,,,,,,,,,,,,,,,,,,,,698.2158117865429
2024-07-21,,,,,,,,,,,,,,,,,,,,,,,,,,694.1580211273695
2024-07-22,,,,,,,,,,,,,,,,,,,,,,,,,,692.3039070562519
2024-07-23,,,,,,,,,,,,,,,,,,,,,,,,,,691.211694571206
2024-07-24,,,,,,,,,,,,,,,,,,,,,,,,,,695.5372785756473
2024-07-25,,,,,,,,,,,,,,,,,,,,,,,,,,683.4511616547882
2024-07-26,,,,,,,,,,,,,,,,,,,,,,,,,,698.2011934525055
2024-07-27,,,,,,,,,,,,,,,,,,,,,,,,,,713.7559222175933
2024-07-28,,,,,,,,,,,,,,,,,,,,,,,,,,709.0601903230155
2024-07-29,,,,,,,,,,,,,,,,,,,,,,,,,,701.9780206046139
2024-07-30,,,,,,,,,,,,,,,,,,,,,,,,,,691.7470031040249
2024-07-31,,,,,,,,,,,,,,,,,,,,,,,,,,691.0213781750595
2024-08-15,,,,,,,,,,,,,,,,,,,,,,,,,,725.7400576729402
